lemma,form,count,total
ab,a,293,437
ab,ab,133,437
ab,A,6,437
ab,Ab,4,437
ab,abs,1,437
abdo,abdere,1,3
abdo,abdidit,1,3
abdo,abdiderunt,1,3
abduco,abduxerant,1,3
abduco,abduxerat,1,3
abduco,abducti,1,3
abeo,abeundi,2,4
abeo,abire,1,4
abeo,abiit,1,4
aberro,aberrabat,1,1
abfo,abfuerunt,1,1
abhorreo,abhorrent,2,5
abhorreo,abhorrere,2,5
abhorreo,abhorret,1,5
abicio,abiecissent,1,2
abicio,abiecto,1,2
abiectus,abiectissimis,1,1
abieo,abiisse,1,1
ablego,ablegaret,2,8
ablego,ablegatus,2,8
ablego,ablegarentur,1,8
ablego,ablegati,1,8
ablego,ablegabat,1,8
ablego,ablegarunt,1,8
abluo,abluentes,1,2
abluo,abluti,1,2
abnavigo,abnavigavit,1,1
abnego,abnegandum,1,1
abneo,abnuisset,1,1
aboleo,abolendam,1,1
abolitio,abolitionem,1,1
abomino,abominari,1,1
abradeo,abraderent,1,2
abradeo,abradebant,1,2
abripio,abreptos,1,2
abripio,abrepta,1,2
abrumpo,abrupit,2,2
abscedo,abscedere,1,1
absentia,absentia,1,1
absimilis,absimiles,1,1
absoluo,absoluto,1,1
absolutus,absolutissimi,1,1
absorptus,absorpti,1,1
absque,absque,2,2
absterro,absterreri,1,1
abstineo,abstinebant,1,4
abstineo,abstinere,1,4
abstineo,abstinuit,1,4
abstineo,abstinuisse,1,4
abstraho,abstrahi,1,2
abstraho,abstractus,1,2
absum,aberant,2,8
absum,aberat,2,8
absum,abesset,1,8
absum,abest,1,8
absum,absit,1,8
absum,abessent,1,8
absumo,absumpsisse,1,1
abundantus,abundantissima,1,1
abunde,abunde,2,2
abundo,abundent,1,2
abundo,abundat,1,2
abusus,abusu,1,2
abusus,abusus,1,2
abuto,abutens,1,1
Academias,Academias,1,1
acascicamo,Acascicamone,1,1
acascicamon,Acascicamon,2,4
acascicamon,Acascicamonem,2,4
accedo,Accedebat,2,13
accedo,accessit,2,13
accedo,Accedit,2,13
accedo,accesserant,1,13
accedo,accedunt,1,13
accedo,accedit,1,13
accedo,accedat,1,13
accedo,accedentibus,1,13
accedo,accesserunt,1,13
accedo,accedere,1,13
accendo,accendit,3,4
accendo,accenderet,1,4
accenseo,accenseas,1,1
accepto,acceptetur,1,1
accer,accerrime,1,1
accergo,accersit,1,1
accessio,accessio,2,4
accessio,accessione,1,4
accessio,accessionem,1,4
accido,acciderunt,4,10
accido,accidit,3,10
accido,acciderit,1,10
accido,Accidit,1,10
accido,accidisse,1,10
accio,accitae,1,2
accio,accivit,1,2
accipio,accepit,5,29
accipio,accepta,4,29
accipio,acceptam,3,29
accipio,acceperunt,2,29
accipio,acciperet,2,29
accipio,accipiunt,2,29
accipio,acceptas,1,29
accipio,Accepta,1,29
accipio,accipit,1,29
accipio,acceptis,1,29
accipio,accipere,1,29
accipio,acciperent,1,29
accipio,acceperant,1,29
accipio,accepissent,1,29
accipio,accepto,1,29
accipio,acceperit,1,29
accipio,acceperat,1,29
accives,Accivitis,1,1
acco,acco,1,1
accurate,accurate,1,2
accurate,accuratius,1,2
accuratus,accurata,1,1
accusatio,accusationes,1,2
accusatio,accusationum,1,2
accusator,accusatoris,2,3
accusator,accusatori,1,3
accuso,accusabat,1,2
accuso,accusatus,1,2
acer,acre,1,6
acer,acerrime,1,6
acer,acerrimis,1,6
acer,acriores,1,6
acer,acrem,1,6
acer,acriq,1,6
acerbus,acerbissimae,1,2
acerbus,acerbis,1,2
achilleus,Achilleus,1,1
acies,acie,1,3
acies,aciem,1,3
acies,acies,1,3
acinacis,acinace,1,1
acinax,acinacem,1,2
acinax,acinaces,1,2
acius,Aciam,1,2
acius,aciam,1,2
acquiesco,acquievit,2,3
acquiesco,Acquievit,1,3
acquisivo,acquisivissent,1,1
acrius,acria,1,1
actus,actuum,1,1
acumen,acumen,1,1
ad,ad,448,466
ad,Ad,16,466
ad,AD,2,466
adamantinus,adamantinum,1,1
adamus,Adamo,3,5
adamus,Adamus,1,5
adamus,Adamum,1,5
addco,adduxere,1,1
addico,addicti,2,4
addico,addicta,1,4
addico,addictus,1,4
addisco,addiscendam,2,3
addisco,addiscendis,1,3
addo,addidit,4,17
addo,additus,2,17
addo,additis,1,17
addo,addituram,1,17
addo,addendum,1,17
addo,adderet,1,17
addo,adderemus,1,17
addo,addebatur,1,17
addo,Addidit,1,17
addo,addebat,1,17
addo,addere,1,17
addo,addebamus,1,17
addo,Addebat,1,17
adducio,adducturi,1,1
adduco,adducti,3,15
adduco,adductum,2,15
adduco,adduxit,1,15
adduco,adducentes,1,15
adduco,adduxerunt,1,15
adduco,adducar,1,15
adduco,adductis,1,15
adduco,adducturum,1,15
adduco,adduceret,1,15
adduco,adduxerat,1,15
adduco,adduxissent,1,15
adduco,adducturus,1,15
ade,ade,1,1
ademptaque,ademptaque,1,1
adeo,adeo,8,15
adeo,adeundo,1,15
adeo,adiit,1,15
adeo,adit,1,15
adeo,adierunt,1,15
adeo,adeund,1,15
adeo,adiisset,1,15
adeo,adirent,1,15
adeoque,adeoque,2,2
adfsum,adfuturum,1,1
adfuereque,Adfuere,1,1
Adhaec,Adhaec,2,2
adhaetto,adhaesisset,1,1
adhibeo,adhibere,3,10
adhibeo,adhibent,2,10
adhibeo,adhiberent,1,10
adhibeo,adhibuere,1,10
adhibeo,adhiberentur,1,10
adhibeo,adhibitis,1,10
adhibeo,adhibuit,1,10
adhuc,adhuc,15,15
adicio,adiecta,3,4
adicio,adiecto,1,4
adieo,adiimus,1,1
adigo,adactis,1,2
adigo,adigere,1,2
adiicio,adieci,1,1
adimo,ademit,1,1
adipiscor,adeptus,1,1
adisgno,adisgnaturum,1,1
aditus,aditus,3,7
aditus,aditu,2,7
aditus,aditum,2,7
adiumentum,adiumento,1,1
adiungo,adiunxit,5,18
adiungo,adiuncti,3,18
adiungo,adiungere,2,18
adiungo,adiunxisset,1,18
adiungo,adiunctis,1,18
adiungo,adiuncto,1,18
adiungo,adiungeret,1,18
adiungo,adiunxerat,1,18
adiungo,adiungebant,1,18
adiungo,adiungamus,1,18
adiungo,adiungant,1,18
adiunximus,adiunximus,1,1
adiuro,adiurabant,1,1
adiuuo,adiutus,3,6
adiuuo,adiuvante,2,6
adiuuo,adiuti,1,6
administratio,administratione,2,3
administratio,administrationem,1,3
administro,administrasset,1,4
administro,administratorum,1,4
administro,administrandi,1,4
administro,administravi,1,4
admir,admir,1,1
admirabilis,admirabili,1,2
admirabilis,admirabilium,1,2
admiratio,admiratio,1,2
admiratio,admirationem,1,2
admiror,admiremur,1,1
admiser,admiser,1,1
admito,admitunt,1,1
admitto,admissi,5,25
admitto,admittere,3,25
admitto,admisit,3,25
admitto,admissis,1,25
admitto,admittebatur,1,25
admitto,admitterent,1,25
admitto,admissas,1,25
admitto,admittendas,1,25
admitto,admittat,1,25
admitto,admittit,1,25
admitto,Admisit,1,25
admitto,admiserint,1,25
admitto,admissurum,1,25
admitto,admisissent,1,25
admitto,admiserant,1,25
admitto,admissus,1,25
admitto,admiserat,1,25
admo,admo,1,1
admodum,admodum,11,13
admodum,ADMODUM,2,13
admoneo,admonitus,4,17
admoneo,admoniti,3,17
admoneo,admonebat,2,17
admoneo,admonetur,2,17
admoneo,admoneretur,1,17
admoneo,admonet,1,17
admoneo,admonere,1,17
admoneo,admonens,1,17
admoneo,admonendum,1,17
admoneo,admoneat,1,17
admunero,admunerando,1,1
adnuo,annuente,1,1
ado,adi,1,1
adolescens,adolescentis,1,1
adolescentia,adolescentia,1,1
adolescentulus,adolescentulus,1,1
adolesco,adolescens,2,4
adolesco,adolescenti,2,4
adoptivus,adoptivus,1,1
adopto,adoptatam,1,1
adorior,adoritur,1,2
adorior,adoriri,1,2
adorno,adornata,1,1
adoro,adorandam,1,2
adoro,adoraretur,1,2
adprecor,adprecandum,1,1
adscio,Adscivit,1,1
adscisco,adsciscerent,1,2
adscisco,adsciscere,1,2
adscribo,adscriptos,1,1
adsigno,adsignaturum,1,2
adsigno,adsignavimus,1,2
Adstatus,adstatum,1,1
adsum,adfuit,5,29
adsum,adesse,5,29
adsum,adest,3,29
adsum,Adest,3,29
adsum,Adsunt,3,29
adsum,adsunt,3,29
adsum,adesset,2,29
adsum,adessent,1,29
adsum,aderit,1,29
adsum,aderant,1,29
adsum,aderis,1,29
adsum,Aderat,1,29
aduenio,advenit,2,3
aduenio,Advenit,1,3
adulor,adulabantur,1,1
adv,adv,1,1
adveho,advectas,1,1
advehor,advehebantur,1,1
advener,advener,1,1
advenio,advenirent,2,16
advenio,advenerant,2,16
advenio,advenientes,2,16
advenio,advenisse,2,16
advenio,advenissent,2,16
advenio,advenerat,2,16
advenio,advenientibus,1,16
advenio,adveniret,1,16
advenio,advenere,1,16
advenio,advenire,1,16
advento,adventare,1,1
adventus,adventu,6,9
adventus,adventum,3,9
adversarius,adversarii,2,7
adversarius,adversarius,1,7
adversarius,adversario,1,7
adversarius,adversari,1,7
adversarius,adversariis,1,7
adversarius,adversarios,1,7
adversitas,adversitatibus,1,1
adversor,adversabantur,1,1
adversus,adversus,5,9
adversus,adverso,2,9
adversus,adversas,1,9
adversus,adversa,1,9
adverto,adversis,1,2
adverto,advertisset,1,2
advigilo,advigilarent,1,1
advoco,advocarunt,2,4
advoco,Advocatur,1,4
advoco,advocare,1,4
advolatura,advolaturas,1,1
advolo,advolant,1,3
advolo,advolarint,1,3
advolo,advolaret,1,3
aedes,aedes,4,6
aedes,aedibus,2,6
aedificatio,aedificationem,3,4
aedificatio,aedificationi,1,4
aedifico,aedificarent,1,2
aedifico,aedificent,1,2
aegre,Aegre,1,2
aegre,aegre,1,2
aegroto,aegrotare,1,1
aegrotus,aegrotos,1,2
aegrotus,aegrotum,1,2
aemula,aemulis,1,1
aemulatio,aemulatio,2,5
aemulatio,aemulatione,2,5
aemulatio,aemulationi,1,5
aemulum,aemulum,1,1
aemulus,aemulo,1,2
aemulus,aemuli,1,2
aequalis,aequales,2,3
aequalis,aequale,1,3
aeque,aeque,5,5
aequitas,aequitate,2,3
aequitas,aequitatis,1,3
aequo,aequaret,1,5
aequo,aequatae,1,5
aequo,aequasset,1,5
aequo,aequatas,1,5
aequo,aequato,1,5
aequus,aequo,3,5
aequus,aequi,1,5
aequus,aequiore,1,5
aer,aere,1,1
aerumna,aerumnis,3,5
aerumna,aerumnae,1,5
aerumna,aerumna,1,5
aerumnosus,aerumnoso,1,1
aestas,aestas,1,1
aestimatio,aestimatione,1,3
aestimatio,aestimatio,1,3
aestimatio,aestimationem,1,3
aestimo,aestimant,2,5
aestimo,aestimat,1,5
aestimo,aestimatam,1,5
aestimo,aestimanda,1,5
aestus,aestu,2,2
aetas,aetate,6,11
aetas,aetatis,4,11
aetas,aetatem,1,11
aeternitas,aeternitatem,1,1
aeternus,aeternae,4,5
aeternus,aeternam,1,5
aeviternus,aeviternum,1,1
affectus,affectus,3,5
affectus,affectu,2,5
affeo,affect,1,1
affero,attulit,4,10
affero,Adferebant,1,10
affero,afferre,1,10
affero,adferre,1,10
affero,afferebantur,1,10
affero,attulerit,1,10
affero,ablatum,1,10
afferro,adferrent,1,1
afficio,affecit,3,19
afficio,affecti,2,19
afficio,affecisset,2,19
afficio,affecta,2,19
afficio,afficiebatur,2,19
afficio,afficit,1,19
afficio,afficiunt,1,19
afficio,affectos,1,19
afficio,affecerit,1,19
afficio,afficiebat,1,19
afficio,affecerat,1,19
afficio,afficeremur,1,19
afficio,afficeret,1,19
affigo,affigere,1,1
affinis,affines,2,2
affinitas,affinitatem,1,1
affirmo,affirmare,2,4
affirmo,affirment,1,4
affirmo,affirmabat,1,4
afflictio,afflictiones,3,7
afflictio,afflictione,2,7
afflictio,afflictioni,1,7
afflictio,afflictionem,1,7
afflicto,afflictati,1,1
affligio,affligeremur,1,1
affligo,afflicti,1,2
affligo,afflixit,1,2
afflinquo,afflictis,3,3
affo,affatur,1,2
affo,affantur,1,2
affsum,affuturum,1,1
affulgo,affulget,1,1
afonodango,Afonodangii,1,1
ager,agro,2,4
ager,agrum,1,4
ager,agros,1,4
agger,aggere,2,7
agger,aggeres,2,7
agger,aggeribus,1,7
agger,aggerem,1,7
agger,aggeris,1,7
aggredior,ingrederentur,3,8
aggredior,aggredi,1,8
aggredior,aggressus,1,8
aggredior,aggressi,1,8
aggredior,aggredior,1,8
aggredior,aggrediatur,1,8
aggrego,aggregabantur,1,5
aggrego,aggregarant,1,5
aggrego,aggregata,1,5
aggrego,aggregati,1,5
aggrego,aggregarunt,1,5
agito,agitantes,1,2
agito,agitati,1,2
agmen,agmine,3,7
agmen,agmen,3,7
agmen,agminibus,1,7
agnio,agnito,1,1
agnitus,agnitus,3,3
agnomen,agnomen,1,1
agnosco,agnovit,2,8
agnosco,agnoscas,1,8
agnosco,agnoscebatur,1,8
agnosco,agnoscere,1,8
agnosco,agnoscit,1,8
agnosco,agnoscimus,1,8
agnosco,agnosceret,1,8
agnus,Agnorum,1,2
agnus,agnis,1,2
ago,actum,8,60
ago,agere,8,60
ago,agendi,5,60
ago,agebant,3,60
ago,ageret,3,60
ago,egit,2,60
ago,agebat,2,60
ago,acta,2,60
ago,agerentur,2,60
ago,agite,2,60
ago,agebantur,2,60
ago,agens,2,60
ago,agant,1,60
ago,agendis,1,60
ago,egerunt,1,60
ago,agit,1,60
ago,agend,1,60
ago,agamus,1,60
ago,agerent,1,60
ago,acturum,1,60
ago,egisset,1,60
ago,Agite,1,60
ago,Egit,1,60
ago,agenda,1,60
ago,egimus,1,60
ago,agentes,1,60
ago,ageretur,1,60
ago,agendas,1,60
ago,agetur,1,60
ago,agendo,1,60
ago,agi,1,60
agricultura,agriculturae,1,1
aio,aiebat,2,3
aio,Aiebat,1,3
al,ali,1,1
alacer,alacriores,1,2
alacer,alacrem,1,2
alacriter,alacriter,1,2
alacriter,alacrius,1,2
albus,albo,1,2
albus,album,1,2
alea,aleam,1,1
alexander,Alexandrum,1,2
alexander,Alexander,1,2
Alexandrus,ALEXANDRI,1,1
alga,Alga,1,1
aliaqus,aliaque,3,3
aliasq,aliasq,1,1
aliasque,aliasque,1,1
aliavus,aliave,1,1
alibi,alibi,6,6
alicubi,alicubi,1,1
alienus,alienam,2,4
alienus,aliena,1,4
alienus,alieno,1,4
aliique,aliique,3,3
aliisque,aliisque,11,11
aliius,aliisq,1,1
alimentum,alimenta,1,1
alioqui,alioquin,4,4
aliorumque,aliorumque,2,2
aliosque,aliosque,5,5
aliovus,aliove,1,1
aliquando,aliquando,6,8
aliquando,Aliquando,2,8
aliquantisper,aliquantisper,1,1
aliqui,aliquot,25,75
aliqui,aliquam,10,75
aliqui,aliqua,9,75
aliqui,aliquibus,6,75
aliqui,aliquod,6,75
aliqui,aliquos,5,75
aliqui,aliquae,3,75
aliqui,aliquem,3,75
aliqui,aliquas,3,75
aliqui,aliquo,3,75
aliqui,alicuius,2,75
aliquis,aliquid,7,16
aliquis,aliqui,6,16
aliquis,alicui,2,16
aliquis,aliquorum,1,16
aliquoties,aliquoties,3,3
aliquousque,aliquousque,1,1
aliunde,aliunde,2,2
alius,alii,43,187
alius,aliis,32,187
alius,alia,25,187
alius,aliud,24,187
alius,alias,13,187
alius,alios,11,187
alius,alio,9,187
alius,aliam,7,187
alius,alium,5,187
alius,alius,4,187
alius,aliiq,3,187
alius,aliae,3,187
alius,aliorum,3,187
alius,aliarum,2,187
alius,Alii,1,187
alius,Aliis,1,187
alius,alioq,1,187
alliceo,allicerent,2,2
alligo,alligabat,1,1
allo,allatum,2,6
allo,allatis,1,6
allo,allatus,1,6
allo,allaturus,1,6
allo,allatae,1,6
alloquor,allocutus,2,4
alloquor,alloquitur,1,4
alloquor,alloquendi,1,4
alluo,alluitur,1,1
almeidus,Almeida,1,1
alo,alunt,2,6
alo,alit,2,6
alo,alentes,1,6
alo,alendae,1,6
alphonsus,Alphonsus,1,1
altare,altari,1,1
alte,altius,1,1
alter,altera,10,43
alter,alteri,6,43
alter,alter,6,43
alter,altero,4,43
alter,alteram,3,43
alter,Altera,3,43
alter,alterum,3,43
alter,Alter,3,43
alter,alterius,2,43
alter,alteras,1,43
alter,ALTERA,1,43
alter,Alterum,1,43
alteriusque,alteriusque,1,1
alterumve,alterumve,1,1
altitudo,altitudinem,2,2
altus,alta,1,6
altus,altiores,1,6
altus,altissima,1,6
altus,alto,1,6
altus,altissimi,1,6
altus,altum,1,6
alumna,alumnis,1,1
alvarus,Alvarus,1,1
am,am,56,56
amacusadonus,Amacusadonum,1,1
amacusanus,Amacusana,1,1
amacusus,Amacusam,4,7
amacusus,Amacusa,2,7
amacusus,Amacusae,1,7
Amagutius,Amagutii,2,2
amagutus,Amaguti,1,1
amahan,Amahan,1,1
amando,amandatus,3,7
amando,amandavimus,1,7
amando,amandaret,1,7
amando,amandavit,1,7
amando,amandando,1,7
amangutio,Amangutio,1,1
amans,amantissimi,2,2
amanter,amanter,1,1
amarior,Amariores,1,1
amavai,Amavang,1,1
amavangus,Amavangus,6,10
amavangus,Amavangi,3,10
amavangus,Amavango,1,10
Amavangus,Amavangum,1,1
Amazo,Amazonem,1,1
amazon,Amazon,1,1
ambabusqs,ambabusq,1,1
ambages,ambages,1,1
ambiguitas,ambiguitate,1,1
ambio,ambit,1,1
ambitio,ambitione,3,3
ambitiosus,ambitiosa,1,1
ambitus,ambitum,1,3
ambitus,ambitus,1,3
ambitus,ambitu,1,3
ambo,ambobus,1,1
ambulo,ambulantem,1,1
amens,amens,1,1
americus,Americae,1,1
amic,amic,1,1
amicitia,amicitiam,7,10
amicitia,amicitia,2,10
amicitia,amicitiae,1,10
amicus,amicis,4,21
amicus,amicum,4,21
amicus,amicus,4,21
amicus,amici,2,21
amicus,amicos,2,21
amicus,amicam,2,21
amicus,amicissimus,1,21
amicus,amicorum,1,21
amicus,amico,1,21
amisetto,amiseramus,1,1
amitto,amissum,2,11
amitto,amissis,2,11
amitto,amiserunt,1,11
amitto,amiserat,1,11
amitto,amittendi,1,11
amitto,amisisset,1,11
amitto,amiserimus,1,11
amitto,amissorum,1,11
amitto,amisso,1,11
amo,amat,1,7
amo,amantibus,1,7
amo,amaret,1,7
amo,amantes,1,7
amo,amant,1,7
amo,amabat,1,7
amo,Amabat,1,7
amoenus,amoenissimam,1,2
amoenus,amoenae,1,2
amor,amore,6,13
amor,amorem,3,13
amor,amoris,2,13
amor,amoreq,1,13
amor,amori,1,13
amorisque,amorisque,1,1
amoveo,amoveret,1,1
ample,amplius,12,12
amplecto,amplectebantur,1,2
amplecto,amplectendas,1,2
amplector,amplectebatur,1,1
amplexo,amplexati,1,2
amplexo,amplexantes,1,2
amplifico,amplificans,2,2
amplus,ampla,2,9
amplus,amplissimae,1,9
amplus,amplissimis,1,9
amplus,ampliorem,1,9
amplus,amplissima,1,9
amplus,amplissimam,1,9
amplus,ampliores,1,9
amplus,ampliori,1,9
amputo,amputandum,1,1
an,an,28,29
an,An,1,29
anceps,ancipites,2,2
ancocugus,Ancocugus,2,4
ancocugus,Ancocugum,1,4
ancocugus,Ancocugo,1,4
anctus,ancti,1,2
anctus,anctae,1,2
Andreas,Andreas,1,1
angelus,angeli,1,1
ango,ancta,1,1
angor,angoribus,1,2
angor,angore,1,2
angustia,angustias,4,6
angustia,angustiis,2,6
Anianus,Anian,1,1
anima,anima,3,10
anima,animae,3,10
anima,animarum,2,10
anima,animam,2,10
animadverto,animadvertit,3,12
animadverto,animadvertens,2,12
animadverto,animadvertere,2,12
animadverto,animadverteret,2,12
animadverto,animadverterent,1,12
animadverto,animadverteremus,1,12
animadverto,animadversus,1,12
animal,animalium,1,1
animo,animandas,1,1
animor,animor,1,1
animose,animose,1,1
animosus,animosus,2,3
animosus,animosi,1,3
animumque,animumque,1,1
animus,animi,14,57
animus,animo,12,57
animus,animos,11,57
animus,animus,10,57
animus,animis,5,57
animus,animum,2,57
animus,animorum,2,57
animus,Animos,1,57
ann,ann,1,1
annecto,annexo,1,1
annon,annona,3,3
annona,annonam,6,7
annona,annonae,1,7
annuens,Annuentem,1,1
annuentus,annuentibus,1,1
annuncio,annunciandi,1,1
annuntio,annuntiabant,1,1
annuo,annuit,2,2
annus,anno,40,99
annus,annum,16,99
annus,annis,14,99
annus,anni,8,99
annus,annos,7,99
annus,annorum,6,99
annus,Anno,5,99
annus,Anni,2,99
annus,annu,1,99
annuus,annuas,3,12
annuus,annuum,2,12
annuus,annuis,2,12
annuus,annuae,1,12
annuus,annuarum,1,12
annuus,Annuis,1,12
annuus,annuo,1,12
annuus,annuos,1,12
anta,antam,1,1
ante,ante,38,38
antea,antea,5,5
antecello,antecellere,1,1
antegredior,antegressa,1,1
antequam,antequam,8,10
antequam,Antequam,2,10
antesignanus,Antesignanum,1,3
antesignanus,antesignanis,1,3
antesignanus,antesignano,1,3
Antianum,Antiano,1,1
antianus,Antianorum,1,1
antidotus,antidotum,1,1
antiquus,antiquis,4,17
antiquus,antiquum,3,17
antiquus,antiquissimam,2,17
antiquus,antiquissima,1,17
antiquus,antiqua,1,17
antiquus,antiqui,1,17
antiquus,antiquas,1,17
antiquus,antiquam,1,17
antiquus,antiquo,1,17
antiquus,antiquus,1,17
antiquus,antiquos,1,17
antistites,antistite,1,1
Antonius,Antonium,1,1
antr,antr,1,1
anxius,anxium,1,1
ao,acturi,1,1
apereo,aperuere,1,1
aperio,aperta,3,18
aperio,aperto,3,18
aperio,aperuit,3,18
aperio,apertam,2,18
aperio,apertas,2,18
aperio,aperiendae,1,18
aperio,apertum,1,18
aperio,aperienda,1,18
aperio,aperientibus,1,18
aperio,aperuisset,1,18
aperte,aperte,1,1
apostolicus,Apostolicas,1,3
apostolicus,Apostolicos,1,3
apostolicus,Apostolici,1,3
appareo,apparet,2,9
appareo,apparuit,2,9
appareo,apparent,1,9
appareo,apparerent,1,9
appareo,apparebat,1,9
appareo,apparuerit,1,9
appareo,appareret,1,9
apparitio,Apparitionum,1,2
apparitio,apparitionum,1,2
appello,appellatus,1,9
appello,appellata,1,9
appello,appellare,1,9
appello,appellavit,1,9
appello,appulit,1,9
appello,appellarent,1,9
appello,Appulerant,1,9
appello,appellant,1,9
appello,appulsus,1,9
appendico,appendicem,1,1
appingo,appingimus,1,1
applaudo,applaudentibus,1,1
applausus,applausu,2,2
applico,applicatae,1,3
applico,applicaverunt,1,3
applico,applicare,1,3
appono,apposite,1,1
apprime,apprime,1,1
appulo,appulimus,1,1
apricus,apricum,1,1
Aprilus,Aprili,1,1
aptus,aptissimum,1,2
aptus,aptissimae,1,2
apud,apud,29,31
apud,Apud,1,31
apud,APUD,1,31
aqua,aquis,8,18
aqua,aqua,3,18
aqua,aquarum,2,18
aqua,aquae,2,18
aqua,aquas,2,18
aqua,aquam,1,18
aquavivus,Aquavivam,2,2
ara,aram,1,1
aratrum,aratro,1,1
arbitrium,arbitrio,1,2
arbitrium,arbitrium,1,2
arbitror,arbitrabatur,2,3
arbitror,arbitramur,1,3
arbor,arbore,1,4
arbor,arbor,1,4
arbor,arbores,1,4
arbor,Arbores,1,4
arceo,arceret,1,4
arceo,arcerentur,1,4
arceo,arceretur,1,4
arceo,arcerent,1,4
arctus,arctissima,1,3
arctus,arctissimam,1,3
arctus,arctissimo,1,3
arcus,arcus,3,4
arcus,arcu,1,4
ardor,ardor,3,6
ardor,ardore,2,6
ardor,ardorem,1,6
argenteus,argenteis,1,1
argentum,argenti,7,14
argentum,argento,4,14
argentum,argentum,3,14
argo,arcta,1,1
argumentum,argumenta,2,2
arima,Arima,1,1
Arima,Arimam,3,3
arimandonus,Arimandonus,1,1
Arimandonus,Arimandono,1,1
arimanus,Arimano,1,2
arimanus,Arimani,1,2
Arimensis,Arimensem,1,1
Arimensus,Arimensi,2,2
arimondonus,Arimondonus,3,4
arimondonus,Arimondonum,1,4
ariolus,ariolis,1,1
arma,armis,24,44
arma,arma,17,44
arma,armorum,3,44
armatus,armata,2,4
armatus,armatorum,1,4
armatus,armatis,1,4
armo,armati,2,5
armo,armatum,1,5
armo,armatus,1,5
armo,armarunt,1,5
arrideo,arrident,1,1
arripio,arrepto,1,5
arripio,arripienda,1,5
arripio,arripere,1,5
arripio,arrepta,1,5
arripio,arreptum,1,5
arrogo,arrogantem,1,1
ars,arte,6,13
ars,artibus,3,13
ars,artes,2,13
ars,artis,2,13
articulus,articulo,1,1
artifex,Artificibus,1,1
artificium,artificio,2,2
artus,artubus,1,1
arx,arce,3,6
arx,arcis,2,6
arx,arcem,1,6
ascendo,ascendet,1,2
ascendo,ascendit,1,2
ascicamon,Ascicamoni,1,1
ascisco,asciscere,1,1
ascrio,adscribi,1,1
asia,Asiae,2,3
asia,Asia,1,3
Asia,Asiam,1,1
asonodangium,Asonodangio,2,3
asonodangium,Asonodangium,1,3
asonodangius,Asonodangius,2,2
asonodongianus,Asonodongiani,1,1
aspectus,aspectum,1,1
asperior,asperiora,1,1
asperitas,asperitates,1,1
asperno,aspernati,1,1
asperrimus,asperrimum,1,2
asperrimus,asperrimos,1,2
aspiro,aspirare,2,5
aspiro,aspirant,1,5
aspiro,aspirante,1,5
aspiro,aspirarent,1,5
assecla,asseclis,1,1
assequor,assequi,2,2
asser,asserum,1,1
assero,asserem,1,2
assero,asserens,1,2
assevero,asseveravit,1,1
assidue,assidue,2,2
assiduus,assiduae,1,2
assiduus,assidua,1,2
assigno,assignata,1,4
assigno,assignare,1,4
assigno,assignando,1,4
assigno,assignatos,1,4
assuesco,assuetum,1,1
assultus,assultibus,2,2
assumo,assumpsit,6,9
assumo,assumens,1,9
assumo,assumptis,1,9
assumo,assumebat,1,9
assuo,assuens,1,1
astipulo,astipulemur,1,1
asto,adstabant,1,1
astringo,astrinxerunt,1,1
astutus,astutissimo,1,1
asylus,asylum,3,3
at,At,9,18
at,at,9,18
ater,ater,30,71
ater,atre,11,71
ater,atris,9,71
ater,atrem,9,71
ater,atres,4,71
ater,atri,3,71
ater,atribus,2,71
ater,ATRIS,1,71
ater,ATRE,1,71
ater,ATREM,1,71
atfero,attulerant,1,1
atq,atq,9,10
atq,Atq,1,10
atque,ac,462,526
atque,atque,37,526
atque,Atque,14,526
atque,Ac,11,526
atque,ATQUE,2,526
atrium,atrium,1,1
atrocior,atrociore,1,1
atrocitas,atrocitatem,1,1
atrocius,atrocia,1,1
atrox,atrox,1,2
atrox,atrocibus,1,2
attamen,Attamen,1,1
attendo,attenderent,1,1
attigo,attigi,1,1
attineo,attinet,1,1
attingo,attigerat,1,3
attingo,attigit,1,3
attingo,attingit,1,3
attollo,attolli,1,2
attollo,attollens,1,2
attoneo,attoniti,2,2
attonitus,attonitos,1,1
attraho,attrahere,1,3
attraho,attrahendo,1,3
attraho,attraxerunt,1,3
attribuo,attribuit,2,6
attribuo,attributur,1,6
attribuo,attribuere,1,6
attribuo,attribuendum,1,6
attribuo,attribueretur,1,6
au,au,1,1
aucio,aucti,3,3
auco,auxerunt,1,2
auco,auxerit,1,2
auctor,auctores,4,8
auctor,auctor,2,8
auctor,auctorem,1,8
auctor,auctoribus,1,8
auctoresus,auctoresq,1,1
auctoritas,auctoritatis,5,11
auctoritas,auctoritas,2,11
auctoritas,auctoritate,2,11
auctoritas,auctoritatem,1,11
auctoritas,autoritate,1,11
audacia,audacia,1,1
audaciaquus,audaciaque,1,1
audacter,audacter,3,3
audax,audax,1,1
audenter,audenter,1,1
audeo,ausus,5,13
audeo,ausi,4,13
audeo,audens,1,13
audeo,audebant,1,13
audeo,auderet,1,13
audeo,audeant,1,13
audientia,audientiam,1,1
audio,audivit,5,36
audio,auditum,3,36
audio,audierat,3,36
audio,audire,2,36
audio,auditis,2,36
audio,audiunt,2,36
audio,audiendam,2,36
audio,audiretur,1,36
audio,audientium,1,36
audio,audiens,1,36
audio,audirent,1,36
audio,audivere,1,36
audio,audit,1,36
audio,audiit,1,36
audio,audiebatur,1,36
audio,audito,1,36
audio,audiendae,1,36
audio,audita,1,36
audio,auditorum,1,36
audio,audiat,1,36
audio,audiendis,1,36
audio,audiret,1,36
audio,audiebantur,1,36
audio,audisse,1,36
auditor,auditores,1,1
aufero,ablatis,1,1
aufugio,aufugiunt,2,9
aufugio,aufugerunt,2,9
aufugio,aufugit,2,9
aufugio,aufugerent,1,9
aufugio,aufugientes,1,9
aufugio,aufugiens,1,9
augeo,augetur,2,11
augeo,auxit,2,11
augeo,Augebat,2,11
augeo,augerentur,1,11
augeo,auctis,1,11
augeo,auctum,1,11
augeo,auctus,1,11
augeo,augere,1,11
augesco,augesceret,1,1
augmentum,augmentum,3,3
augo,aucto,2,2
august,August,3,3
augustinus,Augustini,37,75
augustinus,Augustinus,17,75
augustinus,Augustino,11,75
augustinus,Augustinum,10,75
augustis,Augustin,2,2
augustus,Augusto,1,1
aula,aula,15,34
aula,Aula,6,34
aula,aulam,5,34
aula,Aulam,4,34
aula,Aulae,3,34
aula,aulae,1,34
aulae,aulaeque,1,1
aulex,aulicis,6,6
aulicus,aulici,4,9
aulicus,aulico,3,9
aulicus,aulicos,1,9
aulicus,aulicum,1,9
aura,aurae,1,1
aureus,aureos,1,1
auris,aures,6,7
auris,aure,1,7
auritus,auritus,1,1
aurum,auri,4,4
auspicium,auspiciis,1,1
auster,Austrum,4,4
australis,Australium,7,21
australis,Australem,5,21
australis,Australi,4,21
australis,Australiores,2,21
australis,Australes,2,21
australis,Australiori,1,21
austriacus,Austriacus,1,1
Austriacus,Austriacum,1,1
aut,aut,54,54
autem,autem,87,87
author,author,1,1
autilla,autillam,1,1
autoritas,autoritatis,1,1
autumnus,Autumni,1,1
auxiliaque,auxiliaque,1,1
auxiliaris,auxiliares,1,1
auxilioque,auxilioque,1,1
auxilium,auxilia,10,21
auxilium,auxilio,6,21
auxilium,auxilium,3,21
auxilium,auxiliis,2,21
avaritia,avaritia,3,5
avaritia,avaritiam,2,5
avarus,avaros,1,1
averto,avertant,1,3
averto,avertendam,1,3
averto,aversum,1,3
avide,avide,1,1
avidius,avidius,1,1
avunculus,avunculus,2,4
avunculus,avunculos,1,4
avunculus,avunculo,1,4
avus,avum,1,3
avus,avorum,1,3
avus,avarum,1,3
aytonus,Aytonius,2,2
b,B,3,3
ba,Ba,1,1
babylon,Babylonem,1,1
baiulus,baiulos,1,2
baiulus,baiuli,1,2
balthazares,Balthazarem,1,1
baptisa,baptism,1,1
baptisma,baptismi,7,18
baptisma,baptismum,5,18
baptisma,baptismo,2,18
baptisma,baptisma,2,18
baptisma,Baptismum,1,18
baptisma,Baptismatis,1,18
Baptista,Baptista,1,1
baptizandique,baptizandique,1,1
baptizo,baptizatos,2,5
baptizo,baptizatorum,1,5
baptizo,baptizatus,1,5
baptizo,baptizati,1,5
barba,barbam,1,1
barbaria,barbarie,1,1
barbarus,barbaros,3,11
barbarus,barbara,2,11
barbarus,barbari,2,11
barbarus,Barbarum,1,11
barbarus,barbarum,1,11
barbarus,Barbaro,1,11
barbarus,barbaras,1,11
barrapeliotaeis,Barrapeliotaeem,1,1
batavia,Batavia,1,1
beatioo,beatioremq,1,1
beatus,beati,1,2
beatus,beatissimae,1,2
bella,bellam,1,1
bellam,bellamque,1,1
bellicor,bellicar,1,1
bellicus,bellica,5,12
bellicus,bellicis,3,12
bellicus,bellico,2,12
bellicus,bellicorum,1,12
bellicus,bellicam,1,12
belliger,belliger,1,1
belliges,Belligerum,2,2
bello,bellantes,1,2
bello,bellatum,1,2
bellum,belli,21,62
bellum,bellum,20,62
bellum,bello,10,62
bellum,bella,4,62
bellum,bellis,3,62
bellum,BELLO,1,62
bellum,Bellum,1,62
bellum,Belli,1,62
bellum,bellorum,1,62
belua,bellua,1,1
bene,bene,18,23
bene,melius,5,23
benedictio,benedictionem,1,1
Benedictus,Benedicti,1,1
benefacio,benefacere,1,1
beneficiarius,beneficiarius,1,1
beneficiatus,beneficiatorum,1,1
beneficium,beneficio,3,7
beneficium,beneficiis,2,7
beneficium,beneficia,1,7
beneficium,beneficii,1,7
beneficus,benefici,1,1
benevolens,Benevolentissimi,1,1
benevolentia,benevolentia,7,13
benevolentia,benevolentiae,4,13
benevolentia,benevolentie,1,13
benevolentia,benevolentiam,1,13
benevolus,benevolum,1,1
benigne,benigne,2,2
benignitas,benignitatis,1,1
benignus,benignus,1,3
benignus,benignum,1,3
benignus,benignissimo,1,3
beratus,beratus,1,1
berno,bernant,1,1
bestialis,bestialibus,1,1
Biblia,Biblia,1,1
biduum,biduo,2,2
biennium,biennium,1,1
bigensis,Bigensis,2,3
bigensis,Bigense,1,3
bigensus,Bigensi,1,1
bini,binas,4,7
bini,binos,2,7
bini,binae,1,7
binum,bini,1,1
binus,binis,1,1
bioiendonus,bioiendoni,2,2
bireo,bireti,1,1
biretus,biretum,1,1
bis,bis,5,5
bisque,bisque,1,1
bito,bitaret,1,1
blande,blande,1,1
blanditia,blanditias,1,1
blasphemia,blasphemiis,1,1
bolum,bolum,1,1
bonique,bonique,1,1
bonitas,bonitati,2,4
bonitas,Bonitas,1,4
bonitas,bonitas,1,4
bonorumque,bonorumque,1,1
bonum,bonum,7,18
bonum,bonis,4,18
bonum,bono,4,18
bonum,bonorum,2,18
bonum,Bonum,1,18
bonus,meliora,3,19
bonus,melior,2,19
bonus,bonam,2,19
bonus,bona,2,19
bonus,optimus,1,19
bonus,optimum,1,19
bonus,Bonus,1,19
bonus,bonos,1,19
bonus,optimos,1,19
bonus,bonus,1,19
bonus,Optimo,1,19
bonus,meliori,1,19
bonus,optimorum,1,19
bonus,optimi,1,19
bonzius,Bonziorum,4,10
bonzius,Bonzii,4,10
bonzius,Bonziis,2,10
bonzus,Bonzi,2,9
bonzus,Bonzorum,2,9
bonzus,Bonzos,2,9
bonzus,Bonzis,2,9
bonzus,Bonzum,1,9
borea,Boream,5,5
borealis,Boreales,4,14
borealis,Borealem,2,14
borealis,Borealium,2,14
borealis,Borealiores,1,14
borealis,Borealibus,1,14
borealis,Boreali,1,14
borealis,Borealia,1,14
borealis,Borealissima,1,14
borealis,Borealis,1,14
bosphorus,Bosphori,1,1
bous,Boym,2,2
brachium,brachia,1,1
breuis,breve,1,1
breviarium,Breviarium,1,1
brevique,brevique,1,1
brevis,brevi,12,14
brevis,brevissimis,1,14
brevis,brevis,1,14
brevitas,brevitatis,1,1
breviter,breviter,8,9
breviter,brevissime,1,9
brevus,brevissimo,3,3
bug,Bug,1,1
bugen,Bugen,1,1
Bugenses,Bugensium,2,2
bugensis,Bugensi,2,4
bugensis,Bugensis,1,4
bugensis,Bugense,1,4
buglius,Buglio,1,1
bullius,Bullio,1,1
bum,bo,1,1
bungenses,Bungensem,2,3
bungenses,Bungenses,1,3
bungensis,Bungense,4,4
bungensus,Bungensi,2,4
bungensus,Bungensis,2,4
bungus,Bungo,3,4
bungus,Bungum,1,4
bus,bus,1,1
byssinum,byssinum,1,1
byssus,byssus,1,2
byssus,byssi,1,2
C’ienthangus,C’ienthang,2,2
ca,ca,1,1
cadaver,cadaver,2,2
cado,cadaveris,1,4
cado,cadavera,1,4
cado,caderet,1,4
cado,cecidisse,1,4
caecus,caeci,2,3
caecus,caeca,1,3
caecuto,caecutit,1,1
caedes,caede,4,7
caedes,caedes,2,7
caedes,caedem,1,7
caedo,caesi,3,8
caedo,caesa,3,8
caedo,caesus,1,8
caedo,caedibus,1,8
caelao,caelaveramus,1,1
caelestis,caelesti,1,1
caelo,caelatum,1,1
caelum,Caelo,5,12
caelum,Caelum,3,12
caelum,Caeli,2,12
caelum,caelo,1,12
caelum,caelum,1,12
caena,caenam,1,1
caenula,caenulas,1,1
caeperamus,caeperamus,1,1
caepi,caepit,3,4
caepi,caeperit,1,4
caepum,caepi,1,1
caeremonia,caeremonias,1,1
caerimonium,caerimoniis,1,1
caesar,Caesaris,1,1
Caesar,Caesarem,1,1
caeter,Caeterum,7,8
caeter,caetera,1,8
caeteriquus,caeterique,1,1
caeterus,caeteris,6,12
caeterus,Caeteri,2,12
caeterus,caeteri,1,12
caeterus,caetero,1,12
caeterus,caeteros,1,12
caeterus,caeterorum,1,12
cainocamus,Cainocami,6,9
cainocamus,Cainocamo,2,9
cainocamus,Cainocamum,1,9
cainoco,Cainocamus,11,11
caipio,caeperunt,1,1
Caiyues,Caiyuen,1,1
calamitas,calamitates,5,14
calamitas,calamitate,2,14
calamitas,calamitas,2,14
calamitas,calamitatem,2,14
calamitas,calamitatum,1,14
calamitas,Calamitatis,1,14
calamitas,calamitatib,1,14
calamitosus,calamitoso,1,1
calamus,calamo,1,1
calcar,calcaribus,1,1
calceus,Calceis,1,2
calceus,calceos,1,2
calculus,Calculis,1,1
caliga,caligas,1,1
callide,callide,1,1
callis,calles,1,1
calumnia,calumniae,1,2
calumnia,calumniam,1,2
cam,CAM,1,1
cám,Cám,2,2
camelus,camelos,2,2
campus,campum,2,6
campus,campis,1,6
campus,campus,1,6
campus,campos,1,6
campus,campo,1,6
camus,Camos,3,8
camus,Camum,2,8
camus,Camorum,1,8
camus,Camus,1,8
camus,Cami,1,8
canalis,canalem,1,3
canalis,canali,1,3
canalis,canales,1,3
cancheu,Cancheu,6,6
candela,candelam,1,1
candidus,candidis,1,1
canguero,Cangueraso,1,1
canguetasus,Canguetasum,2,3
canguetasus,Canguetaso,1,3
cangueto,Canguetasi,1,1
canis,canes,2,2
canities,canitiem,1,1
cantillo,cantillare,1,1
canto,Cantone,1,1
Canto,Cantonem,1,1
canzuidonus,Canzuidonus,1,1
canzuiedonus,Canzuiedonus,9,15
canzuiedonus,Canzuiedoni,4,15
canzuiedonus,Canzuiedono,1,15
canzuiedonus,Canzuiedonum,1,15
canzuiendonus,Canzuiendono,4,4
canzuiodonus,Canzuiodono,1,1
canzuus,Canzui,1,1
cao,caepimus,1,1
Caocianus,Caociang,1,1
capax,capax,1,1
capillitium,capillitium,1,1
capillus,capillos,7,13
capillus,capillis,4,13
capillus,capillorum,2,13
capio,cepit,4,30
capio,captus,4,30
capio,capti,3,30
capio,capiunt,2,30
capio,capit,2,30
capio,capta,2,30
capio,captos,2,30
capio,capi,1,30
capio,captum,1,30
capio,capiat,1,30
capio,ceperunt,1,30
capio,capiebant,1,30
capio,Capta,1,30
capio,caperetur,1,30
capio,capere,1,30
capio,caperet,1,30
capio,capiendi,1,30
capio,capiendam,1,30
capitalis,capitalis,1,4
capitalis,capitali,1,4
capitalis,capitalibus,1,4
capitalis,capitale,1,4
capitaneus,Capitaneo,3,3
capo,capitur,2,2
capsula,capsula,1,1
captiuus,captivum,1,1
captivus,captivos,1,4
captivus,captivus,1,4
captivus,captivi,1,4
captivus,captivis,1,4
caput,caput,16,46
caput,capite,10,46
caput,capita,9,46
caput,capitum,4,46
caput,capiti,3,46
caput,capitis,2,46
caput,Caput,1,46
caput,capitibus,1,46
carasanus,Carasanum,1,1
carcer,carcere,4,14
carcer,carcerem,4,14
carcer,carceres,2,14
carcer,carceribus,1,14
carcer,Carceres,1,14
carcer,carceri,1,14
carcer,carcer,1,14
careo,caruisset,2,6
careo,carentes,1,6
careo,careant,1,6
careo,carentibus,1,6
careo,carent,1,6
caritas,caritatis,3,4
caritas,caritas,1,4
carnifex,carnifex,2,3
carnifex,carnificis,1,3
carnificina,carnificina,1,1
carnificus,carnifici,1,2
carnificus,carnificum,1,2
caro,carne,2,3
caro,caro,1,3
Carolus,Caroli,1,1
carrus,carris,1,1
Carvaglius,Carvaglius,1,1
carvalius,Carvalio,1,2
carvalius,CARVALIO,1,2
cascar,Cascar,1,1
castellum,castellis,1,1
castor,castoris,1,1
castra,castra,5,6
castra,castris,1,6
castus,Castorum,1,2
castus,castis,1,2
casus,casu,9,18
casus,casus,3,18
casus,casibus,3,18
casus,casum,2,18
casus,Casus,1,18
cataphractus,cataphractos,1,1
catastrophen,catastrophen,2,2
catastropx,catastrophe,1,1
catayum,Catayum,1,1
catechesin,catechesin,2,2
Catechesus,Catechesi,1,1
catechismus,Catechismo,1,1
catechista,Catechistae,1,1
catechizo,catechizandi,1,1
catena,catenis,2,2
catharina,Catharina,1,1
Catholicaequus,Catholicaeque,1,1
catholicus,Catholica,2,4
catholicus,Catholicae,1,4
catholicus,Catholice,1,4
cauda,caudam,1,1
caupo,caupones,1,1
causa,causa,40,54
causa,causam,8,54
causa,causis,3,54
causa,causas,2,54
causa,causarum,1,54
causam,causamque,1,1
caut,caut,1,1
cauticus,cautica,1,1
cautio,cautione,1,1
cavea,caveis,1,1
caveo,caveret,1,4
caveo,caveremus,1,4
caveo,caverent,1,4
caveo,cautum,1,4
cecido,ceciderat,1,1
cedo,cedere,5,16
cedo,cederet,3,16
cedo,cessit,2,16
cedo,cessisse,2,16
cedo,cedendum,1,16
cedo,cedit,1,16
cedo,cedunt,1,16
cedo,cessuros,1,16
celeber,celebres,1,1
celebro,Celebrati,1,2
celebro,celebraremus,1,2
celebrus,celebrior,2,3
celebrus,celebrab,1,3
celer,celeri,2,2
celeritas,celeritate,5,5
celeriter,celeriter,1,2
celeriter,Celeriter,1,2
celerrime,celerrime,2,2
cens,cens,1,1
censeo,censetur,2,3
censeo,censerentur,1,3
centiens,centies,1,1
centum,centum,8,9
centum,centena,1,9
ceo,cessurus,1,1
cerebro,cerebro,1,1
cerimonium,cerimonia,1,1
cerno,creverunt,3,6
cerno,cernimus,1,6
cerno,cernebant,1,6
cerno,cernentibus,1,6
certamen,certamine,1,1
certatim,certatim,1,1
certe,certe,7,10
certe,Certe,3,10
certius,certioresq,1,1
certo,certo,5,6
certo,Certo,1,6
certoque,certoque,1,1
certor,certamini,1,1
certus,certiores,5,14
certus,certos,3,14
certus,certum,2,14
certus,certa,1,14
certus,certior,1,14
certus,certiorem,1,14
certus,certis,1,14
cervix,cervicem,2,3
cervix,cervice,1,3
cesdo,cesserit,1,2
cesdo,cesseris,1,2
cespes,Cespedes,1,1
cessa,cessa,1,1
ceteriquus,ceterique,1,1
ceterus,Ceterum,8,15
ceterus,ceteris,3,15
ceterus,ceteri,2,15
ceterus,ceteras,1,15
ceterus,ceteros,1,15
ceu,ceu,3,3
chamor,Chamorum,1,1
chamus,Chami,3,3
changcheu,Changcheu,1,1
changhienchungus,Changhienchungus,1,2
changhienchungus,Changhienchungum,1,2
Changhienchuus,Changhienchung,1,1
changus,Changus,1,1
Chaokinus,Chaoking,1,1
character,charactere,1,1
charitas,Charitatis,1,1
charus,charus,1,3
charus,charissimi,1,3
charus,charam,1,3
Chatkinus,Chatking,1,1
Chekianus,Chekiang,7,7
cheuxus,Cheuxan,1,1
chì,CHÌ,3,4
chì,chì,1,4
china,China,6,6
chinar,Chinarum,1,1
chinas,Chinas,1,1
chinchilungus,Chinchilungus,2,2
Chinensis,Chinenses,1,1
chinensus,Chinensium,7,15
chinensus,Chinensibus,4,15
chinensus,Chinensis,4,15
Chinensus,Chinensi,5,5
ching,Ching,1,1
Chingtus,Chingtu,4,4
chinus,Chinae,5,5
chor,chorda,1,1
chrisma,Chrismatis,1,1
christianismus,Christianismus,2,2
christianitas,Christianitatem,1,1
christianorumque,Christianorumque,3,3
christianosq,Christianosq,1,1
christianus,Christianis,43,197
christianus,Christiani,36,197
christianus,Christianos,35,197
christianus,Christianorum,25,197
christianus,Christianae,24,197
christianus,Christianam,20,197
christianus,Christianum,7,197
christianus,Christianus,5,197
christianus,Christianarum,1,197
christianus,Christianas,1,197
Christianus,Christiana,17,23
Christianus,Christiano,6,23
christus,Christum,5,5
Christus,Christi,28,44
Christus,Christo,11,44
Christus,CHRISTI,3,44
Christus,CHRISTO,2,44
chronologia,Chronologia,1,1
chu,Chu,1,1
chum,chum,1,1
cibus,cibus,2,4
cibus,cibos,1,4
cibus,cibi,1,4
cicugen,Cicugen,4,4
cicugensis,Cicugense,3,3
Cicunganius,Cicungani,1,1
cicunganus,Cicungano,1,1
cicungus,Cicungo,1,1
ciicio,cinxissent,1,1
cilio,ciliare,1,1
cingo,cingit,1,5
cingo,cinxit,1,5
cingo,cingerent,1,5
cingo,cingunt,1,5
cingo,cincta,1,5
cingulus,cingulo,2,2
cio,ciam,1,3
cio,ciaremus,1,3
cio,ciunt,1,3
circ,circ,1,1
circa,circa,7,7
circiter,circiter,2,2
circuitus,circuitum,1,1
circumdo,circumdant,1,1
circumfero,circumfert,1,2
circumfero,circumferebantur,1,2
circumiaceo,circumiacentem,1,1
circumquaque,circumquaque,1,1
circumvenio,circumvenire,1,1
circumvicinus,circumvicinas,1,2
circumvicinus,circumvicinae,1,2
cito,cito,5,5
citra,citra,2,2
citroquus,citroque,1,1
ciuitas,civitatis,1,1
ciunagondonus,Ciunagondoni,1,1
ciunangodonus,Ciunangodonus,3,5
ciunangodonus,Ciunangodoni,2,5
ciunangondonus,Ciunangondonus,2,2
civilis,civilibus,1,3
civilis,Civiles,1,3
civilis,civile,1,3
civis,cives,9,19
civis,civibus,6,19
civis,civium,2,19
civis,civem,1,19
civis,civis,1,19
civitas,civitates,17,25
civitas,civitatem,4,25
civitas,civitatibus,2,25
civitas,Civitatum,1,25
civitas,civitatum,1,25
clad,clad,1,1
clades,clade,6,16
clades,cladem,4,16
clades,cladibus,2,16
clades,clades,2,16
clades,cladi,2,16
clam,clam,3,3
clamo,clamante,1,4
clamo,clamant,1,4
clamo,clamabat,1,4
clamo,clamabatut,1,4
clamor,clamoribus,1,2
clamor,clamor,1,2
clanculus,clanculum,1,1
clare,clarius,1,1
clarus,clarus,1,2
clarus,clara,1,2
classis,classes,5,11
classis,classe,4,11
classis,classem,1,11
classis,classis,1,11
claudium,Claudium,1,2
claudium,CLAUDIUM,1,2
claudo,clausi,2,8
claudo,clausa,1,8
claudo,clauderentur,1,8
claudo,clauduntur,1,8
claudo,claudantur,1,8
claudo,claudunt,1,8
claudo,clausit,1,8
clavis,clavis,3,4
clavis,claves,1,4
clavus,clavum,2,2
clem,clem,1,1
clemens,clementem,1,1
clementer,clementissime,1,1
clementia,clementia,2,6
clementia,Clementiam,1,6
clementia,clementiam,1,6
clementia,clementiae,1,6
clementia,clementiaq,1,6
clericus,clerici,1,1
coacte,coacte,1,1
coadiutor,Coadiutor,1,1
coalo,coaluisset,1,1
coaluo,coaluerant,1,1
coam,Coam,1,1
codex,codicem,2,2
coegi,coegisse,1,1
coei,coepto,1,1
coelestis,Coelesti,1,1
Coelius,Coeli,1,1
coelum,coelo,3,3
coemiterius,coemiterio,1,1
coeo,coeuntes,1,2
coeo,coibit,1,2
coepi,coepit,8,15
coepi,coeperunt,2,15
coepi,coeperit,1,15
coepi,coepisset,1,15
coepi,coeptae,1,15
coepi,coepta,1,15
coepi,coeperat,1,15
coepio,coepimus,1,1
coerceo,coercebit,1,1
coffler,Coffler,1,1
cogitao,cogitabundi,1,1
cogito,cogitabat,5,16
cogito,cogitabant,2,16
cogito,cogitaret,2,16
cogito,cogitare,2,16
cogito,cogitavit,2,16
cogito,cogitat,1,16
cogito,cogitent,1,16
cogito,cogitarit,1,16
cognatio,cognationis,1,1
cognatus,cognatos,2,6
cognatus,cognati,1,6
cognatus,cognatis,1,6
cognatus,cognatus,1,6
cognatus,cognato,1,6
cognoro,cognorat,1,1
cognosco,cognita,7,28
cognosco,cognito,4,28
cognosco,cognovit,3,28
cognosco,cognovimus,3,28
cognosco,Cognita,2,28
cognosco,cogniti,1,28
cognosco,cognoscit,1,28
cognosco,cognoscunt,1,28
cognosco,cognosceret,1,28
cognosco,cognoscendae,1,28
cognosco,cognoscerent,1,28
cognosco,cognitum,1,28
cognosco,cognosci,1,28
cognosco,cognoscatur,1,28
cogo,coactus,11,32
cogo,coacti,4,32
cogo,cogeret,3,32
cogo,coacta,2,32
cogo,cogere,2,32
cogo,cogat,2,32
cogo,cogantur,1,32
cogo,Cogita,1,32
cogo,coegerunt,1,32
cogo,coegit,1,32
cogo,cogebant,1,32
cogo,cogerentur,1,32
cogo,cogeretur,1,32
cogo,coctae,1,32
cohibeo,cohibere,1,2
cohibeo,cohibitus,1,2
cohorruo,cohorruit,1,1
cohors,cohors,1,1
cohortatio,cohortatione,1,1
cohortor,cohortari,2,2
coio,coire,2,2
colaus,Colaus,3,4
colaus,Colaum,1,4
collabor,collapsa,1,1
collaudo,collaudabat,1,1
collegium,Collegii,2,4
collegium,Collegio,2,4
collego,collegit,2,4
collego,collegerat,1,4
collego,collegere,1,4
collibueo,collibuerit,1,1
colligo,colligere,3,17
colligo,colligendam,2,17
colligo,collectis,2,17
colligo,colligit,2,17
colligo,collegisset,2,17
colligo,collecta,1,17
colligo,collegerant,1,17
colligo,colligunt,1,17
colligo,collecti,1,17
colligo,colligatos,1,17
colligo,collectum,1,17
collis,colles,1,1
colloco,collocavi,1,4
colloco,collocentur,1,4
colloco,collocavere,1,4
colloco,collocare,1,4
colloquium,colloquium,2,5
colloquium,colloquio,2,5
colloquium,colloquiis,1,5
colloquo,colloquerentur,1,1
colloquor,colloqui,2,4
colloquor,colloquebatur,2,4
colloquus,colloquioq,1,1
colluceo,collucens,1,1
collum,collum,1,2
collum,collo,1,2
colo,colunt,1,7
colo,coluit,1,7
colo,colendam,1,7
colo,coluerunt,1,7
colo,colebat,1,7
colo,coleretur,1,7
colo,coleremus,1,7
color,colore,3,3
columna,columnis,2,3
columna,columna,1,3
com,com,1,1
comburo,comburantur,1,2
comburo,comburunt,1,2
combusso,combussit,1,1
combusto,combusta,1,1
combustus,combusti,1,1
comes,comis,2,7
comes,comites,2,7
comes,comitem,1,7
comes,comitibus,1,7
comes,comem,1,7
comitas,comitate,5,7
comitas,comitatem,1,7
comitas,comitatis,1,7
comitatus,comitatus,2,3
comitatus,comitatu,1,3
comiter,comiter,1,1
comitor,comitarentur,2,4
comitor,comitabantur,1,4
comitor,comitari,1,4
commeatus,commeatu,2,3
commeatus,commeatum,1,3
commēendo,commēendavit,1,1
commemoro,commemorabo,2,10
commemoro,commemoratis,2,10
commemoro,commemoratus,1,10
commemoro,commemoranda,1,10
commemoro,commemoratas,1,10
commemoro,commemorandis,1,10
commemoro,commemorari,1,10
commemoro,commemorata,1,10
commendo,commendavit,2,9
commendo,commendatam,1,9
commendo,commendabant,1,9
commendo,commendatos,1,9
commendo,commendata,1,9
commendo,commendo,1,9
commendo,commendarat,1,9
commendo,commendemus,1,9
commentum,commento,1,1
commentus,commentus,1,1
commercium,commercia,2,4
commercium,commercio,1,4
commercium,commercium,1,4
commigro,commigraret,1,3
commigro,commigrarit,1,3
commigro,commigrar,1,3
commilito,commilitones,2,2
comminatio,comminatione,1,1
comminor,comminati,1,1
commiseratio,commiseratione,3,3
committo,commisit,5,17
committo,committere,2,17
committo,commisso,1,17
committo,commissam,1,17
committo,committit,1,17
committo,committeret,1,17
committo,commisisse,1,17
committo,commiserant,1,17
committo,commissa,1,17
committo,committens,1,17
committo,commissi,1,17
committo,commissus,1,17
commode,commode,2,2
commodum,commodorum,1,2
commodum,commodis,1,2
commodumq,commodumq,1,1
commodus,commodum,4,7
commodus,commoda,1,7
commodus,commodas,1,7
commodus,commodissimum,1,7
commonefacio,commonefaceret,1,2
commonefacio,commonefacti,1,2
commoneficio,commonefecit,1,1
commonefipio,commonefecissemus,1,1
commoratio,commoratio,1,1
commoro,commoraturus,1,1
commoror,commorandi,5,12
commoror,commoratus,2,12
commoror,commorati,1,12
commoror,commoratur,1,12
commoror,commorabatur,1,12
commoror,commorantem,1,12
commoror,commorabantur,1,12
commoueo,commoti,1,1
commoveo,commoverentur,1,3
commoveo,commovit,1,3
commoveo,commoveri,1,3
communico,communicata,1,2
communico,communicarent,1,2
communio,communionem,1,4
communio,communito,1,4
communio,communivit,1,4
communio,communierunt,1,4
communis,communis,2,9
communis,communibus,2,9
communis,communes,1,9
communis,communem,1,9
communis,communi,1,9
communis,commune,1,9
communis,communion,1,9
communitas,Communitas,1,1
commuto,commutare,1,2
commuto,commutaturum,1,2
como,comit,1,1
comoedia,Comoediam,1,2
comoedia,comoedia,1,2
comoedium,comoediis,2,2
compacto,compacti,1,1
compactus,compacta,1,1
compareo,comparuisse,1,1
comparo,compararent,1,4
comparo,comparassent,1,4
comparo,comparare,1,4
comparo,comparasset,1,4
compego,compegit,1,1
compello,compellaret,1,3
compello,compellabant,1,3
compello,compellerent,1,3
Compendius,Compendio,2,4
Compendius,compendio,1,4
Compendius,Compendii,1,4
compenso,compensavit,1,2
compenso,compensari,1,2
compesco,compescat,1,1
compilo,compilat,1,1
complector,complectitur,1,5
complector,complecti,1,5
complector,complectendam,1,5
complector,complexi,1,5
complector,complexus,1,5
compleo,complendas,1,2
compleo,complect,1,2
complures,complura,2,4
complures,complures,2,4
compono,composita,1,4
compono,componere,1,4
compono,composituros,1,4
compono,compositae,1,4
composition,compositionibusq,1,1
comprehendo,Comprehenduntur,1,3
comprehendo,comprehensi,1,3
comprehendo,comprehensa,1,3
comprimo,compressit,1,2
comprimo,compressis,1,2
comprobo,comprobarunt,1,3
comprobo,comprobatunt,1,3
comprobo,comprobaret,1,3
computo,computandum,1,1
con,con,3,3
conatus,conatibus,2,3
conatus,conatu,1,3
concdo,concessere,2,2
concedo,concessit,3,25
concedo,concessa,3,25
concedo,concessum,2,25
concedo,concedere,2,25
concedo,concessisset,2,25
concedo,concessam,1,25
concedo,concesso,1,25
concedo,concedit,1,25
concedo,concesserunt,1,25
concedo,concedentes,1,25
concedo,concedat,1,25
concedo,concederet,1,25
concedo,Concessum,1,25
concedo,concedentibus,1,25
concedo,concessurum,1,25
concedo,concesserat,1,25
concedo,concessuram,1,25
concedo,concessae,1,25
concha,concha,1,1
concido,concidi,1,3
concido,conciderunt,1,3
concido,concisae,1,3
concilio,conciliare,1,3
concilio,conciliarent,1,3
concilio,conciliavit,1,3
concio,concionem,1,2
concio,concionibus,1,2
concipio,concepit,1,3
concipio,concepto,1,3
concipio,conceptam,1,3
concito,concitatus,1,1
conclamo,conclamant,1,1
conclavis,Conclave,1,1
concludo,conclusum,1,1
concordia,concordia,2,2
concretus,concretum,2,2
concupisco,concupisco,1,1
concurro,concurrant,1,6
concurro,concurrere,1,6
concurro,concurrentibus,1,6
concurro,concurrit,1,6
concurro,concurrerent,1,6
concurro,concurrerunt,1,6
concursus,concursus,2,3
concursus,concursum,1,3
concustio,concusserint,1,1
condecoro,condecoratus,1,1
condemno,condemnata,1,1
condico,condicto,1,1
conditio,conditionibus,6,16
conditio,conditione,4,16
conditio,conditiones,2,16
conditio,conditio,2,16
conditio,conditionis,1,16
conditio,conditionem,1,16
condoleo,condolere,1,1
condoluo,condoluere,1,1
condono,condonavit,2,4
condono,condonarit,1,4
condono,condonanda,1,4
conduco,conducere,1,1
confaedo,confaederatus,1,2
confaedo,confaederatum,1,2
confedero,confederati,1,1
conferentia,Conferentiarum,1,1
confero,contulerunt,2,9
confero,contulit,2,9
confero,conferret,1,9
confero,conferunt,1,9
confero,collato,1,9
confero,conferrent,1,9
confero,confertum,1,9
confessarius,confessarii,1,3
confessarius,Confessario,1,3
confessarius,Confessarii,1,3
confessio,confessione,4,8
confessio,confessionis,2,8
confessio,confessionem,2,8
confestim,confestim,6,6
conficio,confecto,2,10
conficio,confectis,2,10
conficio,conficiunt,2,10
conficio,conficiebant,1,10
conficio,conficiamur,1,10
conficio,conficeretur,1,10
conficio,conficiendum,1,10
confido,confidimus,3,8
confido,confidit,1,8
confido,confidebant,1,8
confido,confidamus,1,8
confido,confisi,1,8
confido,Confidimus,1,8
confinis,confinis,2,4
confinis,confines,1,4
confinis,confini,1,4
confinium,confinia,1,1
confinius,confiniis,1,1
confinus,confinibus,1,1
confirmatio,Confirmationis,1,2
confirmatio,confirmatio,1,2
confirmo,confirmati,1,4
confirmo,confirmata,1,4
confirmo,confirmarentur,1,4
confirmo,confirmatum,1,4
confiteo,confiterentur,1,1
confiteor,confessus,4,7
confiteor,confitendi,2,7
confiteor,confitenda,1,7
conflagro,conflagravit,2,2
conflictus,conflictu,3,4
conflictus,conflictus,1,4
confligo,confligit,1,1
confluo,confluerent,1,3
confluo,confluentium,1,3
confluo,confluet,1,3
conflus,confli,1,2
conflus,conflu,1,2
confoederatio,confoederationis,1,1
confoedero,confoederati,1,2
confoedero,confoederatis,1,2
conformis,conformia,1,1
conformitas,Conformitatem,1,1
conformo,conformamus,1,1
conforto,confortavit,1,1
confugio,confugerant,4,10
confugio,confugerat,2,10
confugio,confugiebant,1,10
confugio,confugere,1,10
confugio,confugientibus,1,10
confugio,confugisse,1,10
confundo,confundatur,1,6
confundo,confusam,1,6
confundo,confusas,1,6
confundo,confusos,1,6
confundo,confusa,1,6
confundo,confundendum,1,6
confusio,confusione,2,5
confusio,confusionis,1,5
confusio,confusio,1,5
confusio,confusionem,1,5
Congenses,Congensium,1,1
congratulor,congratulantium,1,1
congregatio,Congregationem,1,2
congregatio,Congregatione,1,2
congrego,congregavit,3,14
congrego,congregatis,3,14
congrego,congregante,1,14
congrego,congregan,1,14
congrego,congregandi,1,14
congrego,congregantes,1,14
congrego,congregaverunt,1,14
congrego,congregatae,1,14
congrego,congregarunt,1,14
congrego,congregaret,1,14
congressus,congressu,3,3
congruo,congruentia,2,5
congruo,congruere,1,5
congruo,congruens,1,5
congruo,congruebat,1,5
conicio,coniectus,2,4
conicio,coniecti,1,4
conicio,coniecisse,1,4
conieccio,coniecturos,1,1
coniectura,coniecturam,1,1
conieo,coniect,1,1
coniicio,coniicere,3,11
coniicio,coniiciens,2,11
coniicio,coniiciunt,1,11
coniicio,coniicerent,1,11
coniicio,coniiciet,1,11
coniicio,coniiciebamus,1,11
coniicio,coniici,1,11
coniicio,coniiceret,1,11
coniugalis,coniugale,1,1
coniugium,coniugiorum,1,1
coniunctus,coniunctissimus,1,1
coniungo,coniungere,2,9
coniungo,coniungerentur,1,9
coniungo,coniunctis,1,9
coniungo,coniunctam,1,9
coniungo,coniunctus,1,9
coniungo,coniunctae,1,9
coniungo,coniungeret,1,9
coniungo,coniungi,1,9
coniunx,coniugi,3,5
coniunx,coniux,1,5
coniunx,coniuge,1,5
coniuratio,Coniuratio,1,1
coniuro,coniurant,1,1
coniux,coniugem,2,2
conor,conatum,3,14
conor,conatus,3,14
conor,conatur,2,14
conor,conabatur,2,14
conor,conaremur,1,14
conor,conantur,1,14
conor,conati,1,14
conor,conabantur,1,14
conquestus,conquesti,1,2
conquestus,conquestus,1,2
conquiesco,conquievisset,1,1
conquio,conquierunt,1,1
conquiro,conquisiti,2,4
conquiro,conquisitus,1,4
conquiro,conquiri,1,4
conquisio,conquisitos,1,1
consaluto,consalutavit,1,1
consanguineus,consanguinei,1,1
conscendo,conscendit,2,6
conscendo,conscenderent,1,6
conscendo,conscenderant,1,6
conscendo,conscendunt,1,6
conscendo,Conscensa,1,6
conscido,conscidisse,1,1
conscientia,conscientia,1,2
conscientia,conscientie,1,2
conscius,consciis,1,3
conscius,conscii,1,3
conscius,conscius,1,3
conscribo,conscribunt,1,2
conscribo,conscriberetur,1,2
consecratio,consecratio,1,1
consecuturo,consecuturam,1,1
consefero,consecuturae,1,1
consensio,consensione,1,1
consensus,consensu,1,1
consentaneus,consentaneum,1,2
consentaneus,consentaneam,1,2
consentio,consensit,1,1
consequenter,consequenter,1,1
consequor,consecuturum,2,9
consequor,consecutus,1,9
consequor,consecutum,1,9
consequor,consecuta,1,9
consequor,consequetur,1,9
consequor,consequatur,1,9
consequor,consecutae,1,9
consequor,consequi,1,9
conseruo,conservata,1,2
conseruo,conseruet,1,2
conservatio,conservationem,1,2
conservatio,conservatio,1,2
conservo,conservare,2,8
conservo,conservandas,2,8
conservo,conservaret,2,8
conservo,conservarunt,1,8
conservo,conservandis,1,8
consicio,conspexere,1,1
considero,considera,1,2
considero,considerant,1,2
consido,considet,1,1
consigno,consignata,1,1
consiliariisis,consiliariisq,1,1
consilium,consilio,13,33
consilium,consilium,10,33
consilium,consilia,8,33
consilium,consiliis,2,33
consimilis,consimili,2,2
consisto,constiterit,1,1
consobrinus,consobrinus,1,2
consobrinus,consobrinum,1,2
consolatio,consolatione,4,11
consolatio,consolationem,2,11
consolatio,consolationi,1,11
consolatio,consolationes,1,11
consolatio,Consolatione,1,11
consolatio,consolatio,1,11
consolatio,consolationis,1,11
consolator,consolatorem,1,1
consolor,consolari,3,6
consolor,consolatur,2,6
consolor,consolati,1,6
conspectus,conspectum,3,6
conspectus,conspectu,2,6
conspectus,conspectus,1,6
conspicio,conspiciebant,1,2
conspicio,conspiciebat,1,2
conspiratio,conspiratio,1,2
conspiratio,conspirationem,1,2
constans,constanti,1,1
constanter,constanter,2,2
constantia,constantiam,3,6
constantia,constantia,2,6
constantia,constantiae,1,6
constantinus,Constantinus,2,2
constipo,constipati,1,1
constituo,constituit,4,13
constituo,constituta,3,13
constituo,constituentes,1,13
constituo,constitutus,1,13
constituo,constituimus,1,13
constituo,constituerint,1,13
constituo,Constitutus,1,13
constituo,constitutis,1,13
constitutio,constitutione,1,1
consto,constat,4,11
consto,constans,2,11
consto,constent,1,11
consto,constabant,1,11
consto,Constat,1,11
consto,constitit,1,11
consto,constet,1,11
constringo,constringi,1,1
construo,constructa,1,1
consuesco,consueta,4,7
consuesco,consueverunt,1,7
consuesco,consueverat,1,7
consuesco,consuetis,1,7
consuetudo,consuetudines,1,4
consuetudo,consuetudo,1,4
consuetudo,consuetudine,1,4
consuetudo,consuetudini,1,4
consulo,consuluisset,1,2
consulo,consuleret,1,2
consultius,consultius,1,1
consummo,consummandum,1,1
contactus,contactu,1,2
contactus,contactus,1,2
contego,contegunt,1,1
conteho,contectos,1,1
contemno,contemneret,1,5
contemno,contemnendis,1,5
contemno,contemnendae,1,5
contemno,contemnenda,1,5
contemno,contemneremus,1,5
contemo,contemptos,1,1
contemptim,contemptim,1,1
contemptus,contemptui,1,1
contendo,contendit,3,9
contendo,contendebant,2,9
contendo,contendunt,1,9
contendo,contenderat,1,9
contendo,contenderent,1,9
contendo,contendisse,1,9
contentio,contentione,2,5
contentio,contentio,2,5
contentio,contentiones,1,5
conterreo,conterruit,1,1
contexum,contexunt,1,1
continens,continenti,2,2
continenter,continenter,1,1
contineo,contentus,9,23
contineo,continerent,3,23
contineo,continens,2,23
contineo,contenti,2,23
contineo,continendis,1,23
contineo,continentem,1,23
contineo,contineret,1,23
contineo,contineant,1,23
contineo,continebat,1,23
contineo,continent,1,23
contineo,contineo,1,23
contingo,contigit,2,6
contingo,contigisset,1,6
contingo,Contigit,1,6
contingo,contingat,1,6
contingo,contingere,1,6
continuatio,continuatione,1,1
continuo,continuo,5,7
continuo,continuata,1,7
continuo,continuare,1,7
continuoque,continuoque,1,1
continuus,continuis,4,6
continuus,continua,1,6
continuus,continuam,1,6
contra,contra,40,41
contra,Contra,1,41
contraho,contractus,1,2
contraho,contraxerat,1,2
contrarius,contraria,3,7
contrarius,contrarium,3,7
contrarius,contrarios,1,7
contritio,contritionem,1,2
contritio,contritionis,1,2
controversia,controversia,1,2
controversia,controversiae,1,2
contrucido,contrucidatis,1,3
contrucido,contrucidarunt,1,3
contrucido,contrucidandos,1,3
contulo,contulere,1,1
contumelia,contumelias,1,1
conuenio,convenit,2,2
convehendo,convehenda,1,1
convenienter,convenienter,3,3
convenio,convenirent,2,9
convenio,convenire,2,9
convenio,convenientem,2,9
convenio,convenisse,1,9
convenio,convenerant,1,9
convenio,conveniat,1,9
conversatio,conversatione,1,1
conversio,conversioni,3,14
conversio,conversio,3,14
conversio,conversionis,2,14
conversio,conversiones,2,14
conversio,Conversio,1,14
conversio,Conversioni,1,14
conversio,Conversionem,1,14
conversio,conversionem,1,14
conversus,conversorum,1,1
converto,conversus,3,10
converto,converterat,1,10
converto,convertendae,1,10
converto,converterent,1,10
converto,convertendi,1,10
converto,converti,1,10
converto,convertit,1,10
converto,convertendis,1,10
convinco,convicti,1,2
convinco,convictus,1,2
convivium,convivio,3,7
convivium,conviviis,2,7
convivium,convivia,1,7
convivium,convivium,1,7
convivor,convivantes,1,1
convoco,convocarant,1,4
convoco,Convocatis,1,4
convoco,convocat,1,4
convoco,convocatis,1,4
cooperio,coopertus,1,1
copia,copias,15,40
copia,copiis,9,40
copia,copiae,6,40
copia,copia,5,40
copia,copiarum,4,40
copia,copiam,1,40
copiasque,copiasque,1,1
copiosus,copiosiore,1,3
copiosus,copiosi,1,3
copiosus,copiosa,1,3
cor,cor,4,5
cor,cordibus,1,5
coraeus,Coraeam,1,1
coraianus,Coraianae,2,2
Coraianus,Coraiano,5,8
Coraianus,Coraiana,1,8
Coraianus,Coraiani,1,8
Coraianus,Coraianum,1,8
Coraius,Corai,1,1
coram,coram,7,7
cordo,cordatum,1,1
cordor,cordati,1,1
corea,Coream,1,1
coreanus,Coreanis,4,8
coreanus,Coreano,2,8
coreanus,Coreani,1,8
coreanus,Coreanos,1,8
coreas,Coreae,8,8
corium,corio,1,2
corium,corii,1,2
cornu,cornu,1,1
corona,coronae,1,1
corono,coronarunt,1,1
corporalis,corporalibus,1,1
corporisque,corporisque,1,1
corpus,corporis,3,10
corpus,corpus,3,10
corpus,corporibus,2,10
corpus,corpora,1,10
corpus,Corpus,1,10
corpusque,corpusque,1,1
corrigo,correcta,1,2
corrigo,correcti,1,2
corripio,corripiendi,1,2
corripio,corripere,1,2
corro,corrasit,1,1
corroboro,corroborati,1,1
corrumpo,corruptus,2,4
corrumpo,corrupto,1,4
corrumpo,corruptum,1,4
corruo,corruit,3,3
corrupio,corrupit,1,1
corruptus,corrupti,1,1
corumenus,Corumensium,2,2
corumus,Corumi,1,1
cospectus,cospectum,1,1
cottidie,quotidie,3,3
crassus,crassum,1,1
creator,creatori,1,1
creatura,creaturis,1,1
creber,creberrime,1,3
creber,crebra,1,3
creber,crebrae,1,3
crebrior,crebriores,1,1
crebrisque,crebrisque,1,1
crebrius,crebrius,1,1
credo,credunt,4,19
credo,creditur,3,19
credo,credam,2,19
credo,credidit,2,19
credo,crederent,1,19
credo,credat,1,19
credo,crederem,1,19
credo,crederes,1,19
credo,credebant,1,19
credo,crederet,1,19
credo,credo,1,19
credo,credenti,1,19
cremo,cremarunt,1,1
creo,creabatur,1,3
creo,crearet,1,3
creo,creavit,1,3
cresco,crevit,1,3
cresco,crescente,1,3
cresco,crescebat,1,3
cretum,creta,1,1
crimen,crimen,5,8
crimen,criminum,1,8
crimen,criminibus,1,8
crimen,criminis,1,8
criminatio,Criminationes,1,1
crinis,crines,4,4
croceus,Croceum,4,7
croceus,Croceo,1,7
croceus,Crocei,1,7
croceus,croceum,1,7
cruc,cruc,1,1
crucifigo,Crucifixus,1,1
crude,crude,1,1
crudelis,crudelissime,8,15
crudelis,crudelissimam,2,15
crudelis,crudelior,1,15
crudelis,crudeles,1,15
crudelis,crudelissimus,1,15
crudelis,crudelissimi,1,15
crudelis,Crudelissima,1,15
crudelitas,crudelitatis,4,11
crudelitas,crudelitatem,3,11
crudelitas,crudelitate,2,11
crudelitas,crudelitati,1,11
crudelitas,crudelitas,1,11
crudeliter,crudeliter,2,2
cruentus,cruentam,1,1
crux,crux,3,10
crux,crucem,3,10
crux,crucis,2,10
crux,cruces,1,10
crux,Crucem,1,10
cto,ctare,1,1
ctor,ctor,1,1
ctoria,ctoriae,1,1
ctus,ctus,1,1
cu,Cu,2,2
cubernator,Cubernator,1,1
cubile,cubili,1,1
cubilis,Cubile,1,1
culo,culturum,1,1
culpa,culpa,3,3
cult,cult,1,1
cultellus,cultellus,1,1
cultor,cultorem,1,1
cultus,culta,1,3
cultus,cultu,1,3
cultus,cultum,1,3
culus,culo,1,1
cum,cum,310,343
cum,Cum,33,343
cumulo,cumulati,1,3
cumulo,Cumulabat,1,3
cumulo,cumulato,1,3
cunctatio,cunctatione,2,2
cunctatus,cunctatus,1,1
cunctus,cunctas,2,3
cunctus,cuncto,1,3
cuneus,cuneorum,1,1
cunha,Cunha,1,1
cuniculus,cuniculo,1,1
cupiditas,cupiditas,1,3
cupiditas,cupiditate,1,3
cupiditas,cupiditatis,1,3
cupidus,cupidus,1,1
cupo,cupando,1,1
cuprimo,cupressos,1,1
cur,cur,6,6
cura,cura,3,7
cura,curam,3,7
cura,curis,1,7
curatio,curationem,1,1
curo,curato,1,9
curo,curavimus,1,9
curo,curarent,1,9
curo,curarint,1,9
curo,curavi,1,9
curo,curari,1,9
curo,curavit,1,9
curo,curandis,1,9
curo,curasse,1,9
curris,curribus,1,1
currus,currus,2,2
cursor,cursorem,2,3
cursor,cursor,1,3
cursus,cursum,5,9
cursus,cursu,4,9
curulis,curulium,3,3
custodia,custodia,3,6
custodia,custodiam,2,6
custodia,custodiae,1,6
custodio,custodienda,2,6
custodio,custodiebat,1,6
custodio,custodiendas,1,6
custodio,custoditos,1,6
custodio,custodiretur,1,6
custos,custodibus,1,2
custos,custodes,1,2
d,D,7,8
d,d,1,8
d.dominus,D.Domina,1,1
d’acosta,d’Acosta,1,1
dae,dae,1,1
daemon,daemone,1,4
daemon,daemonem,1,4
daemon,daemon,1,4
daemon,daemonum,1,4
daifusamus,Daifusama,29,66
daifusamus,Daifusamae,24,66
daifusamus,Daifusamam,12,66
daifusamus,Daifusame,1,66
damnatio,damnationis,1,1
damno,damnatis,1,5
damno,damnant,1,5
damno,damnavit,1,5
damno,damnat,1,5
damno,damnata,1,5
damnum,damni,3,5
damnum,damna,2,5
dareque,dareque,1,1
de,de,177,184
de,De,5,184
de,DE,2,184
debello,debellandi,2,5
debello,debellassent,2,5
debello,debellare,1,5
debeo,debitam,5,36
debeo,debere,4,36
debeo,debito,3,36
debeo,debet,3,36
debeo,debebant,3,36
debeo,debeat,3,36
debeo,debitum,2,36
debeo,debuit,2,36
debeo,debent,2,36
debeo,debeas,1,36
debeo,debitis,1,36
debeo,debita,1,36
debeo,debeant,1,36
debeo,debetur,1,36
debeo,debebat,1,36
debeo,debebantur,1,36
debeo,debitas,1,36
debeo,deberemus,1,36
debilis,debiles,1,1
debilito,debilitati,1,1
decanto,decantatum,1,1
deceipio,deceptusq,1,1
decem,decem,7,7
december,Decembris,2,2
deceo,decept,1,1
decerno,decreverunt,3,11
decerno,decrevit,2,11
decerno,decrevisse,2,11
decerno,decrevisset,2,11
decerno,decerneret,1,11
decerno,decretae,1,11
decerto,decertatum,1,3
decerto,decertabant,1,3
decerto,decertassent,1,3
decessor,decessoribus,1,1
decessus,Decessorum,1,1
decet,deceat,1,1
decetero,decetero,1,1
decies,decies,1,1
decimusterte,decimustertius,1,1
decipio,deceptos,1,4
decipio,decipi,1,4
decipio,deciperent,1,4
decipio,deceptus,1,4
declarar,declarar,1,1
declaro,declaravit,8,14
declaro,declaratus,1,14
declaro,declarat,1,14
declaro,declarant,1,14
declaro,declarare,1,14
declaro,declararet,1,14
declaro,declararint,1,14
declino,declinemus,1,3
declino,declinari,1,3
declino,declinatis,1,3
decretum,decretum,4,9
decretum,decreto,3,9
decretum,Decretum,2,9
decro,decreverant,1,1
decursus,decursu,2,3
decursus,decursum,1,3
decus,decus,2,2
dedecor,dedecore,1,1
dedecus,dedecori,1,2
dedecus,dedecoris,1,2
dedeo,dedebant,1,1
dedico,dedicatarum,1,1
dedigno,dedignantes,1,1
dedisco,dediscentes,1,1
deditio,deditionem,10,13
deditio,deditionis,1,13
deditio,deditio,1,13
deditio,deditione,1,13
dedo,dediderunt,2,2
deduco,deducti,3,13
deduco,deductus,3,13
deduco,Deducti,1,13
deduco,deducam,1,13
deduco,deductis,1,13
deduco,deducta,1,13
deduco,deducunt,1,13
deduco,deducerent,1,13
deduco,deduci,1,13
defatigatio,defatigationis,1,1
defatigo,defatigatus,1,1
defeco,defecere,1,1
defectio,defectiones,2,3
defectio,defectione,1,3
defectus,defectum,2,2
defendo,defendebat,3,15
defendo,defenderent,2,15
defendo,defendit,1,15
defendo,defendente,1,15
defendo,defendi,1,15
defendo,defendebant,1,15
defendo,defendendi,1,15
defendo,defensa,1,15
defendo,defenderunt,1,15
defendo,defendendum,1,15
defendo,defensi,1,15
defendo,defendissent,1,15
defensio,defensionem,5,7
defensio,defensioni,1,7
defensio,defensio,1,7
defensiono,defensionemq,1,1
defeo,defuere,2,2
defero,detulit,2,13
defero,delatus,2,13
defero,delatum,2,13
defero,deferretur,1,13
defero,delatis,1,13
defero,delaturum,1,13
defero,deferret,1,13
defero,delata,1,13
defero,deferre,1,13
defero,detulisset,1,13
deficio,deficiunt,3,12
deficio,defecit,3,12
deficio,deficientes,1,12
deficio,deficit,1,12
deficio,defecerat,1,12
deficio,defecisse,1,12
deficio,deficere,1,12
deficio,defecerunt,1,12
defigo,defixi,2,4
defigo,defixa,1,4
defigo,defigeretur,1,4
definio,definito,1,1
defraudo,defraudatus,1,1
defsum,defuturam,1,1
defuereo,defuerunt,1,1
defungor,Defuncto,1,3
defungor,defuncti,1,3
defungor,defuncto,1,3
defuo,defutur,1,1
degens,degentis,1,1
degeo,degebant,3,15
degeo,degens,2,15
degeo,degentem,2,15
degeo,degenti,2,15
degeo,degentibus,2,15
degeo,degere,1,15
degeo,degentes,1,15
degeo,degeretq,1,15
degeo,degente,1,15
degereo,degerent,1,1
deget,degebat,4,4
degusto,degustarant,1,1
deicio,deiectus,2,6
deicio,deiecissent,1,6
deicio,deiecit,1,6
deicio,deiectum,1,6
deicio,deiecti,1,6
deiectique,deiectique,1,1
deiicio,deiicimur,1,1
deinceps,deinceps,15,15
deinde,deinde,28,37
deinde,Deinde,7,37
deinde,dein,1,37
deinde,Dein,1,37
delego,delecta,1,1
deleo,deleti,3,15
deleo,delevit,2,15
deleo,deleta,2,15
deleo,delebat,2,15
deleo,deleretur,1,15
deleo,deleri,1,15
deleo,delent,1,15
deleo,delendis,1,15
deleo,deleverunt,1,15
deleo,delere,1,15
delibero,deliberando,1,1
delicia,deliciis,3,3
delictum,delictum,1,1
deligo,delectum,1,3
deligo,Delegit,1,3
deligo,delectus,1,3
delitesco,delitescere,1,2
delitesco,delitescentes,1,2
delubrum,delubrum,1,3
delubrum,delubri,1,3
delubrum,delubro,1,3
dem,dem,4,4
demando,demandata,2,3
demando,demandasset,1,3
demento,dementarat,1,3
demento,dementandos,1,3
demento,dementabat,1,3
demereo,demerebatur,1,1
demitto,demittunt,1,3
demitto,demissae,1,3
demitto,demittebat,1,3
demonstro,demonstravit,2,5
demonstro,demonstrabat,1,5
demonstro,demonstrare,1,5
demonstro,demonstraturus,1,5
demorior,demortui,1,1
demulco,demulcet,1,1
demum,demum,30,34
demum,Demum,4,34
denego,denegaturum,1,1
deniq,deniq,4,7
deniq,Deniq,3,7
denique,denique,9,13
denique,Denique,4,13
densus,densissimis,1,1
denuntio,denuntiant,1,1
denuo,denuo,13,13
deo,divit,1,2
deo,dierit,1,2
deor,Deor,1,1
deploro,deplorandam,1,2
deploro,deplorandis,1,2
depono,depositis,2,8
depono,depositurum,1,8
depono,deposuerat,1,8
depono,deponunt,1,8
depono,deposuerunt,1,8
depono,deposito,1,8
depono,deponerent,1,8
depopulor,depopulantur,1,1
depor,depor,1,2
depor,deport,1,2
deporto,deportabat,1,2
deporto,deportaret,1,2
deposco,deposcat,1,1
deposuno,deposuissent,1,1
depraedatio,depraedatio,1,1
deprehendo,deprehendebat,1,2
deprehendo,deprehensos,1,2
depugno,depugnans,1,1
derelinquo,derelictus,1,1
derepente,derepente,2,2
derivo,derivaremus,1,2
derivo,derivandi,1,2
dero,derunt,1,1
desaevio,desaeviret,1,2
desaevio,desaevire,1,2
descendo,descendens,1,2
descendo,Descendit,1,2
describo,describam,4,9
describo,descriptus,1,9
describo,describuntur,1,9
describo,describere,1,9
describo,descripsi,1,9
describo,describenda,1,9
desero,deserere,3,15
desero,deserturos,2,15
desero,deserto,2,15
desero,deserenda,1,15
desero,desererent,1,15
desero,deserendi,1,15
desero,desertus,1,15
desero,deserta,1,15
desero,desertum,1,15
desero,desertis,1,15
desero,Deserere,1,15
deseruio,deseruit,3,3
deservo,deserverant,1,1
desiderium,desiderio,4,6
desiderium,desiderium,2,6
desidero,desiderari,3,10
desidero,desiderata,2,10
desidero,desidero,1,10
desidero,desiderarentur,1,10
desidero,desideratis,1,10
desidero,desideret,1,10
desidero,desiderarent,1,10
designo,designatis,1,4
designo,designarat,1,4
designo,designavit,1,4
designo,designasset,1,4
desino,desinunt,1,2
desino,desineret,1,2
despectus,despectum,1,1
despero,desperata,1,6
despero,desperarent,1,6
despero,desperatis,1,6
despero,desperarit,1,6
despero,desperent,1,6
despero,desperamus,1,6
despondeo,desponderi,1,1
desponso,desponsavit,1,1
destino,destinati,2,9
destino,destinatos,1,9
destino,destinatum,1,9
destino,destinato,1,9
destino,destinentur,1,9
destino,destinatis,1,9
destino,destinatus,1,9
destino,destinare,1,9
destituo,destituti,2,6
destituo,destitutus,2,6
destituo,Destituti,1,6
destituo,destituit,1,6
destruo,destruere,1,3
destruo,destructum,1,3
destruo,destructa,1,3
desum,deessent,3,12
desum,desunt,2,12
desum,deesse,1,12
desum,deesset,1,12
desum,defuisset,1,12
desum,deest,1,12
desum,deerunt,1,12
desum,desint,1,12
desum,defuerit,1,12
desumo,desumpsi,1,1
detego,detecta,1,1
deterior,deteriora,2,3
deterior,deteriores,1,3
deterreo,deterriti,1,3
deterreo,deterreret,1,3
deterreo,deterreren,1,3
detestor,detestantes,1,1
detineo,detineret,1,6
detineo,detinetur,1,6
detineo,detineant,1,6
detineo,detinet,1,6
detineo,detineat,1,6
detineo,detinuit,1,6
detraho,detrahi,1,2
detraho,detracta,1,2
detrecto,detrectare,1,4
detrecto,detrectavit,1,4
detrecto,detrectat,1,4
detrecto,detrectandi,1,4
detrimentum,detrimentum,1,1
detrudo,detrusa,1,3
detrudo,detruderet,1,3
detrudo,detrusi,1,3
detruo,detrusit,1,1
deturbo,deturbatus,1,1
deus,Deo,13,65
deus,Deus,11,65
deus,Dei,9,65
deus,Deum,7,65
deus,DEI,6,65
deus,di,5,65
deus,DEUS,3,65
deus,DEO,3,65
deus,Deorum,3,65
deus,DEUM,2,65
deus,diis,2,65
deus,Deos,1,65
devasto,devastans,1,1
devenio,devenit,2,3
devenio,devenerit,1,3
devincio,devinctos,1,1
devinco,devictos,1,1
devingo,devinxit,1,1
devoro,devorarat,1,1
devotio,devotione,1,1
devotus,devotus,1,1
dexter,dextera,1,1
dexteritas,dexteritate,2,2
diabolicus,Diabolicis,1,3
diabolicus,diabolicas,1,3
diabolicus,diabolica,1,3
diametros,diametro,1,1
dico,dictus,13,111
dico,diximus,10,111
dico,dicti,9,111
dico,dictis,8,111
dico,dixit,7,111
dico,dicta,7,111
dico,dicitur,6,111
dico,dictum,5,111
dico,dicebat,4,111
dico,dicunt,4,111
dico,dictam,4,111
dico,dicto,4,111
dico,dictos,4,111
dico,dicebatur,3,111
dico,dici,2,111
dico,dicenda,2,111
dico,Dico,1,111
dico,Dictus,1,111
dico,dictu,1,111
dico,dicimus,1,111
dico,dicuntur,1,111
dico,dicam,1,111
dico,dicens,1,111
dico,Dicitur,1,111
dico,dicatur,1,111
dico,dicemus,1,111
dico,dicturus,1,111
dico,dictas,1,111
dico,diceretque,1,111
dico,dicendi,1,111
dico,dictorum,1,111
dico,dicerent,1,111
dico,diceret,1,111
dico,Dictae,1,111
dico,dicebamus,1,111
dictito,dictitabant,2,3
dictito,dictitarunt,1,3
dictor,dictor,1,1
didico,Didicerant,1,1
dies,die,17,48
dies,dies,13,48
dies,diebus,11,48
dies,dierum,5,48
dies,Dies,1,48
dies,Diem,1,48
differo,differebant,2,8
differo,distulit,2,8
differo,differunt,1,8
differo,differentur,1,8
differo,differre,1,8
differo,dilata,1,8
difficilis,difficiliores,1,2
difficilis,difficiliora,1,2
difficiliter,difficilius,1,1
difficilus,difficilioribus,1,1
difficultas,difficultate,3,8
difficultas,difficultatem,1,8
difficultas,difficultatis,1,8
difficultas,difficultates,1,8
difficultas,difficultas,1,8
difficultas,difficultatum,1,8
diffundo,diffusi,1,1
digitus,digitorum,2,2
dignitas,dignitatem,5,10
dignitas,Dignitatem,1,10
dignitas,dignitates,1,10
dignitas,dignitate,1,10
dignitas,dignitas,1,10
dignitas,dignitatis,1,10
dignitatum,dignitatumque,1,1
dignitissis,dignitissim,1,1
digno,dignentur,1,1
dignor,dignati,1,3
dignor,dignatum,1,3
dignor,dignatus,1,3
dignosco,dignosceret,1,1
dignumq,dignumq,1,1
dignus,digni,3,11
dignus,digna,2,11
dignus,dignum,2,11
dignus,dignus,1,11
dignus,dignis,1,11
dignus,digno,1,11
dignus,dignae,1,11
digo,direxerant,1,1
digredior,digressus,3,4
digredior,digressos,1,4
digreo,digressurus,1,1
dilabeo,dilabendum,1,1
dilacero,dilaceratae,1,2
dilacero,dilaceratum,1,2
diligenter,diligenter,4,5
diligenter,diligentissime,1,5
diligentia,diligentia,4,4
diligo,diligens,1,2
diligo,diligentibus,1,2
diluculum,diluculo,1,1
dimico,dimicare,2,5
dimico,dimicassent,1,5
dimico,dimicaturos,1,5
dimico,dimicans,1,5
dimidio,dimidiati,2,2
dimidius,dimidium,1,3
dimidius,dimidiam,1,3
dimidius,dimidii,1,3
diminutio,diminutionem,1,1
dimitto,dimissus,2,5
dimitto,dimittebat,1,5
dimitto,dimittebant,1,5
dimitto,dimissis,1,5
dimoveo,dimoveri,1,1
diploma,diploma,2,2
diplomatus,diplomatibus,1,1
diq,diq,1,1
dirigo,directae,1,2
dirigo,direxit,1,2
dirio,dirisque,1,1
dirioro,dirioraq,1,1
diripio,diripiunt,4,6
diripio,diripiebat,1,6
diripio,direptas,1,6
diripo,diriperent,2,2
diripuo,diripuerunt,1,1
diruo,dirutis,1,2
diruo,dirutae,1,2
dirus,dirissima,2,12
dirus,dira,2,12
dirus,dirus,1,12
dirus,dirae,1,12
dirus,dirius,1,12
dirus,dirissimus,1,12
dirus,diris,1,12
dirus,dirum,1,12
dirus,diro,1,12
dirus,diram,1,12
dis,ditissimus,1,1
discedo,discedere,3,14
discedo,Discessimus,1,14
discedo,discesserunt,1,14
discedo,discedentibus,1,14
discedo,discessi,1,14
discedo,discederet,1,14
discedo,discessisse,1,14
discedo,discessurus,1,14
discedo,Discedebant,1,14
discedo,discedent,1,14
discedo,discedendum,1,14
discedo,discessit,1,14
disceeo,discesser,1,1
discerno,discernerent,1,1
discessus,discessum,5,6
discessus,discessu,1,6
discindo,discinderentur,1,1
disco,didicerat,1,3
disco,didicit,1,3
disco,didicerit,1,3
discors,discordes,1,1
discrimen,discrimen,14,18
discrimen,discrimine,2,18
discrimen,discrimina,2,18
discutio,discussit,1,1
diserte,diserte,2,2
disertus,disertis,2,2
disicio,disiecta,1,1
disiicio,disiicientes,1,2
disiicio,disiiciendis,1,2
disiungo,disiuncta,1,2
disiungo,disiunctum,1,2
dispendium,dispendio,3,3
dispergo,dispersi,2,7
dispergo,dispersae,1,7
dispergo,dispersas,1,7
dispergo,dispersum,1,7
dispergo,dispersis,1,7
dispergo,dispersos,1,7
dispersio,dispersione,1,1
dispertia,dispertiam,1,1
displiceo,displicere,1,1
dispono,disposita,1,4
dispono,disposuerunt,1,4
dispono,disponeret,1,4
dispono,disposuit,1,4
disponsuo,disponsuit,1,1
disseco,dissecta,1,2
disseco,dissecuit,1,2
dissecsco,dissecuerunt,1,1
dissecuo,dissecuisse,1,1
dissensio,dissensiones,1,3
dissensio,dissensio,1,3
dissensio,dissensionis,1,3
dissentio,dissentire,1,1
dissideo,dissideb,1,1
dissidia,dissidia,1,1
dissimulatio,dissimulatione,1,1
dissimulo,dissimularet,2,3
dissimulo,dissimulabant,1,3
dissoluo,dissoluta,1,1
dissolvo,dissolveretur,1,2
dissolvo,dissolveret,1,2
distinguo,distinctum,1,2
distinguo,distincta,1,2
disto,distat,2,5
disto,distaret,1,5
disto,distantes,1,5
disto,distabat,1,5
distraho,distractas,1,1
distribuo,distribuit,3,10
distribuo,distributis,1,10
distribuo,distribuunt,1,10
distribuo,distributos,1,10
distribuo,distribuerat,1,10
distribuo,distribuam,1,10
distribuo,distributum,1,10
distribuo,distribuebat,1,10
distringo,distringere,1,1
disturbo,disturbatas,1,2
disturbo,disturbata,1,2
ditio,ditione,6,14
ditio,ditionem,4,14
ditio,ditioni,3,14
ditio,ditionis,1,14
dition,dition,1,1
ditium,ditio,1,1
dito,ditatos,1,1
ditus,ditissima,5,12
ditus,ditissimi,2,12
ditus,ditissimam,2,12
ditus,ditissimis,1,12
ditus,ditissimas,1,12
ditus,ditissimos,1,12
diu,diu,11,14
diu,diutius,3,14
diuerto,diversis,2,2
diuinus,divina,8,21
diuinus,divinam,4,21
diuinus,Divinam,3,21
diuinus,divinum,3,21
diuinus,divino,2,21
diuinus,Divino,1,21
dium,dio,1,1
diuq,diuq,1,1
diuturnus,diuturna,2,3
diuturnus,diuturnam,1,3
diveho,divexebat,1,1
divello,divellendus,1,1
divelo,divell,1,1
divendo,divenditis,1,1
diverberatio,diverberatione,1,1
diverbero,diverberandis,1,1
diverso,diversabantur,1,2
diverso,diversaretur,1,2
diversorium,diversorium,1,1
diversus,diversus,1,1
diverto,divertere,2,4
diverto,diverterant,1,4
diverto,diversos,1,4
dives,dives,2,3
dives,divites,1,3
divexo,divexaret,1,1
divido,divisi,3,6
divido,dividit,1,6
divido,diviso,1,6
divido,diviserunt,1,6
divinaequus,divinaeque,1,1
divinaque,divinaque,1,1
divinus,divinae,11,19
divinus,Divinae,4,19
divinus,divini,2,19
divinus,divinis,2,19
divitiae,divitias,5,12
divitiae,divitiis,4,12
divitiae,divitiarum,2,12
divitiae,divitiae,1,12
divortio,divortio,1,1
divortium,divortium,1,1
divulgo,divulgata,1,2
divulgo,divulgabatur,1,2
divulo,divulti,1,1
divus,Divos,1,1
do,dedit,25,81
do,data,9,81
do,dare,3,81
do,daretur,3,81
do,dam,3,81
do,dabat,2,81
do,dederint,2,81
do,dedere,2,81
do,daret,2,81
do,datis,2,81
do,dedisset,2,81
do,dato,2,81
do,datae,2,81
do,datas,2,81
do,dabimus,1,81
do,dari,1,81
do,dante,1,81
do,detis,1,81
do,dedidit,1,81
do,detur,1,81
do,dar,1,81
do,darent,1,81
do,degeb,1,81
do,degeret,1,81
do,datum,1,81
do,datam,1,81
do,do,1,81
do,dedisse,1,81
do,daturum,1,81
do,daturos,1,81
do,dederent,1,81
do,dederit,1,81
do,da,1,81
do,datur,1,81
doceo,docere,1,3
doceo,docerent,1,3
doceo,doceat,1,3
doctior,Doctiores,1,2
doctior,doctiores,1,2
doctor,Doctores,1,5
doctor,Doctorum,1,5
doctor,Doctoribus,1,5
doctor,Doctoris,1,5
doctor,Doctor,1,5
doctrina,doctrina,4,11
doctrina,doctrinam,4,11
doctrina,Doctrinae,2,11
doctrina,doctrinae,1,11
doctus,doctos,1,2
doctus,doctioribus,1,2
doleo,dolentibus,1,4
doleo,dolere,1,4
doleo,dolente,1,4
doleo,doleret,1,4
dolium,dolio,1,1
dolor,dolore,5,13
dolor,dolorem,5,13
dolor,doloribus,1,13
dolor,doloris,1,13
dolor,dolor,1,13
doloreque,doloreque,1,1
dolus,dolo,1,1
domesticus,domesticis,1,1
domi,domi,3,3
domicilium,domiciliis,6,11
domicilium,domicilia,4,11
domicilium,domicilium,1,11
domin,Domin,2,2
domina,Dominae,2,4
domina,Domina,2,4
dominicanus,Dominicani,2,3
dominicanus,Dominicanis,1,3
dominicus,Dominicum,2,4
dominicus,Dominicus,1,4
dominicus,Dominicam,1,4
dominium,dominio,1,1
dominor,dominantur,1,3
dominor,dominatus,1,3
dominor,dominabatur,1,3
dominosque,Dominosque,1,1
dominus,Domini,49,155
dominus,Dominus,26,155
dominus,Domino,21,155
dominus,Dominum,12,155
dominus,Dominis,12,155
dominus,Dominos,12,155
dominus,Dominorum,9,155
dominus,Dominam,4,155
dominus,domini,3,155
dominus,dominorum,2,155
dominus,dominis,2,155
dominus,domino,1,155
dominus,dominos,1,155
dominus,Domine,1,155
domo,domari,1,2
domo,domare,1,2
domumus,Domumq,1,1
domus,domum,11,26
domus,domus,5,26
domus,domo,5,26
domus,domos,3,26
domus,domibus,1,26
domus,domorum,1,26
domusq,Domusq,1,1
donec,donec,18,18
dono,donatus,3,10
dono,donabat,2,10
dono,donaverat,1,10
dono,donarint,1,10
dono,donati,1,10
dono,donari,1,10
dono,donandum,1,10
donum,donis,2,7
donum,dona,2,7
donum,donum,2,7
donum,dono,1,7
donus,donus,1,1
dos,dotibus,1,3
dos,dos,1,3
dos,dotes,1,3
draco,Draconem,1,2
draco,Draconi,1,2
du,du,1,1
duabus,duabusque,1,1
dubitatio,dubitationes,1,1
dubito,dubito,3,13
dubito,dubitabant,2,13
dubito,dubitavit,1,13
dubito,dubitari,1,13
dubito,dubitarit,1,13
dubito,dubitarunt,1,13
dubito,dubitan,1,13
dubito,dubitamus,1,13
dubito,dubitaremus,1,13
dubito,dubitarint,1,13
dubium,dubio,2,2
dubius,dubium,5,6
dubius,dubiam,1,6
dubiusq,dubiusq,1,1
duc,duc,1,1
ducenti,ducentos,2,4
ducenti,ducenta,1,4
ducenti,ducentas,1,4
duceo,ducenties,1,1
duco,ducens,3,16
duco,ducerent,2,16
duco,duceretur,2,16
duco,ducantur,1,16
duco,ducere,1,16
duco,ducatur,1,16
duco,ducant,1,16
duco,duceret,1,16
duco,ducendam,1,16
duco,duxit,1,16
duco,ducimur,1,16
duco,duco,1,16
ducto,ductabat,1,1
ductor,ductor,1,2
ductor,Ductor,1,2
ductus,ductu,1,1
dudum,dudum,3,3
dulcis,dulci,1,1
dum,dum,24,32
dum,Dum,8,32
dummodo,dummodo,2,2
dumq,dumq,1,1
dumtaxat,dumtaxat,2,2
duo,duo,12,47
duo,duorum,10,47
duo,duos,8,47
duo,duobus,6,47
duo,Duo,5,47
duo,duas,3,47
duo,duabus,1,47
duo,duae,1,47
duo,duarum,1,47
duodecim,duodecim,3,3
duodenn,duodennem,1,1
duodennus,duodennis,1,1
duoq,duoq,1,1
duplex,duplici,1,1
duro,Durarunt,1,5
duro,duravit,1,5
duro,duraturam,1,5
duro,durante,1,5
duro,durantis,1,5
durus,duriores,1,1
dux,Dux,20,71
dux,Duces,17,71
dux,Ducem,7,71
dux,Ducibus,7,71
dux,Duce,6,71
dux,duces,6,71
dux,Duci,2,71
dux,Ducis,2,71
dux,duce,2,71
dux,ducem,1,71
dux,duci,1,71
dynasta,Dynastae,3,7
dynasta,Dynastas,2,7
dynasta,Dynastarum,1,7
dynasta,Dynasta,1,7
dynastia,Dynastias,1,1
eaque,eaque,2,2
ecce,ecce,3,4
ecce,Ecce,1,4
ecclesia,Ecclesias,12,48
ecclesia,Ecclesiae,12,48
ecclesia,Ecclesia,7,48
ecclesia,Ecclesiarum,6,48
ecclesia,Ecclesiis,6,48
ecclesia,Ecclesiam,5,48
ed,ed,1,1
edico,edixerunt,2,4
edico,edixit,1,4
edico,Edixit,1,4
edictum,edicto,4,10
edictum,edictis,3,10
edictum,Edictum,1,10
edictum,edictum,1,10
edictum,edicta,1,10
edigo,edoctos,1,1
ediseo,edisseram,1,1
edo,editi,1,7
edo,edidere,1,7
edo,edidit,1,7
edo,editis,1,7
edo,edita,1,7
edo,edere,1,7
edo,edes,1,7
edoceo,edoctus,1,1
educo,eduxit,2,5
educo,educebat,1,5
educo,educebantur,1,5
educo,educebatur,1,5
eeiicio,eeiicitur,1,1
effectus,effectum,3,5
effectus,effectus,1,5
effectus,Effectus,1,5
effero,elata,1,1
efficacia,efficacia,1,1
efficax,efficacis,1,1
efficio,effecit,4,16
efficio,efficere,3,16
efficio,effecerunt,2,16
efficio,effecturum,2,16
efficio,effecti,1,16
efficio,efficerent,1,16
efficio,efficiebant,1,16
efficio,effici,1,16
efficio,efficient,1,16
effigies,effigiem,1,1
efflagito,efflagitemus,1,1
effraenus,effraenis,1,1
effudio,effudisset,1,1
effugio,effugit,2,5
effugio,effugeret,1,5
effugio,effugisse,1,5
effugio,effugere,1,5
effugium,effugium,1,1
effuse,effuse,1,1
egeo,egentibus,1,2
egeo,egentes,1,2
egestas,egestatem,1,1
egidius,Egidius,2,2
ego,me,20,52
ego,mihi,16,52
ego,ego,7,52
ego,Ego,4,52
ego,mecum,2,52
ego,Me,1,52
ego,egisse,1,52
ego,mi,1,52
egredior,egressus,3,7
egredior,egressi,2,7
egredior,egredi,1,7
egredior,egressum,1,7
egregie,egregie,6,6
egregius,egregiam,2,8
egregius,egregius,2,8
egregius,egregium,2,8
egregius,egregias,1,8
egregius,egregia,1,8
eicio,eiecti,3,5
eicio,eiecit,1,5
eicio,eiecerunt,1,5
eiectio,eiectione,1,1
eiicio,eiicerentur,1,4
eiicio,eiiceret,1,4
eiicio,eiicere,1,4
eiicio,eiiciendis,1,4
eique,eique,3,3
eisque,eisque,1,1
eiulatus,eiulatu,1,1
eiuro,eiurandam,1,3
eiuro,eiurare,1,3
eiuro,eiurarent,1,3
eiusmodi,eiusmodi,2,2
elabor,elapsum,1,1
elango,elanguit,2,2
elaudo,eluserunt,1,1
eleemosyna,Eleemosynis,2,4
eleemosyna,eleemosynae,1,4
eleemosyna,eleemosynas,1,4
elego,elegerint,1,2
elego,elegans,1,2
elementum,Elementa,1,2
elementum,Elementorum,1,2
elevo,elevetur,1,1
eligo,eligere,3,13
eligo,elegerunt,3,13
eligo,elegerant,2,13
eligo,eligitur,1,13
eligo,electi,1,13
eligo,electum,1,13
eligo,electus,1,13
eligo,elegerat,1,13
eloquens,eloquentissimus,1,1
eludo,elusit,1,1
eluo,eluxit,2,3
eluo,elutos,1,3
em,em,37,37
emanuel,Emanuel,1,1
emendo,emendandae,1,1
eminentia,Eminentiarum,2,3
eminentia,Eminentias,1,3
Eminentissimus,Eminentissimi,2,2
emineo,eminet,1,1
eminus,eminus,1,1
emitto,emisit,3,7
emitto,emissi,1,7
emitto,emittenda,1,7
emitto,emiserunt,1,7
emitto,emissos,1,7
emo,empto,1,3
emo,emebat,1,3
emo,emere,1,3
emollo,emollitum,1,1
emolumentum,emolumento,1,1
emoueo,emotae,1,1
emporium,emporio,1,1
en,en,38,38
enarro,enarratis,1,2
enarro,enarratas,1,2
eneco,enecat,1,1
enim,enim,130,133
enim,enimvero,3,133
eo,iret,3,10
eo,ire,3,10
eo,iri,2,10
eo,ibant,1,10
eo,ibat,1,10
eoque,eoque,3,3
eor,eor,1,1
eorumque,eorumque,2,2
eousq,eousq,1,1
eousque,eousque,4,4
ephippium,ephippia,1,2
ephippium,ephippium,1,2
episcopus,Episcopi,5,17
episcopus,Episcopus,4,17
episcopus,Episcopo,4,17
episcopus,Episcopum,4,17
epistola,epistolam,7,17
epistola,epistola,5,17
epistola,EPISTOLA,3,17
epistola,epistolae,2,17
epitoma,Epitome,1,1
epulor,epulabatur,1,1
epulum,epulo,1,1
eques,equites,11,21
eques,equitum,4,21
eques,equitibus,4,21
eques,eques,2,21
equidem,equidem,2,2
equina,equinae,1,1
equinus,equino,1,1
equito,equitando,1,2
equito,equitant,1,2
equus,equos,6,18
equus,equis,4,18
equus,equorum,3,18
equus,equi,2,18
equus,equo,2,18
equus,equum,1,18
eradico,eradicant,1,1
erego,erexerat,1,1
erga,erga,6,6
ergo,ergo,47,50
ergo,Ergo,3,50
erigereo,erigerendo,1,1
erigo,erecto,3,8
erigo,erigunt,1,8
erigo,erectis,1,8
erigo,erigendis,1,8
erigo,erigerent,1,8
erigo,erigere,1,8
eripio,erepta,2,4
eripio,erepti,1,4
eripio,eripere,1,4
erogo,erogans,1,1
erratus,erratorum,1,1
erro,erratis,2,3
erro,erraremus,1,3
error,errorem,2,3
error,errores,1,3
erudio,erudiendis,1,1
erumpo,erupit,3,6
erumpo,eruperunt,1,6
erumpo,erumpens,1,6
erumpo,erumpunt,1,6
ester,estris,1,1
estimo,estimati,1,1
estque,estque,1,1
et,et,749,781
et,Et,31,781
et,ET,1,781
etenim,Etenim,2,3
etenim,etenim,1,3
ethnicus,Ethnici,3,7
ethnicus,Ethnicus,1,7
ethnicus,Ethnicos,1,7
ethnicus,Ethnico,1,7
ethnicus,Ethnicum,1,7
eti,eti,1,1
etiam,etiam,93,95
etiam,Etiam,2,95
etiamnum,etiamnum,4,5
etiamnum,Etiamnum,1,5
etiamsi,etiamsi,5,5
etsi,etsi,6,8
etsi,ETSI,1,8
etsi,Etsi,1,8
eucharistia,Eucharistia,1,1
eumque,eumque,3,3
eunucha,Eunuchis,3,3
eunuchus,Eunuchus,3,11
eunuchus,Eunucho,2,11
eunuchus,Eunuchi,2,11
eunuchus,Eunuchum,2,11
eunuchus,Eunuchorum,2,11
europa,Europa,3,6
europa,Europam,3,6
europaeus,Europaeis,4,8
europaeus,Europaeos,2,8
europaeus,Europaeorum,1,8
europaeus,Europaeas,1,8
Europaeus,Europaei,3,3
europeas,Europeae,1,1
evado,evasit,9,19
evado,evaserunt,4,19
evado,evadere,1,19
evado,evaderent,1,19
evado,evadit,1,19
evado,evadendum,1,19
evado,evaserant,1,19
evado,evaderet,1,19
evangelicus,Evangelica,2,4
evangelicus,Evangelicae,1,4
evangelicus,Evangelicam,1,4
evangelium,Evangelii,2,3
evangelium,Evangelio,1,3
evasio,evasisset,2,2
evasuro,evasuri,1,1
evdo,evasisse,2,3
evdo,evasissent,1,3
eveho,evectus,1,2
eveho,evexerat,1,2
evenio,evenit,2,3
evenio,evenisset,1,3
eventum,eventa,1,1
eventus,eventu,4,8
eventus,Eventuum,1,8
eventus,eventuum,1,8
eventus,eventus,1,8
eventus,eventum,1,8
EVERENDI,EVERENDI,1,1
evero,everendo,2,5
evero,everendis,1,5
evero,everendum,1,5
evero,EVERENDUM,1,5
everor,everendus,13,13
everto,evertere,1,4
everto,everteret,1,4
everto,evertenda,1,4
everto,eversa,1,4
evidens,evidens,1,3
evidens,evidenti,1,3
evidens,evidentibus,1,3
evigo,evecti,1,2
evigo,evecto,1,2
evito,evitemus,1,1
evoco,evocarent,1,5
evoco,evocavit,1,5
evoco,evocato,1,5
evoco,evocare,1,5
evoco,evocaram,1,5
evolo,evolaturi,1,1
evolvo,evolvendis,1,2
evolvo,evolvet,1,2
evomuo,evomuit,1,1
ex,ex,203,275
ex,e,57,275
ex,Ex,14,275
ex,E,1,275
ex(s)tinguo,extinguere,1,1
exaceo,exacuerunt,1,1
exacerbo,exacerbaret,1,2
exacerbo,exacerbatos,1,2
exacte,exacte,1,1
exaedifico,exaedificantur,1,2
exaedifico,exaedificatum,1,2
exaggero,exaggerata,1,1
exagito,exagitari,1,2
exagito,exagitati,1,2
examen,examen,2,5
examen,Examina,1,5
examen,Examen,1,5
examen,examina,1,5
examino,examinandi,1,2
examino,examinata,1,2
exardeo,exarsit,1,1
exaro,exaratam,1,2
exaro,exaratae,1,2
exaspero,exasperavit,2,2
exauthoro,exauthoraretur,1,1
exautoro,exautorato,1,1
excaeco,excaecatus,1,1
excedo,excederet,2,11
excedo,excessisse,2,11
excedo,excesserat,2,11
excedo,excedere,2,11
excedo,excessit,1,11
excedo,excederent,1,11
excedo,excesserit,1,11
excellentia,Excellentie,1,1
excerno,excrevit,1,1
excidio,excidio,1,1
excidius,excidium,1,1
excido,exciderit,1,2
excido,excider,1,2
excipio,excepit,5,26
excipio,excipit,3,26
excipio,exceptis,2,26
excipio,exceptus,2,26
excipio,excepti,1,26
excipio,excipiunt,1,26
excipio,excipere,1,26
excipio,exceptum,1,26
excipio,exceptos,1,26
excipio,exciperentur,1,26
excipio,exceperit,1,26
excipio,excipiens,1,26
excipio,excipientibus,1,26
excipio,excipiebantur,1,26
excipio,excipiantur,1,26
excipio,excipiendo,1,26
excipio,Excipio,1,26
excipio,exciperet,1,26
excito,excitavit,2,18
excito,excitent,1,18
excito,excitarunt,1,18
excito,excitaret,1,18
excito,excitari,1,18
excito,excitatur,1,18
excito,excitaretur,1,18
excito,excitavimus,1,18
excito,excitasset,1,18
excito,excitentur,1,18
excito,excitandi,1,18
excito,excitandorum,1,18
excito,excitati,1,18
excito,excitatis,1,18
excito,excitata,1,18
excito,excitato,1,18
excito,excitandum,1,18
exclo,excluserant,1,1
excludo,excludebatur,1,5
excludo,excludi,1,5
excludo,exclusa,1,5
excludo,exclusi,1,5
excludo,excludere,1,5
excogito,excogitata,1,1
excolo,excolere,1,1
excresco,excrescens,1,2
excresco,excrescere,1,2
excro,excreverant,2,2
excubo,excubabat,1,1
excursio,excursionibus,1,1
excuso,excusavit,1,1
excutio,excutere,1,1
exe1mplum,exe1mpla,1,1
execro,Execranda,1,3
execro,execrando,1,3
execro,execranda,1,3
executio,Executioni,1,2
executio,Executionis,1,2
exempl,exempl,1,1
exemplar,exemplar,2,2
exemploq,exemploq,1,1
exemplum,exemplum,10,24
exemplum,exemplo,7,24
exemplum,exempla,5,24
exemplum,Exemplum,1,24
exemplum,Exemplo,1,24
exeo,exivisse,1,7
exeo,exeunt,1,7
exeo,exeundi,1,7
exeo,exit,1,7
exeo,exerto,1,7
exeo,exi,1,7
exeo,exeunte,1,7
exequor,executus,1,1
exerceo,exercuisset,2,6
exerceo,exercerent,1,6
exerceo,exercens,1,6
exerceo,exercendas,1,6
exerceo,exercere,1,6
exercitium,exercitia,1,2
exercitium,exercitiis,1,2
exercito,exercitata,1,1
exercitus,exercitus,34,80
exercitus,exercitum,19,80
exercitus,exercitu,18,80
exercitus,exercitibus,5,80
exercitus,exercituum,3,80
exercitus,exercitui,1,80
exhaurio,exhausit,1,1
exhibeo,exhibita,2,8
exhibeo,exhibuit,2,8
exhibeo,exhibito,1,8
exhibeo,exhibitis,1,8
exhibeo,exhibebo,1,8
exhibeo,exhiberent,1,8
exigo,exactis,1,2
exigo,exactos,1,2
exiguor,exiguor,1,1
exiguus,exigua,3,7
exiguus,exiguae,1,7
exiguus,exiguam,1,7
exiguus,exiguas,1,7
exiguus,exigui,1,7
exileo,exiliit,1,1
exiliique,exiliique,1,1
exilium,exilium,1,1
Exiliumve,Exiliumve,1,1
eximius,eximiam,2,7
eximius,eximium,1,7
eximius,eximia,1,7
eximius,eximias,1,7
eximius,eximii,1,7
eximius,eximio,1,7
eximo,exemit,1,2
eximo,eximeremus,1,2
eximus,eximi,1,1
exinde,exinde,2,3
exinde,Exinde,1,3
exipio,except,1,1
existimatio,existimatione,5,7
existimatio,existimatio,1,7
existimatio,existimationis,1,7
existimo,existimant,2,6
existimo,existimarent,1,6
existimo,existimavi,1,6
existimo,existimaverint,1,6
existimo,existimabantur,1,6
existo,extiterunt,2,2
exitium,exitium,2,3
exitium,exitio,1,3
exitus,exitus,5,9
exitus,exitu,2,9
exitus,exitum,2,9
exo,exaro,1,1
exolesco,exolescet,1,1
exolvo,exolvere,1,1
exomologesin,exomologesin,2,2
exorior,exorti,1,2
exorior,exorta,1,2
exorqueo,exorquebat,1,1
exosculo,exosculandum,1,1
exoticus,exotici,1,1
expavesco,expavescerent,1,1
expectatio,expectationis,1,1
expecto,expectabatur,1,3
expecto,expectante,1,3
expecto,expectando,1,3
expedio,expediri,2,4
expedio,expedita,1,4
expedio,expedito,1,4
expeditio,expeditionem,1,4
expeditio,expeditionis,1,4
expeditio,expeditione,1,4
expeditio,expeditioni,1,4
expeditus,expeditiores,1,1
expello,expulsis,2,8
expello,expelleret,1,8
expello,expellendo,1,8
expello,expulsi,1,8
expello,expulso,1,8
expello,expulit,1,8
expello,Expulsis,1,8
expendo,expenderet,1,1
experientia,experientia,2,3
experientia,experientiam,1,3
experior,experiri,4,9
experior,expertus,2,9
experior,experiamur,1,9
experior,experta,1,9
experior,experti,1,9
expers,expers,3,5
expers,expertes,2,5
expeto,expetiti,1,3
expeto,expeto,1,3
expeto,expetunt,1,3
expilo,expilaverant,1,1
expio,expiasset,1,1
expleo,explendo,1,1
explico,explicant,1,3
explico,explicari,1,3
explico,explicata,1,3
explodo,explodebantur,1,1
explorator,exploratores,4,5
explorator,explorator,1,5
exploro,exploraret,2,5
exploro,explorati,1,5
exploro,explorata,1,5
exploro,explorarent,1,5
explosum,explosis,1,1
expono,exposui,2,17
expono,exponi,2,17
expono,exponeret,2,17
expono,expositae,1,17
expono,exponam,1,17
expono,exponere,1,17
expono,exponit,1,17
expono,exposuerit,1,17
expono,exposita,1,17
expono,exponebantur,1,17
expono,exposuimus,1,17
expono,exponitur,1,17
expono,exponerentur,1,17
expono,exposuit,1,17
exporrigo,exporrigat,1,1
exporto,exportarent,1,2
exporto,exportantes,1,2
expostulo,expostularet,1,1
expraefectus,Expraefectorum,1,2
expraefectus,Expraefectos,1,2
exprimo,expresso,1,2
exprimo,exprimerent,1,2
expugnatio,expugnationem,1,2
expugnatio,expugnatio,1,2
expugno,expugnata,1,2
expugno,expugna,1,2
expulsio,expulsionem,1,1
exquino,exquisitis,1,1
exquisitus,exquisitissimae,1,1
exquisro,exquisitae,1,1
exscendo,exscenderunt,1,1
exscensio,exscensionem,1,1
exscindo,exscindendam,1,2
exscindo,exscindere,1,2
exsecutio,executione,1,1
exsiliiq,exiliiq,1,1
exsilium,exilio,4,6
exsilium,exilii,2,6
exsisto,extiterit,2,3
exsisto,extitisse,1,3
exspecto,expectabat,2,10
exspecto,expecto,2,10
exspecto,expectarent,1,10
exspecto,expectantibus,1,10
exspecto,expectat,1,10
exspecto,expectantes,1,10
exspecto,expectare,1,10
exspecto,expectans,1,10
exstinguo,extincta,2,3
exstinguo,extincti,1,3
exsto,exstant,1,2
exsto,exstitit,1,2
exstruo,exstructae,1,2
exstruo,exstructa,1,2
exsulto,exultarent,1,1
extemplus,extemplo,1,1
extendo,extensum,1,2
extendo,extenditur,1,2
exter,exteros,1,4
exter,Exteris,1,4
exter,exteris,1,4
exter,exteri,1,4
exterior,extremum,4,8
exterior,extrema,3,8
exterior,extremae,1,8
extermino,exterminaret,1,1
externus,externis,2,3
externus,externa,1,3
exterqueo,exterquerent,1,1
extimesco,extimesco,1,2
extimesco,extimescere,1,2
extimulo,extimularunt,1,1
extincio,Extinctae,1,1
extincto,extincto,1,1
extinctus,extinctum,2,4
extinctus,extinctus,2,4
extingo,extinctis,1,2
extingo,extinxit,1,2
extinguo,extinguendam,1,1
extirpo,extirparint,1,6
extirpo,extirpatum,1,6
extirpo,extirpandos,1,6
extirpo,extirparet,1,6
extirpo,extirpare,1,6
extirpo,extirpantur,1,6
extitio,extitit,2,2
extollo,extolleremur,2,6
extollo,extollunt,1,6
extollo,extollere,1,6
extollo,extollebat,1,6
extollo,extollebant,1,6
extorqueo,extorquere,1,1
extorsisso,extorsisset,1,1
extortus,extorta,1,1
extra,extra,10,11
extra,exterius,1,11
extraho,extrahunt,1,6
extraho,extraxit,1,6
extraho,extraham,1,6
extraho,extrahentes,1,6
extraho,extractum,1,6
extraho,extrahatur,1,6
extraneus,extraneorum,1,1
extrao,extraxerint,1,1
extremus,extremo,3,3
extruco,extruxerat,2,2
extrudo,extrudi,1,1
extruo,extructurum,2,5
extruo,extructo,1,5
extruo,extruxit,1,5
extruo,extruendis,1,5
extulo,extulere,1,1
exturbo,exturbare,1,3
exturbo,exturbantur,1,3
exturbo,exturbati,1,3
exu,exu,1,1
exularo,exularant,1,2
exularo,exularat,1,2
exulo,exulare,2,3
exulo,exularent,1,3
exulto,exultare,1,1
exulus,Exulum,1,1
exuo,exueretur,2,4
exuo,exuendus,1,4
exuo,exuti,1,4
exurgo,exurgere,1,1
exuro,exuretur,1,1
exvor,exveretur,1,1
f,F,1,1
fa,fa,1,1
faber,Fabri,1,1
fabrica,fabricae,1,1
fabrico,fabricarunt,1,1
facesso,facessunt,1,1
facies,faciei,2,3
facies,faciem,1,3
facile,facile,41,44
facile,Facillime,1,44
facile,facillime,1,44
facile,facillimo,1,44
facilis,facili,2,6
facilis,facilem,1,6
facilis,facilis,1,6
facilis,faciles,1,6
facilis,facilior,1,6
facilitas,facilitate,1,2
facilitas,facilitatis,1,2
faciliter,facilius,8,8
facimus,Facimam,1,1
facinus,facinora,2,5
facinus,facinus,1,5
facinus,facinoribus,1,5
facinus,facinore,1,5
facio,factum,18,123
facio,facta,10,123
facio,facere,10,123
facio,factus,8,123
facio,facto,7,123
facio,factis,6,123
facio,fecissent,5,123
facio,faceret,5,123
facio,factam,5,123
facio,facerent,4,123
facio,facti,4,123
facio,fecerunt,3,123
facio,fecit,3,123
facio,fecisset,3,123
facio,faciunt,3,123
facio,facienda,3,123
facio,facit,3,123
facio,factas,2,123
facio,facturus,2,123
facio,faciendum,2,123
facio,facturi,2,123
facio,fecisse,2,123
facio,faciat,1,123
facio,faciebant,1,123
facio,Facit,1,123
facio,facientes,1,123
facio,faciam,1,123
facio,factorum,1,123
facio,fecere,1,123
facio,facturum,1,123
facio,factos,1,123
facio,faciendam,1,123
facio,facte,1,123
facio,faciebat,1,123
facio,facturam,1,123
faco,Facatam,1,2
faco,Facata,1,2
factio,factione,6,16
factio,factiones,3,16
factio,factioni,2,16
factio,factio,2,16
factio,factionem,2,16
factio,factionis,1,16
facultas,facultatem,3,10
facultas,facultatibus,3,10
facultas,facultate,2,10
facultas,facultates,2,10
facultatumque,facultatumque,1,1
faedo,faedere,1,1
faelicus,faelicissimo,1,1
faemina,faeminis,1,1
faio,fact,1,1
falsus,falsa,2,6
falsus,falsam,1,6
falsus,Falsa,1,6
falsus,falsae,1,6
falsus,falso,1,6
fama,fama,8,8
fames,fame,5,5
familia,Familia,14,33
familia,familia,8,33
familia,Familiae,5,33
familia,familiam,3,33
familia,Familiam,2,33
familia,familiae,1,33
familiaritas,familiaritatis,1,1
famis,famis,1,1
famosus,famosum,1,3
famosus,famosi,1,3
famosus,famosissimus,1,3
famulus,famulos,5,12
famulus,famulus,3,12
famulus,famulis,2,12
famulus,famulorum,1,12
famulus,famuli,1,12
fanus,fanum,1,1
fas,fas,4,4
fascia,fascia,1,2
fascia,fasciam,1,2
fastidium,fastidium,1,1
fatalis,fatalis,1,1
fateo,Fatentur,2,2
fateor,fateor,1,1
fatoque,fatoque,1,1
fatum,fatis,1,3
fatum,fatum,1,3
fatum,fato,1,3
faueo,favente,2,2
fautor,fautores,3,6
fautor,Fautorq,1,6
fautor,Fautorem,1,6
fautor,fautorem,1,6
faux,fauces,2,3
faux,faucibus,1,3
faveo,favens,1,3
faveo,favet,1,3
faveo,faveret,1,3
favor,favorem,4,6
favor,favore,2,6
februar,Februar,1,1
februarius,Februario,3,4
februarius,Februarium,1,4
fedes,fedem,1,1
fefello,fefellit,1,1
felice,felicissime,1,1
felicis,felicissima,1,1
felicitas,felicitas,3,5
felicitas,felicitatem,1,5
felicitas,felicitate,1,5
feliciter,feliciter,4,4
felicitus,felicita,1,1
felicus,felicissimis,1,2
felicus,felicissimus,1,2
felix,felici,3,4
felix,felix,1,4
fer,fer,1,1
fera,feras,1,2
fera,feram,1,2
Ferdinandus,Ferdinandus,1,2
Ferdinandus,Ferdinando,1,2
fere,fere,20,20
ferio,feriendis,1,1
feritas,feritati,1,1
fero,tulit,4,28
fero,ferunt,3,28
fero,ferret,3,28
fero,lata,2,28
fero,ferrent,2,28
fero,fertur,2,28
fero,latum,2,28
fero,ferebatur,2,28
fero,ferri,1,28
fero,ferentium,1,28
fero,ferens,1,28
fero,ferre,1,28
fero,ferendam,1,28
fero,ferebant,1,28
fero,ferentem,1,28
fero,ferenda,1,28
ferocio,ferocire,1,1
ferocitas,ferocitas,1,2
ferocitas,ferocitate,1,2
ferocius,ferocia,1,1
ferroquus,ferroque,3,3
ferrum,ferro,3,3
fertilis,fertilis,1,1
fervo,fervebat,1,1
fessio,fessionibus,1,1
fessus,fessos,1,1
festinatio,festinationem,1,1
festino,festinantem,1,2
festino,festinaret,1,2
festus,Festi,1,2
festus,festum,1,2
fico,fixerant,3,3
fictus,fictus,1,1
fidelis,fidelium,2,16
fidelis,fidelem,2,16
fidelis,fideli,2,16
fidelis,fidelissimus,2,16
fidelis,fidelissimo,2,16
fidelis,fidelibus,2,16
fidelis,Fidelium,1,16
fidelis,fidelissimam,1,16
fidelis,fideliores,1,16
fidelis,fidelis,1,16
fidelitas,fidelitatis,2,8
fidelitas,fidelitatem,2,8
fidelitas,fidelitate,2,8
fidelitas,fidelitati,1,8
fidelitas,fidelitas,1,8
fidenter,fidenter,1,1
fidenterque,fidenterque,1,1
fides,fide,16,46
fides,fidem,13,46
fides,fidei,6,46
fides,Fidei,4,46
fides,Fides,2,46
fides,Fidem,2,46
fides,fides,2,46
fides,Fide,1,46
fido,fidens,2,6
fido,fidentes,1,6
fido,fidunt,1,6
fido,fidere,1,6
fido,fido,1,6
fiducia,fiduciam,1,1
fidus,fidis,3,11
fidus,fidus,2,11
fidus,fidissimum,1,11
fidus,fidissimo,1,11
fidus,fidioribus,1,11
fidus,fidissimis,1,11
fidus,fidissimus,1,11
fidus,fidi,1,11
figen,Figen,1,1
figensis,Figensis,1,1
figmentum,figmentis,1,1
figo,fixit,4,14
figo,figere,3,14
figo,figant,2,14
figo,fixerunt,1,14
figo,figerent,1,14
figo,figat,1,14
figo,fixerat,1,14
figo,figendi,1,14
figueredus,Figueredo,1,1
figura,figuram,1,1
filia,filiam,5,12
filia,filia,3,12
filia,filiae,2,12
filia,filiabus,1,12
filia,filias,1,12
filio,filioque,1,1
filiolus,Filioli,1,2
filiolus,filioli,1,2
filius,filius,21,54
filius,filium,13,54
filius,filio,11,54
filius,fili,2,54
filius,filii,2,54
filius,Filius,2,54
filius,Filii,1,54
filius,Filium,1,54
filius,filios,1,54
filus,filum,1,1
findecanus,Findecanus,1,1
findenarus,Findenarus,1,1
finganis,Fingani,2,2
finganus,Finganis,1,1
Finganus,Fingana,1,1
fingensis,Fingensis,2,2
Fingensus,Fingensi,1,1
fingo,fictis,1,4
fingo,Fingans,1,4
fingo,fictum,1,4
fingo,Fingensium,1,4
fingus,Fingo,1,1
finio,finitae,1,2
finio,finivit,1,2
finis,finem,8,22
finis,fine,5,22
finis,finibus,4,22
finis,finis,3,22
finis,fines,1,22
finis,FINIS,1,22
finitimus,finitimam,1,5
finitimus,finitimis,1,5
finitimus,finitima,1,5
finitimus,finitimi,1,5
finitimus,finitimo,1,5
fio,fit,4,13
fio,fieri,4,13
fio,fieret,2,13
fio,fiet,1,13
fio,fiebant,1,13
fio,fiat,1,13
firadenses,Firadenses,1,1
firandensis,Firandensi,3,6
firandensis,Firandenses,2,6
firandensis,Firandensibus,1,6
Firandus,Firando,4,7
Firandus,Firandi,3,7
firmareque,firmareque,1,1
firmitas,firmitas,1,1
firmo,firmatum,1,2
firmo,firmandis,1,2
firmus,firmissima,2,7
firmus,firma,2,7
firmus,firmum,1,7
firmus,firmiores,1,7
firmus,firmam,1,7
firor,Firandum,3,3
Firoscima,Firoscimae,2,4
Firoscima,Firoscimam,2,4
firoscimanus,Firoscimani,1,1
firoscimus,Firoscima,2,2
fis,fid,2,2
Fiunganus,Fiungani,1,1
fl,fl,1,1
flagell,flagell,2,2
flagitium,flagitiorum,1,1
flagro,flagrans,1,3
flagro,flagrabat,1,3
flagro,flagrante,1,3
flamma,flammis,3,4
flamma,flammae,1,4
flecto,flexis,3,3
floreo,Floruit,1,3
floreo,florentibus,1,3
floreo,florentior,1,3
fluctus,Fluctibus,1,1
flumen,fluminis,9,20
flumen,flumen,5,20
flumen,flumine,4,20
flumen,fluminibus,2,20
fluo,fluit,2,3
fluo,fluens,1,3
fluuius,fluvio,5,5
fluvis,fluvim,1,1
fluvius,fluvium,12,17
fluvius,fluvius,4,17
fluvius,fluvii,1,17
focheus,Focheu,1,1
fodinus,fodinae,1,1
foederatus,foederatos,3,3
foedero,foederatus,2,2
foedo,foedavit,1,2
foedo,foedabat,1,2
foedus,foedissime,2,8
foedus,foederibus,2,8
foedus,foedera,2,8
foedus,foedere,1,8
foedus,foederis,1,8
foemina,foemina,1,1
foetidus,foetida,1,1
foin,Foin,15,15
fokien,Fokien,17,17
fons,fonte,2,2
for,for,1,1
foras,foras,2,2
foreo,forent,1,1
foris,foris,1,1
forma,formam,1,2
forma,forma,1,2
formidabilis,formidabiles,1,2
formidabilis,formidabile,1,2
formido,formidabant,2,10
formido,formidantes,2,10
formido,formidabat,2,10
formido,formidarent,1,10
formido,formidandum,1,10
formido,formidarunt,1,10
formido,formidine,1,10
formosus,Formosa,2,2
fortasse,fortasse,4,5
fortasse,fortassis,1,5
forte,forte,17,21
forte,Forte,4,21
fortique,fortique,1,1
fortis,fortis,4,20
fortis,fortissimo,4,20
fortis,fortes,3,20
fortis,fortissima,2,20
fortis,fortissimi,1,20
fortis,fortissimus,1,20
fortis,fortissimum,1,20
fortis,fortiores,1,20
fortis,fortissimiq,1,20
fortis,fortissimam,1,20
fortis,forti,1,20
fortiter,fortiter,10,13
fortiter,fortissime,2,13
fortiter,fortius,1,13
fortitudo,fortitudine,9,14
fortitudo,fortitudinem,3,14
fortitudo,fortitudinis,2,14
fortuna,fortuna,8,22
fortuna,fortunae,8,22
fortuna,fortunam,3,22
fortuna,fortunis,2,22
fortuna,fortunarum,1,22
fortunar,fortunarumq,1,1
fortunarumquus,fortunarumque,2,2
fortus,fortun,1,1
fossa,fossam,4,8
fossa,fossae,2,8
fossa,fossarum,1,8
fossa,fossa,1,8
fotochus,Fotochi,3,3
foveo,fovend,1,1
fragilis,fragile,1,1
franciscanus,Franciscanis,1,3
franciscanus,Franciscani,1,3
franciscanus,Franciscana,1,3
franciscus,Francisci,6,7
franciscus,Francisco,1,7
frango,fracti,1,2
frango,frangeremur,1,2
frater,frater,7,32
frater,fratribus,5,32
frater,fratres,5,32
frater,fratre,4,32
frater,fratrem,4,32
frater,fratris,3,32
frater,fratri,3,32
frater,fratrum,1,32
fratribusque,fratribusque,1,1
fraus,fraude,1,2
fraus,fraudes,1,2
fremo,frementes,3,8
fremo,fremens,3,8
fremo,fremente,1,8
fremo,frementibus,1,8
frenum,freno,1,1
frequens,frequentissimi,1,3
frequens,frequentissimos,1,3
frequens,frequentiores,1,3
frequenter,frequenter,1,1
frequento,frequentatae,1,2
frequento,frequentata,1,2
frequentus,frequentissima,1,1
fretum,fretum,2,2
fretus,freti,2,3
fretus,fretus,1,3
frigus,frigore,2,2
fro,tulerat,1,1
frons,fronte,2,3
frons,frontem,1,3
fructuose,fructuose,1,1
fructuosus,fructuosam,1,1
fructus,fructus,5,10
fructus,fructum,3,10
fructus,fructu,2,10
fruor,fruebatur,1,2
fruor,fruitur,1,2
frustra,frustra,6,6
frustro,frustratus,1,1
frustus,frusta,1,1
frux,frugum,1,1
fu,fu,1,1
fucuscimado,Fucuscimadoni,2,2
fucuscimadonus,Fucuscimadonus,2,2
fucuscimandonus,Fucuscimandonus,1,2
fucuscimandonus,Fucuscimandonum,1,2
fuga,fuga,7,15
fuga,fugam,5,15
fuga,fugae,3,15
fuggo,fuggeren,1,1
fugio,fugientes,6,16
fugio,fugere,2,16
fugio,fugerunt,1,16
fugio,fugit,1,16
fugio,fugiens,1,16
fugio,fugiendi,1,16
fugio,fugienti,1,16
fugio,fugientibus,1,16
fugio,fugientem,1,16
fugio,fugisset,1,16
fugitivus,fugitivi,3,3
fugo,fugatus,1,2
fugo,fugat,1,2
fulgeo,fulgentem,1,1
fulgor,fulgorem,1,1
fulmen,fulmina,1,1
fulmino,Fulminatur,1,1
functio,functionibus,2,5
functio,functionum,1,5
functio,functione,1,5
functio,functiones,1,5
function,functionesq,1,1
fundamentum,fundamentis,1,1
fundatio,fundatione,1,1
fundator,Fundatorem,1,1
funditus,funditus,1,1
fundo,fusum,2,10
fundo,fundata,1,10
fundo,fusus,1,10
fundo,fudit,1,10
fundo,fuderunt,1,10
fundo,fundare,1,10
fundo,fusa,1,10
fundo,fundati,1,10
fundo,fundunt,1,10
funestus,funestissimas,1,3
funestus,funestum,1,3
funestus,funesto,1,3
fungo,functus,1,1
funis,funem,1,1
funus,funera,1,1
furia,furiae,1,1
furibundus,furibunda,1,1
furiose,furiose,1,1
furor,furor,2,8
furor,furoris,2,8
furor,furore,2,8
furor,Furor,1,8
furor,furores,1,8
fuscim,Fuscim,1,1
fuscimanus,Fuscimana,1,2
fuscimanus,Fuscimano,1,2
fuscimus,Fuscimo,1,2
fuscimus,Fuscimum,1,2
fuse,fuse,1,1
fusus,Fuso,1,1
futurus,futurum,5,12
futurus,futura,3,12
futurus,futuri,2,12
futurus,futurae,1,12
futurus,futurorum,1,12
g,g,2,2
gabo,gabantur,1,1
gabriel,Gabriel,1,1
gabrielis,Gabriele,1,1
gaiocus,gaiocae,1,1
galea,galea,1,1
gasachum,gasachum,1,1
gasachus,gasacho,1,1
gaudeo,gaudemus,1,8
gaudeo,gavisi,1,8
gaudeo,Gavisus,1,8
gaudeo,gaudentibus,1,8
gaudeo,gauderent,1,8
gaudeo,gaudere,1,8
gaudeo,gaudeat,1,8
gaudeo,gavisus,1,8
gaudium,gaudio,9,13
gaudium,gaudium,4,13
gaza,gazam,1,1
gemituque,gemituque,1,1
generalis,generalem,1,4
generalis,generalibus,1,4
generalis,Generalem,1,4
generalis,generali,1,4
generofus,generofus,1,1
generose,generose,1,1
generosus,generosus,1,1
genitor,genitoris,1,1
genium,genio,1,1
gens,gentis,7,18
gens,gente,3,18
gens,gens,2,18
gens,gentium,2,18
gens,gentes,2,18
gens,gentem,1,18
gens,Gentem,1,18
gensis,gensis,1,1
gentilis,gentiles,10,29
gentilis,gentilis,8,29
gentilis,gentilium,5,29
gentilis,gentili,2,29
gentilis,gentilibus,2,29
gentilis,gentilem,1,29
gentilis,Gentilis,1,29
gentilitas,gentilitatis,1,1
gentilitia,gentilitiae,1,1
gentilitus,gentilitios,1,1
gentum,gentos,1,1
genu,genibus,3,3
genua,genua,1,1
genus,genere,8,20
genus,genus,6,20
genus,generis,4,20
genus,genera,2,20
germanicus,Germanica,1,2
germanicus,Germanicum,1,2
germanus,germanus,2,3
germanus,germano,1,3
gero,gestis,2,13
gero,gesserunt,1,13
gero,gerunt,1,13
gero,gestae,1,13
gero,gerere,1,13
gero,gererent,1,13
gero,gerebat,1,13
gero,gesta,1,13
gero,gererentur,1,13
gero,gerebant,1,13
gero,gessit,1,13
gero,gerendis,1,13
gestamen,gestamen,1,1
gesto,gestans,1,1
Gianangauandonus,Gianangauandono,1,1
giateusciranus,Giateusciranos,1,2
giateusciranus,Giateuscirani,1,2
giateusciror,Giateusciranum,1,1
giavane,Giavani,1,1
gibonoscium,Gibonoscium,1,1
gibonoscius,Gibonoscius,3,3
Gibonoscius,Gibonoscio,4,6
Gibonoscius,Gibonoscii,2,6
gibunoscius,Gibunoscius,11,18
gibunoscius,Gibunoscio,4,18
gibunoscius,Gibunoscium,3,18
Gibunoscius,Gibunoscii,3,3
gigno,geniti,1,1
ginses,Ginsem,1,1
gio,git,1,1
giusq,giusq,1,1
gladius,gladio,3,4
gladius,gladium,1,4
globus,globo,2,3
globus,globi,1,3
gloria,gloriam,4,9
gloria,gloria,3,9
gloria,gloriae,2,9
gloriose,gloriose,1,1
gloriosus,gloriosi,2,4
gloriosus,gloriosae,1,4
gloriosus,gloriosum,1,4
gnarusque,gnarusque,1,1
go,cti,1,2
go,tect,1,2
gomez,Gomez,1,1
gonzales,Gonzales,2,2
gonzalez,Gonzalez,2,2
gra,gra,1,1
gradus,gradus,1,1
Graeci,Graecorum,1,1
granarium,Granario,1,1
Grassettus,Grassetti,1,1
grasso,grassanti,1,1
grat,grat,1,1
gratia,gratias,9,25
gratia,gratiam,8,25
gratia,gratia,5,25
gratia,gratiis,1,25
gratia,gratiae,1,25
gratia,Gratiae,1,25
gratus,gratum,2,4
gratus,gratissima,1,4
gratus,grata,1,4
gravis,graves,2,6
gravis,gravis,1,6
gravis,gravior,1,6
gravis,gravissima,1,6
gravis,grave,1,6
gravitas,gravitatem,1,2
gravitas,gravitate,1,2
graviter,graviter,3,3
gravo,gravatur,1,1
gregarius,gregarius,1,1
Gregorius,Gregorium,1,1
gremium,gremium,1,1
grex,gregem,4,8
grex,Gregis,1,8
grex,greges,1,8
grex,gregi,1,8
grex,grege,1,8
gu,gu,1,1
guado,guadent,1,1
guber,gubern,1,1
gubernaculum,gubernaculis,1,1
gubernatio,gubernationis,3,9
gubernatio,gubernatione,3,9
gubernatio,gubernationem,2,9
gubernatio,Gubernationis,1,9
gubernator,gubernatoribus,10,40
gubernator,Gubernatoribus,6,40
gubernator,gubernatores,6,40
gubernator,Gubernatores,6,40
gubernator,gubernator,5,40
gubernator,Gubernator,4,40
gubernator,Gubernatori,1,40
gubernator,gubernatori,1,40
gubernator,gubernatore,1,40
gubernatorumque,gubernatorumque,1,1
guberno,gubernatorum,8,24
guberno,gubernandi,7,24
guberno,Gubernatorum,6,24
guberno,gubernantis,1,24
guberno,Gubernabat,1,24
guberno,gubernabatur,1,24
Gubonoscius,Gubonoscio,1,1
Gueius,Gueio,1,1
gueus,Guei,1,1
guifuanus,Guifuanum,2,2
guifus,Guifu,1,1
guo,guo,1,1
gus,gus,1,1
gymnasius,Gymnasium,1,1
h,h,1,1
habeo,habebat,18,129
habeo,habuit,12,129
habeo,habet,12,129
habeo,habere,10,129
habeo,haberent,7,129
habeo,habent,6,129
habeo,habuissent,6,129
habeo,habiti,5,129
habeo,habebant,5,129
habeo,haberet,5,129
habeo,habita,4,129
habeo,habuerunt,4,129
habeo,Habebat,4,129
habeo,habuerat,3,129
habeo,habens,2,129
habeo,habuisse,2,129
habeo,habuere,2,129
habeo,habeo,2,129
habeo,habito,2,129
habeo,habendis,2,129
habeo,haberemus,2,129
habeo,habeat,2,129
habeo,Habent,1,129
habeo,habuisset,1,129
habeo,habebatur,1,129
habeo,habetur,1,129
habeo,habeant,1,129
habeo,Habet,1,129
habeo,habebamus,1,129
habeo,habuerit,1,129
habeo,habuimus,1,129
habeo,Habemus,1,129
habeo,habitis,1,129
habeo,haberi,1,129
habitatio,habitatione,2,4
habitatio,habitationi,2,4
habito,habitabat,4,8
habito,habitaretur,1,8
habito,habitat,1,8
habito,habitant,1,8
habito,habitaverat,1,8
habitus,habitu,2,4
habitus,habitus,2,4
hactenus,hactenus,32,33
hactenus,Hactenus,1,33
haedo,haesimus,1,1
haer,haeres,2,2
haereo,haerere,2,6
haereo,haerentem,1,6
haereo,haereremus,1,6
haereo,haereamus,1,6
haereo,haerentes,1,6
haeres,Haeredis,1,1
hai,HAI,1,1
halucino,halucinati,1,1
hanchung,Hanchung,1,1
hangcheu,Hangcheu,4,4
haud,haud,10,10
hausero,hauserunt,1,1
hausto,haustis,1,1
haustus,haustus,1,1
hebdomades,hebdomade,2,2
heres,heres,1,1
Herodes,Herodis,1,1
heroicus,heroico,1,1
hí,HÍ,1,1
hì,hì,2,2
hic,hoc,85,476
hic,haec,64,476
hic,hic,39,476
hic,hac,37,476
hic,huius,28,476
hic,hanc,27,476
hic,his,26,476
hic,Hic,22,476
hic,hunc,17,476
hic,Hi,16,476
hic,Hoc,16,476
hic,His,13,476
hic,Haec,12,476
hic,hos,10,476
hic,Hac,9,476
hic,hi,9,476
hic,has,7,476
hic,huic,6,476
hic,horum,6,476
hic,Huic,5,476
hic,Huius,3,476
hic,Horum,3,476
hic,Hanc,2,476
hic,Hos,2,476
hic,Hunc,2,476
hic,Hoo,2,476
hic,harum,2,476
hic,Hoi,1,476
hic,Han,1,476
hic,Has,1,476
hic,hosce,1,476
hic,Harum,1,476
hic,Hae,1,476
hienkies,Hienkien,1,1
Hieronymes,Hieronymum,2,2
hieronymis,Hieronymi,1,1
Hieronymus,Hieronymo,1,1
hilaris,hilarem,1,1
hilariter,hilariter,1,1
hinc,hinc,4,8
hinc,Hinc,4,8
hispanus,Hispanis,3,3
historia,Historiarum,1,1
Historia,HISTORIA,1,2
Historia,Historia,1,2
hoang,Hoang,1,1
hoangchoangus,Hoangchoango,1,2
hoangchoangus,Hoangchoangus,1,2
hodie,hodie,2,2
hodieq,hodieq,1,1
hoigus,Hoigan,1,1
hoius,Hoii,1,1
hollanda,Hollandis,3,3
hollaneo,Hollandorum,1,1
homin,homin,1,1
homo,hominum,14,46
homo,homines,9,46
homo,hominibus,7,46
homo,hominem,4,46
homo,homo,4,46
homo,homini,3,46
homo,homine,3,46
homo,hominis,2,46
homuncium,homuncio,1,1
honan,Honan,5,5
honestas,honestatis,1,1
honeste,honeste,1,1
honor,honorem,5,18
honor,honoris,3,18
honor,honore,3,18
honor,honoribus,3,18
honor,honores,2,18
honor,honoreq,1,18
honor,Honore,1,18
honorarius,Honorariis,1,5
honorarius,honorarium,1,5
honorarius,honorarius,1,5
honorarius,honorarii,1,5
honorarius,honorario,1,5
honoremque,honoremque,1,1
honorifice,honorifice,3,3
honorificus,honorificum,1,1
honoro,honorabit,1,1
hora,horas,5,9
hora,horis,2,9
hora,horarum,1,9
hora,horam,1,9
horda,Hordas,1,1
horreo,horrendis,1,2
horreo,horrenda,1,2
horresco,Horresco,1,1
horribilis,horribili,1,1
horridique,horridique,1,1
horrificus,horrificam,1,1
horror,horrore,1,1
horto,hortantur,1,1
hortor,hortatus,1,1
hospes,hospites,3,3
hospitium,hospitio,1,1
hostilis,hostilibus,2,6
hostilis,hostiles,2,6
hostilis,hostili,1,6
hostilis,hostilium,1,6
hostis,hostes,10,44
hostis,hoste,8,44
hostis,hostis,7,44
hostis,hostium,7,44
hostis,hostem,6,44
hostis,hostibus,4,44
hostis,hosti,1,44
hostis,Hostis,1,44
hous,Hous,6,6
huc,huc,1,1
hucusque,hucusque,2,4
hucusque,Hucusque,2,4
huiusmodi,huiusmodi,5,6
huiusmodi,Huiusmodi,1,6
huma,huma,1,1
humando,humandis,1,1
humanitas,humanitatis,2,4
humanitas,humanitatem,1,4
humanitas,humanitate,1,4
humanitat,humanitat,1,1
humaniter,humaniter,4,4
humanus,humana,3,10
humanus,humani,2,10
humanus,humaniores,1,10
humanus,humanis,1,10
humanus,humanus,1,10
humanus,humanum,1,10
humanus,humanior,1,10
humaro,humarent,1,1
humerus,humero,1,2
humerus,humeris,1,2
humile,humillime,1,1
humilis,humilioribus,1,3
humilis,humile,1,3
humilis,humiliora,1,3
humo,humatum,1,1
humus,humi,1,1
hungaricus,Hungaricis,1,1
hungie,Hungiius,1,1
hungqgo,Hungquangum,2,2
hungquangus,Hungquango,2,3
hungquangus,Hungquangus,1,3
huquang,Huquang,5,5
hydra,Hydrae,1,1
hypocrita,Hypocritae,1,1
i,i,4,5
i,I,1,5
Iacata,Iacata,3,3
iaceo,iacet,4,4
Iacobus,Iacobi,1,1
iacto,iactarentur,1,2
iacto,iactata,1,2
iactura,iactura,1,3
iactura,iacturam,1,3
iactura,iacturae,1,3
iactus,iactum,1,1
iam,iam,113,124
iam,Iam,11,124
iamba,Iamba,1,1
iamdudum,iamdudum,1,1
iampridem,iampridem,1,1
iamq,iamq,1,1
iamque,Iamque,1,1
ianuarius,Ianuarii,1,1
iapon,Iapone,5,10
iapon,Iaponem,3,10
iapon,Iaponi,2,10
Iapon,Iaponum,2,2
iaponensis,Iaponensium,1,1
Iapones,Iapones,1,1
Iaponi,Iaponis,2,2
Iaponia,Iaponiam,11,11
Iaponias,Iaponia,15,15
iaponicus,Iaponici,4,12
iaponicus,Iaponicae,2,12
iaponicus,Iaponicis,2,12
iaponicus,Iaponico,1,12
iaponicus,Iaponicarum,1,12
iaponicus,Iaponicorum,1,12
iaponicus,IAPONICI,1,12
Iaponicus,Iaponicas,2,2
iaponius,Iaponiae,19,32
iaponius,Iaponios,7,32
iaponius,IAPONIAE,2,32
iaponius,IAPONIOS,1,32
iaponius,Iaponiis,1,32
iaponius,Iaponiorum,1,32
iaponius,Iaponius,1,32
Iaponius,Iaponio,1,2
Iaponius,Iaponii,1,2
iaponus,Iaponibus,1,1
iatenscicus,Iatenscico,1,1
iateusciranus,Iateusciranos,1,1
iateuscirus,Iateusciro,1,1
iatusciranus,Iatusciranum,1,1
ibi,ibi,29,30
ibi,Ibi,1,30
ibidem,ibidem,4,4
ibiq,ibiq,1,1
ic,Houm,1,1
ichinoco,Ichinocamus,1,1
ictus,ictum,1,3
ictus,ictus,1,3
ictus,ictu,1,3
idcirco,idcirco,9,9
idem,eodem,30,109
idem,idem,14,109
idem,eadem,13,109
idem,eiusdem,12,109
idem,Eodem,7,109
idem,eidem,5,109
idem,eamdem,4,109
idem,Idem,4,109
idem,iisdem,3,109
idem,Eadem,3,109
idem,eundem,3,109
idem,eandem,2,109
idem,easdem,2,109
idem,eumdem,2,109
idem,Easdem,1,109
idem,Eisdem,1,109
idem,eosdem,1,109
idem,iidem,1,109
idem,Eundem,1,109
ideo,ideo,14,14
idioma,idiomate,2,2
idiomo,idiomatis,1,1
idolatra,idolatrae,1,1
idololatra,idololatram,1,1
idololatria,idololatriam,1,2
idololatria,idololatria,1,2
idolon,idolo,1,1
idolum,idolorum,6,8
idolum,Idolorum,1,8
idolum,idolis,1,8
idoneus,idoneum,3,4
idoneus,idoneis,1,4
idq,idq,1,1
idque,idque,1,1
iecias,Iecias,1,1
ieiasus,Ieiasum,5,9
ieiasus,Ieiasi,4,9
Ieiasus,Ieiaso,9,15
Ieiasus,Ieiasus,6,15
ierosolymito,Ierosolymitanae,1,1
iesus,IESU,9,9
igitur,igitur,9,9
ignarus,ignarus,2,4
ignarus,ignari,1,4
ignarus,ignaris,1,4
ignatio,Ignatio,4,4
ignatium,Ignatium,2,2
ignatius,Ignatii,3,3
ignatus,Ignatius,7,7
ignavs,ignav,1,1
ignemvis,ignemve,1,1
ignis,igne,5,8
ignis,ignem,1,8
ignis,igni,1,8
ignis,ignibus,1,8
ignominia,ignominiae,1,1
ignor,ignorem,1,1
ignorantia,ignorantiae,1,1
ignoro,ignorabant,1,6
ignoro,ignorabat,1,6
ignoro,ignorans,1,6
ignoro,ignoratur,1,6
ignoro,ignorarent,1,6
ignoro,ignoraret,1,6
ignosco,Ignovit,1,1
ignotus,ignotum,3,6
ignotus,ignotam,2,6
ignotus,ignota,1,6
ii,ii,1,2
ii,II,1,2
iibere,Iibere,1,1
iiceo,iiceretur,1,1
iique,iique,1,1
iisque,iisque,1,1
ile,ill,1,1
ilico,ilico,9,9
illaesus,illaesa,1,1
ille,illi,56,299
ille,illis,55,299
ille,illius,30,299
ille,ille,29,299
ille,illud,21,299
ille,illam,20,299
ille,illum,20,299
ille,illa,19,299
ille,illos,14,299
ille,illo,12,299
ille,illorum,9,299
ille,illas,4,299
ille,Illud,3,299
ille,Illi,2,299
ille,Ille,2,299
ille,Illa,1,299
ille,Illam,1,299
ille,illae,1,299
illibo,illibatam,1,1
illico,illico,4,4
illigo,illigatis,1,2
illigo,illecti,1,2
illo,illaturi,1,1
illoque,illoque,1,1
illor,illor,1,1
illudeo,illudendi,1,1
illudo,illudunt,1,1
illustris,illustrem,2,7
illustris,illustre,1,7
illustris,illustriorem,1,7
illustris,illustres,1,7
illustris,illustri,1,7
illustris,illustris,1,7
im,Im,1,1
imago,Imagines,2,6
imago,imaginibus,2,6
imago,imaginem,2,6
imbuo,imbuti,1,1
imm,imm,1,1
immanis,immani,2,4
immanis,immania,1,4
immanis,immanis,1,4
immanitas,immanitate,1,2
immanitas,immanitatem,1,2
immaniter,immaniter,1,2
immaniter,immanissime,1,2
immanus,immanior,1,1
imme,imme,1,1
immediatus,immediatam,1,1
immensasque,immensasque,1,1
immensus,immensa,2,4
immensus,immensum,1,4
immensus,immensas,1,4
immeritus,immeritam,1,1
immigro,immigravit,1,1
immineo,imminenti,1,2
immineo,imminere,1,2
imminuo,imminutae,1,4
imminuo,imminuta,1,4
imminuo,imminuto,1,4
imminuo,imminuimus,1,4
immisceo,immiscere,1,2
immisceo,immisceamus,1,2
immitto,immissae,1,5
immitto,immissa,1,5
immitto,immisisse,1,5
immitto,immittebat,1,5
immitto,immiserit,1,5
immo,immo,3,3
immoderatio,immoderationem,1,1
immolo,immolavit,1,2
immolo,immolaret,1,2
immunis,immunes,2,3
immunis,immunis,1,3
immuto,immutasse,1,1
impar,impar,2,2
imparis,imparem,1,2
imparis,impares,1,2
impe,Impe,1,1
impedimentum,impedimenta,2,4
impedimentum,impedimentis,1,4
impedimentum,impedimentum,1,4
impedio,impediantur,1,7
impedio,impediunt,1,7
impedio,impediti,1,7
impedio,impediri,1,7
impedio,impedientibus,1,7
impedio,impedivisset,1,7
impedio,impeditos,1,7
impedo,impedivissent,1,1
impello,impellere,1,1
impendeo,impendeat,1,4
impendeo,impendere,1,4
impendeo,impendentia,1,4
impendeo,impendentem,1,4
impendo,impendisset,1,2
impendo,impendit,1,2
impensa,impensa,1,1
impense,impense,1,1
impensis,impensis,1,1
impensus,impenso,1,1
imperator,Imperatoris,38,149
imperator,Imperatorem,35,149
imperator,Imperator,33,149
imperator,Imperatore,18,149
imperator,Imperatori,16,149
imperator,Imperatorum,3,149
imperator,Imperatoribus,3,149
imperator,Imperatores,2,149
imperator,imperatore,1,149
imperialis,Imperialem,4,11
imperialis,Imperiali,3,11
imperialis,Imperiale,2,11
imperialis,Imperialis,2,11
imperitia,imperitia,1,1
imperitus,imperitae,1,1
imperium,Imperium,47,114
imperium,Imperii,30,114
imperium,Imperio,21,114
imperium,imperio,6,114
imperium,imperium,6,114
imperium,Imperia,1,114
imperium,imperia,1,114
imperium,imperii,1,114
imperium,imperi,1,114
impero,imperat,3,16
impero,imperasset,2,16
impero,imperare,2,16
impero,imperabat,1,16
impero,imperavit,1,16
impero,imperaret,1,16
impero,imperans,1,16
impero,imperit,1,16
impero,imperet,1,16
impero,imperarit,1,16
impero,imperandi,1,16
impero,imperatum,1,16
imperterritos,imperterritos,1,1
imperterritus,imperterritus,1,1
impertio,impertiverit,1,1
impetro,impetravit,1,5
impetro,impetratis,1,5
impetro,impetrasse,1,5
impetro,impetrare,1,5
impetro,impetraret,1,5
impetus,impetu,6,10
impetus,impetum,3,10
impetus,impetus,1,10
impie,impie,1,1
impius,impio,1,3
impius,impiam,1,3
impius,impia,1,3
impleo,implevit,1,2
impleo,impletas,1,2
impliceo,implicuit,1,1
imploro,implorantes,1,1
impono,imponere,2,8
impono,imposito,1,8
impono,imposuit,1,8
impono,imponerent,1,8
impono,impositus,1,8
impono,impositi,1,8
impono,imponens,1,8
importunitas,importunitate,2,2
importunus,importunos,1,1
imposino,impositoque,1,1
impostor,impostorem,1,1
impraesentia,impraesentiarum,1,1
impressio,impressionem,2,3
impressio,impressione,1,3
impressus,impression,1,1
imprimo,impressis,1,1
improbitas,improbitas,1,1
improvisus,improviso,2,2
imus,imus,2,2
in,in,879,904
in,In,20,904
in,IN,5,904
inaccessus,inaccessam,1,1
inaequalis,inaequali,1,1
inaudio,inaudiit,3,4
inaudio,Inaudit,1,4
inauditus,inauditam,2,2
inaudius,inaudii,1,1
inauguro,inauguratis,1,1
inauro,inaurata,2,2
incarceratio,incarceratione,1,1
incarcerator,incarceratorum,1,1
incedo,incederent,1,2
incedo,incedebant,1,2
incendium,incendio,2,3
incendium,incendiis,1,3
incendo,incendit,1,2
incendo,incensi,1,2
incertus,incerta,1,2
incertus,incertis,1,2
inchoo,inchoata,1,3
inchoo,inchoatum,1,3
inchoo,inchoatam,1,3
incid,incid,1,1
incido,incidit,3,10
incido,inciderit,2,10
incido,inciderunt,2,10
incido,incidisset,2,10
incido,incideret,1,10
incipio,inceptum,1,2
incipio,inciperet,1,2
incito,incitanda,1,1
inclino,inclinare,1,1
includo,includo,1,4
includo,includi,1,4
includo,includeretur,1,4
includo,inclusa,1,4
inclytus,inclytum,1,1
incola,incolas,5,12
incola,incolis,4,12
incola,incolarum,2,12
incola,incolae,1,12
incolo,incolit,1,5
incolo,incolebam,1,5
incolo,incolentes,1,5
incolo,incolendis,1,5
incolo,incoluerat,1,5
incolumis,incolumem,3,4
incolumis,incolumis,1,4
incolumitas,incolumitatem,3,3
incommodorumque,incommodorumque,1,1
incommodum,incommoda,4,4
incommodus,incommodis,1,1
incompositus,incomposito,1,1
inconcinnus,inconcinnum,1,1
inconsto,inconstantis,1,1
inconsulte,inconsulte,1,1
inconsultus,inconsulto,1,1
incredibilis,incredibili,5,8
incredibilis,incredibilia,1,8
incredibilis,incredibilis,1,8
incredibilis,incredibile,1,8
incrementum,incrementum,3,4
incrementum,incrementa,1,4
increpo,increpabat,1,1
incruenio,incruenta,1,1
inculco,inculcant,1,1
inculpo,inculpata,1,1
incumbo,incumbens,1,2
incumbo,incumbebat,1,2
incuria,incuria,1,1
incurro,incurrerunt,1,2
incurro,incurrere,1,2
incuto,incuteret,1,1
inde,inde,19,28
inde,Inde,9,28
indecorus,indecorum,1,1
indeq,indeq,1,1
india,Indiae,1,1
indica,Indicas,1,1
indicium,indicio,3,8
indicium,indicia,3,8
indicium,indicium,1,8
indicium,indiciis,1,8
indico,indicavit,3,9
indico,indicaret,2,9
indico,indicatum,2,9
indico,indicta,1,9
indico,indicaretur,1,9
indies,indies,1,1
indigena,indigenae,1,1
indigenis,indigenis,1,1
indigeo,indigebant,2,3
indigeo,indigeret,1,3
indignatio,indignatione,2,5
indignatio,indignatio,1,5
indignatio,indignationis,1,5
indignatio,indignationem,1,5
indignitas,indignitate,1,1
indignor,indignabantur,1,2
indignor,indignantes,1,2
indignus,indignum,2,5
indignus,Indignissimus,1,5
indignus,indigna,1,5
indignus,indignus,1,5
indiscretor,indiscretorum,1,1
indiscretus,indiscretus,1,1
indix,Indici,1,1
indoles,indole,1,1
indolis,indoles,1,1
induco,inducere,2,4
induco,inducens,1,4
induco,inducti,1,4
indulgeo,indulgere,1,2
indulgeo,indulsit,1,2
indultio,indulserant,1,1
induo,induerunt,1,8
induo,induta,1,8
induo,induerent,1,8
induo,indutos,1,8
induo,indutus,1,8
induo,induit,1,8
induo,induere,1,8
induo,indutum,1,8
induro,indurata,1,2
induro,indurant,1,2
indus,Indum,1,1
industria,industria,3,4
industria,industriam,1,4
ineo,inita,1,8
ineo,iniret,1,8
ineo,iniit,1,8
ineo,initi,1,8
ineo,initae,1,8
ineo,ineunda,1,8
ineo,inire,1,8
ineo,ineundis,1,8
inermis,inermes,1,1
inexspecto,inexspectato,1,1
infamis,infame,1,1
infandus,infanda,1,1
infans,infantes,4,6
infans,Infantis,1,6
infans,infantibus,1,6
infaustus,infausta,1,2
infaustus,infausto,1,2
infecto,infectantur,1,1
infectus,infecta,3,3
infelice,infelice,1,1
infeliciter,infeliciter,1,2
infeliciter,infelicius,1,2
infelicus,infelicissimus,2,2
infelix,infelix,1,2
infelix,infelicem,1,2
infendo,infensus,1,1
infernalis,infernalis,1,2
infernalis,infernales,1,2
infero,illata,3,17
infero,intulisse,2,17
infero,intulit,2,17
infero,illatas,1,17
infero,inferentes,1,17
infero,inferet,1,17
infero,inferebat,1,17
infero,inferant,1,17
infero,inferebant,1,17
infero,inferente,1,17
infero,inferatur,1,17
infero,illatae,1,17
infero,inferre,1,17
inferus,imo,21,29
inferus,Imo,2,29
inferus,infimi,1,29
inferus,infimae,1,29
inferus,inferior,1,29
inferus,inferioris,1,29
inferus,infimis,1,29
inferus,inferiores,1,29
infesto,infestavit,1,3
infesto,infestant,1,3
infesto,infestabant,1,3
infestus,infesto,2,10
infestus,infestus,2,10
infestus,infestis,2,10
infestus,infestos,2,10
infestus,infestam,1,10
infestus,infestas,1,10
infidelis,infidelium,3,7
infidelis,infideles,2,7
infidelis,infideli,1,7
infidelis,infidelibus,1,7
infidelitas,infidelitatis,1,1
infidis,infidi,1,1
infidus,infidus,1,1
infimorumque,infimorumque,1,1
infinitus,infinita,1,2
infinitus,infinitae,1,2
inflammo,inflammatus,1,1
inflo,Inflatur,1,2
inflo,inflati,1,2
informatio,informationem,2,3
informatio,informatio,1,3
infra,infra,6,6
infrago,infractum,1,1
ing,ing,1,1
ingenero,ingenerarent,1,1
ingenioque,ingenioque,1,1
ingenium,ingenio,3,6
ingenium,ingenia,1,6
ingenium,ingenium,1,6
ingenium,ingenii,1,6
ingens,ingentem,17,63
ingens,ingens,15,63
ingens,ingenti,15,63
ingens,ingentes,11,63
ingens,ingentibus,2,63
ingens,ingentis,1,63
ingens,Ingens,1,63
ingens,Ingentem,1,63
ingero,ingeramus,1,1
ingo,icta,1,1
ingratus,ingrata,1,2
ingratus,ingratum,1,2
ingredior,ingressus,12,41
ingredior,ingressi,8,41
ingredior,ingrediuntur,6,41
ingredior,ingreditur,4,41
ingredior,ingrediantur,2,41
ingredior,Ingressus,2,41
ingredior,ingredi,2,41
ingredior,ingrediebantur,1,41
ingredior,ingrederetur,1,41
ingredior,ingrediaris,1,41
ingredior,ingrediamur,1,41
ingredior,ingressos,1,41
ingressor,ingressurus,1,1
ingressus,ingressum,5,5
inhabito,inhabitare,1,2
inhabito,inhabitandam,1,2
inhibeo,inhibuit,1,2
inhibeo,inhibendum,1,2
inhio,inhiabat,4,6
inhio,inhiarunt,1,6
inhio,inhiare,1,6
inhumanus,inhumana,1,1
inibi,inibi,4,4
inicio,iniecta,1,1
iniicio,iniiciunt,1,1
inimicitia,inimicitia,1,2
inimicitia,inimicitias,1,2
inimicus,inimicis,4,8
inimicus,Inimici,1,8
inimicus,inimica,1,8
inimicus,inimicorum,1,8
inimicus,inimico,1,8
inio,inierant,1,1
iniquitas,Iniquitas,2,2
iniquus,iniquissimas,1,3
iniquus,iniquissimis,1,3
iniquus,iniqua,1,3
initio,initiaretur,1,1
initior,initiatus,4,6
initior,initiari,1,6
initior,initientur,1,6
initium,initio,4,12
initium,initium,3,12
initium,initia,2,12
initium,initiis,2,12
initium,Initia,1,12
iniuo,inivimus,1,1
iniuria,iniurias,4,10
iniuria,iniuria,3,10
iniuria,iniuriam,2,10
iniuria,Iniurias,1,10
iniuriuus,iniuriuam,1,1
iniustus,iniusta,1,3
iniustus,iniustam,1,3
iniustus,iniustae,1,3
innocens,innocenti,1,4
innocens,Innocentibus,1,4
innocens,innocentes,1,4
innocens,innocentem,1,4
innocentia,Innocentia,2,5
innocentia,Innocentiae,2,5
innocentia,Innocentiam,1,5
innocentus,Innocentum,1,1
innoresco,innorescat,1,1
innotesco,innotuit,1,2
innotesco,innotescet,1,2
innotuo,innotuerat,1,2
innotuo,innotuerit,1,2
innoxius,innoxios,1,3
innoxius,innoxio,1,3
innoxius,innoxiam,1,3
innumerus,innumeris,1,3
innumerus,innumeros,1,3
innumerus,innumeras,1,3
ino,ino,1,1
inopia,inopia,2,4
inopia,inopiam,2,4
inopinatus,inopinato,2,4
inopinatus,Inopinatus,1,4
inopinatus,inopinata,1,4
inops,inops,1,1
inprimus,inprimis,1,1
inquam,inquit,6,8
inquam,inquiunt,1,8
inquam,inquiebat,1,8
inque,inque,1,1
inquiete,inquietissime,1,1
inquietus,inquietas,1,1
inquiro,inquirebant,1,2
inquiro,inquirit,1,2
inquisitio,Inquisitionis,1,2
inquisitio,inquisitio,1,2
insanio,insaniebat,1,1
insanus,insanam,1,1
inscio,inscio,1,1
inscius,inscius,1,2
inscius,insciis,1,2
inscribo,inscripta,1,1
inscriptio,inscriptiones,1,1
insequor,insecuti,2,7
insequor,insequuntur,1,7
insequor,insecuta,1,7
insequor,insequentis,1,7
insequor,insequitur,1,7
insequor,insequenti,1,7
insero,inserto,1,1
insidiae,insidiis,2,3
insidiae,insidias,1,3
insignis,insignis,3,11
insignis,insigni,2,11
insignis,insignes,2,11
insignis,insignem,2,11
insignis,insignia,1,11
insignis,insignium,1,11
insilio,insilientes,1,1
insinuo,insinuavi,1,1
insolens,insolentes,1,1
insolentia,insolentiis,2,3
insolentia,insolentia,1,3
insoleo,insolens,1,1
insons,insonti,1,2
insons,insontibus,1,2
inspicio,inspecturus,1,1
instabilis,instabilis,1,2
instabilis,instabiles,1,2
instar,instar,1,1
instigo,instigantibus,1,1
instituo,instituimus,2,13
instituo,instituit,2,13
instituo,instituendo,1,13
instituo,instituere,1,13
instituo,institutae,1,13
instituo,institui,1,13
instituo,instituerentur,1,13
instituo,instituebatur,1,13
instituo,instituta,1,13
instituo,instituens,1,13
instituo,institutam,1,13
institutio,institutioni,1,3
institutio,institutionis,1,3
institutio,institutione,1,3
institutum,institutis,4,5
institutum,institutum,1,5
instruco,instruxerant,1,1
instrumentum,instrumenta,2,2
instruo,instruxit,1,4
instruo,instruit,1,4
instruo,instrueret,1,4
instruo,instructus,1,4
insula,Insula,4,16
insula,Insulam,4,16
insula,Insulae,3,16
insula,insulam,2,16
insula,insulas,1,16
insula,Insulis,1,16
insula,insula,1,16
insulam,Insulamque,1,1
insumo,insumptos,1,2
insumo,insumpserunt,1,2
insuper,insuper,9,9
insurgo,insurrexerunt,2,6
insurgo,insurrexit,1,6
insurgo,insurrexerant,1,6
insurgo,insurgentes,1,6
insurgo,insurgentibus,1,6
insutus,insuta,1,1
intago,intacti,1,1
intecedo,intecedit,1,1
integer,integro,4,11
integer,integros,2,11
integer,integra,2,11
integer,integer,1,11
integer,integrum,1,11
integer,integram,1,11
integritas,integritati,1,1
intellego,intelligatur,4,22
intellego,intelligere,3,22
intellego,intellecta,2,22
intellego,intelligeret,2,22
intellego,intelligi,2,22
intellego,intellecto,1,22
intellego,intellexit,1,22
intellego,intelligunt,1,22
intellego,intelligat,1,22
intellego,intellexerint,1,22
intellego,intelligantur,1,22
intellego,intelligant,1,22
intellego,intellexissent,1,22
intellego,intelliget,1,22
intellexigo,intelleximus,2,2
intelligo,intelligo,1,1
intendo,intenti,1,4
intendo,intentus,1,4
intendo,intendit,1,4
intendo,intentos,1,4
intentio,intentione,2,2
inter,inter,54,61
inter,Inter,6,61
inter,INTER,1,61
intercedo,intercedere,1,4
intercedo,intercedentes,1,4
intercedo,intercedebant,1,4
intercedo,intercederet,1,4
intercipio,intercepta,1,6
intercipio,intercipiendi,1,6
intercipio,intercipere,1,6
intercipio,Intercepta,1,6
intercipio,intercipit,1,6
intercipio,intercepisset,1,6
intercludo,intercluderetur,1,5
intercludo,intercludebat,1,5
intercludo,interclusa,1,5
intercludo,intercluderent,1,5
intercludo,intercludendo,1,5
interclusuro,interclusuri,1,1
interdico,interdicta,1,2
interdico,interdixit,1,2
interdiu,interdiu,1,1
interea,Interea,16,21
interea,interea,5,21
interemo,interemerit,1,1
interempio,interempturum,1,1
intericio,interiectus,1,2
intericio,interiectae,1,2
interim,interim,7,10
interim,Interim,3,10
interimo,interimunt,1,3
interimo,interempto,1,3
interimo,interemit,1,3
interitus,interitus,1,1
internecio,internecione,3,4
internecio,internecionem,1,4
interpono,interposita,1,1
interque,interque,1,1
interrogo,interrogavit,1,2
interrogo,interrogat,1,2
intersum,interesse,2,3
intersum,interfuerit,1,3
intervallum,intervallo,4,6
intervallum,intervallum,2,6
intervenio,interveniente,1,2
intervenio,intervenientis,1,2
interventus,interventu,1,1
intimus,intimo,2,3
intimus,intimum,1,3
intolerabilis,intolerabile,1,1
intorcettus,INTORCETTA,1,1
intra,intra,22,23
intra,Intra,1,23
intrepidus,intrepida,1,1
intrinsecus,intrinsecus,2,2
intro,intrandum,1,3
intro,intrantium,1,3
intro,intrandi,1,3
introduco,introduxit,1,1
intromitto,intromittit,2,4
intromitto,intromissus,1,4
intromitto,intromissa,1,4
intumo,intumuit,1,1
inuenio,inuenient,1,1
inus,inus,2,2
inusitatus,inusitato,1,1
inutilis,inutile,1,2
inutilis,inutilis,1,2
invadeo,invaderent,4,7
invadeo,invadere,2,7
invadeo,invaserunt,1,7
invadio,invaderet,1,1
invado,invadit,4,16
invado,invadunt,4,16
invado,invasit,4,16
invado,invaserat,1,16
invado,invadat,1,16
invado,invaditur,1,16
invado,invadendi,1,16
invao,invaduntur,1,1
invaserio,invaserint,1,1
invasio,invasione,1,1
invasor,invasorem,1,1
invdo,invasisse,1,1
invecio,invectus,1,1
inveho,invehi,2,2
invenio,invenit,5,11
invenio,inveniretur,1,11
invenio,invenimus,1,11
invenio,inventus,1,11
invenio,inveniunt,1,11
invenio,inveniet,1,11
invenio,invenerim,1,11
inverto,inverso,1,1
investigo,investigare,1,1
invicem,invicem,1,1
invideo,invidere,1,1
invidia,invidiam,1,2
invidia,invidia,1,2
invidus,invida,1,1
invigilo,invigilant,1,3
invigilo,invigilat,1,3
invigilo,invigilent,1,3
inviso,inviserent,1,4
inviso,invisendi,1,4
inviso,invisit,1,4
inviso,inviseremus,1,4
invito,invitat,2,14
invito,invitabat,2,14
invito,invitatus,2,14
invito,invitavit,2,14
invito,invitantem,1,14
invito,invitarunt,1,14
invito,invitare,1,14
invito,invitati,1,14
invito,invitatum,1,14
invito,invitantur,1,14
invitus,invitis,1,1
invoco,invocare,1,2
invoco,invocatis,1,2
involo,involuerit,1,1
involuo,involuens,1,1
involvo,involutum,1,1
io,io,1,1
iocus,ioco,1,1
iohannes,Ioannis,1,1
ioriques,Ioriques,1,1
iosephus,Iosephus,1,1
ipe,ipsamq,1,1
ipse,ipse,49,148
ipse,ipsi,18,148
ipse,ipsa,15,148
ipse,ipsum,15,148
ipse,ipso,10,148
ipse,ipsam,9,148
ipse,ipsos,7,148
ipse,ipsis,7,148
ipse,Ipse,5,148
ipse,ipsorum,4,148
ipse,ipsius,4,148
ipse,ipsemet,4,148
ipse,Ipsemet,1,148
ipseque,ipseque,3,3
ipsi,ipsimet,1,1
ipsique,ipsique,1,1
iq,eoq,4,7
iq,eiq,3,7
iquon,Iquon,4,4
ira,ira,9,20
ira,iram,7,20
ira,irae,2,20
ira,Irae,1,20
ira,Ira,1,20
iriafaconus,Iriafaconum,1,1
irrigo,irrigare,1,1
irrito,irrito,1,1
irritus,irritum,1,1
irrumpo,irrumpunt,2,4
irrumpo,irrumperunt,1,4
irrumpo,irrumpebant,1,4
irruo,irruissent,1,7
irruo,irruentium,1,7
irruo,irrueret,1,7
irruo,irruit,1,7
irruo,irruentes,1,7
irruo,irruerent,1,7
irruo,irruere,1,7
irrupo,irrupit,2,2
irruptio,Irruptione,1,1
is,eius,83,483
is,eo,66,483
is,eos,50,483
is,eum,44,483
is,eorum,43,483
is,ea,42,483
is,eam,33,483
is,id,33,483
is,ei,18,483
is,iis,17,483
is,eis,9,483
is,Is,7,483
is,Ea,7,483
is,is,7,483
is,Id,5,483
is,Eo,4,483
is,eas,4,483
is,earum,2,483
is,eaq,2,483
is,eorumq,1,483
is,Eas,1,483
is,Eius,1,483
is,Eorum,1,483
is,Eam,1,483
is,Eum,1,483
is,eae,1,483
isafaidonus,Isafaidonus,1,1
isafaindon,Isafaindonum,1,1
Iscianum,Isciano,1,1
iscianus,Iscianum,1,1
isciensus,Isciensi,1,1
iste,iste,2,9
iste,istis,2,9
iste,istos,2,9
iste,istius,1,9
iste,ista,1,9
iste,istam,1,9
isthac,isthac,1,1
isthic,isthic,1,1
ita,ita,71,95
ita,Ita,24,95
italis,Italis,1,1
italus,Italus,1,1
itaq,itaq,3,4
itaq,Itaq,1,4
itaque,itaque,27,48
itaque,Itaque,21,48
item,item,9,9
itemque,idemque,1,1
iter,iter,15,35
iter,itinere,10,35
iter,itineris,6,35
iter,itinera,3,35
iter,itineribus,1,35
iterato,iterato,1,1
itero,iteratis,1,1
iterum,iterum,8,8
iti,Iti,1,1
itodonus,Itodonus,1,1
iu,Iu,1,2
iu,iu,1,2
iubeo,iussit,17,41
iubeo,iubet,7,41
iubeo,iubentur,3,41
iubeo,iubebat,3,41
iubeo,iusserunt,2,41
iubeo,iubentes,1,41
iubeo,iubetur,1,41
iubeo,iubeas,1,41
iubeo,iubent,1,41
iubeo,iusserat,1,41
iubeo,iubeat,1,41
iubeo,iubens,1,41
iubeo,iussisset,1,41
iubeo,iussi,1,41
iudex,Iudicum,1,1
iudiciique,iudiciique,1,1
iudicium,iudiciorum,1,2
iudicium,iudicii,1,2
iudico,iudicaret,1,2
iudico,iudicata,1,2
iuenus,Iuenam,1,1
iugum,iugo,2,4
iugum,iugis,1,4
iugum,iugum,1,4
iulius,Iulio,1,1
iumentum,iumentis,1,1
iuncus,iunco,1,3
iuncus,iuncus,1,3
iuncus,iuncum,1,3
iunglies,Iungliei,2,2
iunglieus,Iunglieo,7,11
iunglieus,Iunglieum,3,11
iunglieus,Iunglieus,1,11
iungo,iuncta,1,1
iunus,iunioris,1,1
iunxio,iunxissent,1,1
iuramentum,iuramentorum,1,1
iureiuro,iureiurando,1,1
iurisiuro,iurisiurandi,1,1
iuro,iurasset,1,3
iuro,iurare,1,3
iuro,iurati,1,3
ius,iura,2,5
ius,iuris,1,5
ius,ius,1,5
ius,eiusd,1,5
iusbeo,iussitq,1,1
iussus,iussu,2,2
iustitia,iustitiae,3,7
iustitia,iustitia,3,7
iustitia,Iustitiae,1,7
iustus,Iustam,3,10
iustus,iustum,2,10
iustus,iustissima,1,10
iustus,iustos,1,10
iustus,iustis,1,10
iustus,iusta,1,10
iustus,Iustae,1,10
iuvenis,iuvenis,3,3
iuvo,iuvandos,1,6
iuvo,iuvaret,1,6
iuvo,iuvandis,1,6
iuvo,iuvarent,1,6
iuvo,iuver,1,6
iuvo,iuvit,1,6
iux,iuge,1,1
iuxta,iuxta,5,5
ivi,Ivi,1,1
ivio,ivisset,1,1
Johanne,Ioanne,2,2
Johannem,Ioannem,4,4
Johannes,Ioannes,4,7
Johannes,Ioanni,3,7
kengo,Kengo,2,2
kengum,Kengum,1,1
kengus,Kengus,1,1
khiucheu,Khiucheu,1,1
kian,Kian,1,1
kiang,Kiang,6,6
kiangcheu,Kiangcheu,1,1
kiango,Kiango,2,2
kiangsus,Kiangsi,8,8
kiangus,Kiangus,11,12
kiangus,Kiangum,1,12
kienning,Kienning,2,2
kinhoa,Kinhoa,3,3
kino,Kino,3,3
kinum,Kinum,3,3
kinus,Kinus,8,8
kioochang,Kioochang,1,1
kiu,Kiu,1,1
labo,labanti,1,1
labor,laboribus,6,17
labor,laborum,3,17
labor,labore,2,17
labor,lapsus,2,17
labor,labitur,1,17
labor,labori,1,17
labor,laborem,1,17
labor,labores,1,17
laboro,laboratum,2,4
laboro,laboratur,1,4
laboro,laborassent,1,4
lachrymus,lachrymas,1,1
lacryma,lacrymis,4,8
lacryma,lacrymas,3,8
lacryma,lacrymarum,1,8
lacus,lacus,2,3
lacus,lacum,1,3
laetior,laetitae,1,1
laetitia,laetitiae,2,5
laetitia,laetitia,1,5
laetitia,laetitiam,1,5
laetitia,laetitiis,1,5
laetor,laetatur,1,3
laetor,laetatus,1,3
laetor,laetari,1,3
laetumque,laetumque,1,1
laetus,laeti,2,4
laetus,laetissima,1,4
laetus,laetiorem,1,4
lama,Lama,1,1
lamen,lamen,1,1
lamentabilis,lamentabili,1,1
lamentatio,lamentationum,1,1
lancea,lancea,1,1
languesco,languesceret,1,1
lapis,lapide,3,7
lapis,lapidibus,2,7
lapis,lapidem,2,7
lapsus,lapsuum,1,1
laqueus,laqueo,6,7
laqueus,laqueus,1,7
largior,largiabatur,1,2
largior,largitus,1,2
largitionibusque,largitionibusque,1,1
largus,largum,1,1
lassus,lassae,1,1
lataeus,lataeque,1,1
late,latius,1,2
late,latissime,1,2
lateo,latuit,2,3
lateo,lateret,1,3
lateque,lateque,2,2
latito,latitabant,2,4
latito,latitare,1,4
latito,latitarent,1,4
latitor,latitantes,2,2
latitudo,latitudinem,1,1
latro,latronis,13,62
latro,latrones,11,62
latro,latro,10,62
latro,latrone,8,62
latro,latronibus,5,62
latro,latronum,5,62
latro,latronem,4,62
latro,latroni,4,62
latro,Latronum,1,62
latro,Latrones,1,62
latus,latere,3,17
latus,latam,2,17
latus,latus,2,17
latus,latis,1,17
latus,lateribus,1,17
latus,latiora,1,17
latus,latissimi,1,17
latus,latissimas,1,17
latus,latissimam,1,17
latus,latissimis,1,17
latus,latarum,1,17
latus,latas,1,17
latus,latera,1,17
laud,laud,1,1
laudataquus,laudataque,1,1
laudo,Laudabat,2,5
laudo,laudata,1,5
laudo,laudantibus,1,5
laudo,laudando,1,5
laurea,lauream,1,1
laus,laudem,1,5
laus,laudibus,1,5
laus,laude,1,5
laus,laudes,1,5
laus,laute,1,5
lavacrum,lavacro,3,5
lavacrum,lavacrum,2,5
le,lissime,1,1
Leaotungus,Leaotung,22,22
leaoyanus,Leaoyang,4,4
lect,lect,1,1
lectio,lectione,1,1
lector,Lector,1,1
lectores,LECTOREM,1,1
leg,leg,1,1
legatio,Legatione,1,3
legatio,legationem,1,3
legatio,legationis,1,3
legatus,Legatum,6,8
legatus,Legato,1,8
legatus,Legatos,1,8
legio,legionibus,1,4
legio,Legiones,1,4
legio,legionem,1,4
legio,legio,1,4
lego,lecto,1,2
lego,legerat,1,2
lenio,lenit,1,1
lentus,lento,1,1
leo,leones,1,1
leonina,leoninae,1,1
leopardus,leopardis,1,1
leucis,leucis,3,3
leucus,leucas,5,9
leucus,leucarum,2,9
leucus,leuca,1,9
leucus,leucam,1,9
levis,levissima,1,6
levis,levissimis,1,6
levis,levissimum,1,6
levis,levissimas,1,6
levis,leve,1,6
levis,levis,1,6
leviter,leviter,1,1
lex,lege,8,37
lex,legem,5,37
lex,Legis,5,37
lex,leges,5,37
lex,legi,4,37
lex,legibus,4,37
lex,Legem,3,37
lex,legis,2,37
lex,legum,1,37
libellus,libellum,2,6
libellus,libellis,1,6
libellus,libellos,1,6
libellus,libelli,1,6
libellus,libello,1,6
libente,libentius,1,1
libenter,libenter,5,5
liber,liberos,4,25
liber,libri,3,25
liber,libros,3,25
liber,liberi,3,25
liber,libra,3,25
liber,libris,2,25
liber,librum,2,25
liber,liberis,2,25
liber,librorum,1,25
liber,liberum,1,25
liber,libera,1,25
liberalitas,liberalitatem,1,2
liberalitas,liberalitati,1,2
liberaliter,liberaliter,2,4
liberaliter,liberalissime,2,4
liberatio,liberatione,4,5
liberatio,liberationem,1,5
libere,libere,3,3
libero,liberare,2,13
libero,liberaret,2,13
libero,liberarent,2,13
libero,liberati,2,13
libero,liberarunt,1,13
libero,liberandam,1,13
libero,liberando,1,13
libero,liberatus,1,13
libero,liberari,1,13
libertas,libertatem,7,14
libertas,libertate,3,14
libertas,libertas,2,14
libertas,libertatis,1,14
libertas,libertateq,1,14
liberus,liberior,1,1
libidinosus,libidinosum,1,1
libido,libido,1,2
libido,libidinem,1,2
librator,libratores,1,1
licentiatus,Licentiati,1,1
licet,licet,32,37
licet,Licet,2,37
licet,licebat,1,37
licet,liceret,1,37
licet,licuit,1,37
lictor,lictoribus,1,1
licungzus,Licungzus,9,17
licungzus,Licungzo,5,17
licungzus,Licungzi,2,17
licungzus,Licungzum,1,17
ligatusque,ligatusque,1,1
ligneus,lignea,2,4
ligneus,ligneum,1,4
ligneus,ligneam,1,4
lignum,ligna,1,1
ligo,ligantur,1,5
ligo,ligatum,1,5
ligo,ligonibus,1,5
ligo,ligati,1,5
ligo,ligatos,1,5
lihuzus,Lihuzus,2,5
lihuzus,Lihuzi,2,5
lihuzus,Lihuzum,1,5
linea,lineis,1,1
lingua,linguam,1,5
lingua,lingua,1,5
lingua,Linguam,1,5
lingua,linguis,1,5
lingua,linguae,1,5
liqueo,liquet,1,1
liquidus,liquido,1,1
lis,lite,1,2
lis,li,1,2
litera,literis,1,3
litera,literarum,1,3
litera,literas,1,3
literarius,literariis,1,1
litero,literati,1,1
litigo,litigantium,1,2
litigo,litigantes,1,2
litter,litter,1,1
littera,litteras,8,20
littera,litteris,5,20
littera,litterae,4,20
littera,litterarum,3,20
litterarius,Litterarium,1,1
litteratus,litteratis,1,3
litteratus,litteratorum,1,3
litteratus,Litteratorum,1,3
littus,littore,6,9
littus,littus,3,9
litus,littora,2,2
lius,Lius,1,1
lo,lunt,1,1
loca,locaque,1,1
loco,locaret,1,1
locorumque,locorumque,1,1
locus,loco,27,83
locus,locum,22,83
locus,loca,10,83
locus,locis,9,83
locus,loci,8,83
locus,locus,4,83
locus,locorum,2,83
locus,Locus,1,83
locusta,locustarum,1,1
locūus,locūum,1,1
longe,longe,19,31
longe,longius,9,31
longe,longissime,2,31
longe,Longe,1,31
longeque,longeque,1,1
longus,longum,3,13
longus,longa,2,13
longus,longissimo,2,13
longus,longiorem,1,13
longus,longior,1,13
longus,longae,1,13
longus,longis,1,13
longus,longam,1,13
longus,longiore,1,13
loquax,loquaces,1,1
loquor,loquebatur,2,6
loquor,loqui,2,6
loquor,loquuntur,1,6
loquor,loquar,1,6
lorica,lorica,1,1
loricus,loricis,1,1
loth,Loth,1,1
lovangus,Lovangus,1,1
Lovangus,Lovangum,1,1
lu,Lu,7,7
lubeo,lubenti,1,1
lucas,Lucas,1,1
lucesco,lucesceret,1,1
lucius,Lucia,1,1
Lucius,l,1,1
lucrum,lucro,1,3
lucrum,lucrum,1,3
lucrum,lucri,1,3
luctuosus,luctuosa,1,3
luctuosus,luctuosi,1,3
luctuosus,luctuosis,1,3
lucul,lucul,2,2
luculentus,luculentum,1,1
ludibrium,ludibrio,2,3
ludibrium,ludibrium,1,3
ludo,ludebat,2,2
Ludowicus,Ludovicus,1,1
Ludwicus,Ludovico,1,1
lunguus,Lunguus,1,1
lunguuus,Lunguuo,2,2
luo,luerent,1,1
lupus,lupis,1,1
lus,loc,1,1
Lusitani,Lusitanos,1,1
lusitania,Lusitaniae,1,1
lusitanicus,Lusitanica,1,1
lusitanus,Lusitanis,6,12
lusitanus,Lusitani,2,12
lusitanus,Lusitanus,2,12
lusitanus,Lusitanorum,1,12
lusitanus,Lusitano,1,12
lustralis,lustralibus,1,1
lustro,lustrati,1,2
lustro,lustratus,1,2
luteus,luteum,1,2
luteus,luteo,1,2
lutro,lutrari,1,1
lux,luce,2,3
lux,lucem,1,3
LXX,LXX,1,1
LXXIII,LXXIII,1,1
m,m,2,3
m,M,1,3
M.CC.LXXV,M.CC.LXXV,1,1
M.CC.LXXVIII,M.CC.LXXVIII,1,1
M.CC.VI,M.CC.VI,1,1
M.CCC.LXVIII,M.CCC.LXVIII,1,1
m.cccc.vi,M.CCCC.VI,1,1
M.D.LXXIII,M.D.LXXIII,1,1
m.dc,M.DC,1,1
M.DC.LI,M.DC.LI,2,2
m.dc.xix,M.DC.XIX,1,1
M.DC.XLI,M.DC.XLI,1,1
M.DC.XLII,M.DC.XLII,1,1
M.DC.XLIV,M.DC.XLIV,2,2
M.DC.XLIX,M.DC.XLIX,2,2
M.DC.XLV,M.DC.XLV,2,2
M.DC.XLVI,M.DC.XLVI,1,1
M.DC.XVI,M.DC.XVI,1,1
m.dc.xviii,M.DC.XVIII,1,1
m.dc.xx,M.DC.XX,2,2
M.DC.XXVII,M.DC.XXVII,1,1
m.dc.xxvs,M.DC.XXV,1,1
m.dc.xxx,M.DC.XXX,1,1
M.DC.XXXVI,M.DC.XXXVI,1,1
macaanus,Macaani,1,2
macaanus,Macaano,1,2
macaensis,Macaensis,1,2
macaensis,Macaenses,1,2
macaus,Macai,2,4
macaus,Macao,1,4
macaus,Macaum,1,4
macellum,macellum,1,1
machina,machina,1,1
machinatio,machinationes,1,1
machinor,machinantes,1,1
macto,mactarunt,2,6
macto,mactaverat,2,6
macto,mactari,1,6
macto,mactaret,1,6
madarinus,Madarinorum,1,1
magaglianis,Magaglianes,1,1
magellanis,Magellanes,1,1
magis,magis,20,20
magisque,magisque,2,2
magister,Magistri,1,1
magistratus,Magistratibus,2,3
magistratus,magistratu,1,3
magn,magn,1,1
magnaeus,magnaeq,1,1
magnaque,magnaque,2,2
magnates,Magnates,1,1
magnatus,Magnate,1,1
magne,maxime,21,21
magnificentus,magnificentissima,1,1
magnificus,magnifica,2,4
magnificus,magnificum,1,4
magnificus,magnificus,1,4
magnitudo,magnitudinem,3,6
magnitudo,magnitudine,2,6
magnitudo,magnitudo,1,6
magnopere,magnopere,5,5
magnus,magna,44,190
magnus,magnum,11,190
magnus,maiorem,11,190
magnus,magni,10,190
magnus,maxima,10,190
magnus,magnam,10,190
magnus,magno,10,190
magnus,maiores,10,190
magnus,magnis,9,190
magnus,maiora,7,190
magnus,maiori,7,190
magnus,maioribus,6,190
magnus,maximum,6,190
magnus,maior,4,190
magnus,maximi,4,190
magnus,magnae,4,190
magnus,maioris,3,190
magnus,maius,3,190
magnus,magnas,3,190
magnus,maiore,2,190
magnus,maximas,2,190
magnus,maximus,2,190
magnus,magnus,2,190
magnus,Magnum,1,190
magnus,maximis,1,190
magnus,Maximum,1,190
magnus,Maiora,1,190
magnus,Maximo,1,190
magnus,Magno,1,190
magnus,maximo,1,190
magnus,maximam,1,190
magnus,maximae,1,190
magnus,Magna,1,190
magnuus,magnuum,1,1
maiestas,maiestati,3,6
maiestas,maiestate,1,6
maiestas,maiestatem,1,6
maiestas,maiestatis,1,6
male,male,5,5
maleque,maleque,1,1
malevolus,malevolis,1,1
malitia,malitia,1,1
malo,maluit,6,9
malo,malit,1,9
malo,malle,1,9
malo,maluerunt,1,9
malum,malo,4,6
malum,mali,1,6
malum,malum,1,6
malus,mala,5,8
malus,malis,1,8
malus,peiora,1,8
malus,malarum,1,8
man,man,1,1
mancipium,mancipia,2,3
mancipium,mancipiorum,1,3
mandarinus,Mandarini,1,1
mandatum,mandato,7,8
mandatum,mandata,1,8
mando,mandatum,7,24
mando,mandavit,6,24
mando,mandare,2,24
mando,mandans,2,24
mando,mandat,2,24
mando,mandarat,2,24
mando,Mandatum,1,24
mando,Mandat,1,24
mando,mandasset,1,24
mane,mane,1,1
maneo,mansit,3,7
maneo,maneret,1,7
maneo,manent,1,7
maneo,mansisse,1,7
maneo,manemus,1,7
mangasacanus,Mangasacana,1,1
Mangin,Mangin,1,1
manib,manib,1,1
manicus,manicis,1,2
manicus,manicae,1,2
manifestus,manifestae,1,3
manifestus,manifestos,1,3
manifestus,manifesto,1,3
mantius,Mantii,1,1
manubrius,manubrium,1,1
manus,manu,21,50
manus,manus,18,50
manus,manibus,9,50
manus,manum,1,50
manus,manorum,1,50
manuumque,manuumque,1,1
manzus,Manzu,2,2
manzuxus,Manzuxa,1,1
maovenlungus,Maovenlungus,6,10
maovenlungus,Maovenlungi,3,10
maovenlungus,Maovenlungum,1,10
marcus,Marcus,2,2
mare,mari,6,22
mare,mare,5,22
mare,maris,5,22
mare,Maria,2,22
mare,Maris,2,22
mare,maria,2,22
Maria,Mariae,3,5
Maria,MARIAE,2,5
Marindus,Marindoni,1,1
marinus,marinum,1,1
maritim,maritim,1,1
maritimus,maritimo,1,1
maritus,maritus,4,8
maritus,marito,2,8
maritus,maritis,1,8
maritus,Maritus,1,8
mars,marte,4,5
mars,Marte,1,5
marsupius,marsupia,1,1
martius,Martium,1,1
Martius,Martii,1,2
Martius,Martio,1,2
martyr,martyris,1,1
martyrius,martyrii,1,1
mas,mares,2,3
mas,maribus,1,3
mater,Mater,1,1
materio,materiatum,1,1
mathematicus,Mathematicae,6,9
mathematicus,Mathematicos,1,9
mathematicus,Mathematicam,1,9
mathematicus,Mathematica,1,9
matrimonium,matrimonium,1,3
matrimonium,Matrimonii,1,3
matrimonium,matrimonio,1,3
matrona,matronas,1,1
matta,Matta,1,1
matthaeus,Matthaeo,1,1
maturatio,maturationem,1,1
mature,mature,1,1
maturitas,maturitatem,1,1
maturo,maturavi,1,1
maturus,maturo,1,3
maturus,matura,1,3
maturus,maturiore,1,3
maus,mai,1,1
max,Max,1,1
maxentia,Maxentiae,1,2
maxentia,Maxentia,1,2
maxignus,maximarum,1,1
meacensis,Meacensem,1,3
meacensis,Meacensis,1,3
meacensis,Meacenses,1,3
meacensiums,Meacensiumq,1,1
meacensus,Meacensi,2,2
meacus,Meaco,17,38
meacus,Meacum,14,38
meacus,Meaci,7,38
meaus,Meac,2,2
medeor,mederi,1,1
medicina,medicinam,1,1
medicus,Medico,1,2
medicus,medici,1,2
mediisus,mediisq,1,1
mediocris,mediocri,1,2
mediocris,mediocris,1,2
mediocriter,mediocriter,1,1
mediterraneus,mediterranea,3,4
mediterraneus,Mediterranea,1,4
meditor,meditabatur,1,3
meditor,meditata,1,3
meditor,meditamur,1,3
medius,medio,12,21
medius,mediis,3,21
medius,mediam,2,21
medius,medius,1,21
medius,medios,1,21
medius,medias,1,21
medius,media,1,21
mego,merso,1,1
melius,optime,2,2
mem,mem,1,1
memor,memor,4,4
memoria,memoria,3,5
memoria,memoriae,2,5
memorialis,Memoriale,2,4
memorialis,memorialis,1,4
memorialis,Memorialibus,1,4
memoro,memorata,1,2
memoro,Memorant,1,2
mendaciter,mendaciter,1,1
mendax,mendax,1,1
mendico,mendicare,1,2
mendico,mendicando,1,2
mendo,mendanda,1,1
mens,mens,4,8
mens,mente,1,8
mens,Mens,1,8
mens,mentibus,1,8
mens,mentem,1,8
mensa,mensa,1,1
mensis,mense,12,30
mensis,menses,8,30
mensis,mensium,6,30
mensis,mensibus,4,30
mentio,mentio,2,2
meque,meque,1,1
mercator,mercatores,3,3
mercatura,mercaturam,1,1
merces,mercede,1,1
mercimonium,mercimonia,1,1
mereo,meritum,2,7
mereo,merebant,1,7
mereo,meritas,1,7
mereo,merebantur,1,7
mereo,meritus,1,7
mereo,merendas,1,7
mereor,Merebatur,1,1
mergo,merguntur,1,2
mergo,mersi,1,2
merito,merito,5,5
meritum,meritis,1,1
merus,mera,2,2
merx,merces,4,4
messis,messem,2,3
messis,messis,1,3
meticulosus,meticulosi,1,2
meticulosus,meticulosus,1,2
metropol,Metropolis,3,4
metropol,metropolis,1,4
metropolis,Metropolim,8,14
metropolis,metropolim,6,14
Metropolitana,Metropolitana,5,5
metropolitanus,metropolitanam,1,2
metropolitanus,Metropolitanae,1,2
metropolus,Metropoli,7,8
metropolus,metropoli,1,8
metumqus,metumque,1,1
metuo,metuentem,2,4
metuo,metuentes,1,4
metuo,Metuebat,1,4
metuque,metuque,1,1
metus,metu,7,13
metus,metum,5,13
metus,metus,1,13
meus,meis,5,20
meus,mea,4,20
meus,meo,4,20
meus,meum,3,20
meus,mei,1,20
meus,meam,1,20
meus,meae,1,20
meus,meorum,1,20
michael,Michael,3,4
michael,Michaele,1,4
michaeles,Michaelem,2,2
micius,Mitiam,1,1
mifer,miferae,1,1
migro,migravimus,1,4
migro,migrassemus,1,4
migro,migranti,1,4
migro,migrare,1,4
miles,milites,53,138
miles,militum,41,138
miles,militibus,30,138
miles,milite,4,138
miles,miles,4,138
miles,militem,2,138
miles,Milites,2,138
miles,Militibus,1,138
miles,militi,1,138
milio,milit,1,1
militaris,militaris,3,13
militaris,militaribus,2,13
militaris,militare,2,13
militaris,Militaris,2,13
militaris,militari,1,13
militaris,militares,1,13
militaris,Militaribus,1,13
militaris,militaria,1,13
militequus,militeque,1,1
militia,militia,5,8
militia,militiam,1,8
militia,Militiae,1,8
militia,militiae,1,8
milito,militabat,2,4
milito,Militantis,1,4
milito,militabant,1,4
mille,millia,39,77
mille,mille,14,77
mille,millibus,14,77
mille,millium,8,77
mille,millies,2,77
millenus,millena,2,2
millesimus,millesimi,1,2
millesimus,millesimum,1,2
milliare,milliare,1,1
milliarius,milliaria,1,2
milliarius,milliarii,1,2
millio,millionem,1,1
mimazacus,Mimazaca,3,6
mimazacus,Mimazacae,2,6
mimazacus,Mimazacam,1,6
minae,minis,1,1
minentia,minentiis,1,1
minim,minim,1,1
minister,ministris,3,8
minister,Minister,1,8
minister,Ministrorum,1,8
minister,ministros,1,8
minister,ministrum,1,8
minister,ministro,1,8
ministerium,ministeriis,1,2
ministerium,ministeria,1,2
ministrisqus,ministrisque,1,1
minito,minitantia,1,3
minito,minitabatur,1,3
minito,minitantibus,1,3
minitor,minitatur,1,1
minoanus,Minoanum,4,6
minoanus,Minoano,2,6
minoi,Minoan,1,1
minor,minatus,1,1
Minus,Mino,2,2
minutus,minutissimas,1,1
mirabilis,mirabili,1,1
mirabiliter,mirabiliter,1,1
mire,mire,2,2
mirifice,mirifice,3,3
mirificus,mirifica,1,1
miror,Mirabatur,1,1
mirus,mirum,7,14
mirus,miro,3,14
mirus,Mira,1,14
mirus,Mirum,1,14
mirus,mira,1,14
mirus,miris,1,14
mis,mis,2,2
misceo,miscebantur,1,1
miser,miser,2,4
miser,miseri,1,4
miser,miserrime,1,4
miserabilis,miserabilis,1,3
miserabilis,miserabili,1,3
miserabilis,miserabilem,1,3
misere,misere,3,3
miseria,miseriis,1,2
miseria,miseria,1,2
misericordia,misericordiarum,2,5
misericordia,misericordia,2,5
misericordia,misericordiam,1,5
miseror,miseratus,2,2
missio,Missionis,4,12
missio,Missio,4,12
missio,missiones,2,12
missio,Missione,1,12
missio,missionis,1,12
missionarius,Missionariorum,2,6
missionarius,Missionariis,1,6
missionarius,missionariis,1,6
missionarius,Missionarii,1,6
missionarius,Missionarius,1,6
missus,misso,1,1
mit,mit,1,1
mitesco,mitesceret,1,1
mitigo,mitigatus,1,1
mitius,mitius,1,1
mitto,misit,11,57
mitto,missus,8,57
mitto,mittit,6,57
mitto,Missae,6,57
mitto,missis,3,57
mitto,missum,3,57
mitto,missi,3,57
mitto,miserunt,2,57
mitto,missa,2,57
mitto,Mittitur,1,57
mitto,mitteretur,1,57
mitto,mittebantur,1,57
mitto,Missa,1,57
mitto,miserant,1,57
mitto,missae,1,57
mitto,mittentes,1,57
mitto,mittunt,1,57
mitto,misimus,1,57
mitto,mittendi,1,57
mitto,misissem,1,57
mitto,mittatur,1,57
mitto,missurus,1,57
mius,miam,1,1
mixtim,mixtim,1,1
mobilis,mobiles,1,1
moderatio,moderationi,1,2
moderatio,moderatio,1,2
modernus,moderno,1,1
modero,moderatum,1,1
moderor,moderantibus,1,2
moderor,moderari,1,2
modicus,modica,3,4
modicus,modicos,1,4
modo,modo,41,42
modo,Modo,1,42
modosq,modosq,1,1
modumque,modumque,1,1
modus,modum,17,20
modus,modis,2,20
modus,mode,1,20
moenia,moenia,19,25
moenia,moenibus,6,25
moeo,movissent,1,1
moeror,moerorem,2,2
moestus,moestissimum,1,1
mol,mole,1,1
moles,molem,1,1
moleste,moleste,2,2
molestia,molestiis,2,7
molestia,molestia,2,7
molestia,molestiae,1,7
molestia,molestiam,1,7
molestia,molestias,1,7
molestus,molestum,1,3
molestus,molesti,1,3
molestus,molestus,1,3
molio,molituros,1,1
molior,moliretur,1,2
molior,moliturus,1,2
molitio,molitiones,1,1
mollio,mollivi,1,1
molor,moliremur,2,2
mom,mom,1,1
momentaneus,momentaneae,1,1
momentum,momento,4,7
momentum,momenti,3,7
monarcha,Monarcha,1,4
monarcha,monarcha,1,4
monarcha,monarchae,1,4
monarcha,MONARCHAE,1,4
monarchia,monarchiam,2,2
moneo,monendum,1,9
moneo,monebat,1,9
moneo,monuerat,1,9
moneo,monitis,1,9
moneo,monebamur,1,9
moneo,moniti,1,9
moneo,monuit,1,9
moneo,monuerunt,1,9
moneo,monens,1,9
monitaque,monitaque,1,1
mons,montes,11,24
mons,montibus,7,24
mons,montium,5,24
mons,montem,1,24
monstro,monstratis,1,2
monstro,monstrantibus,1,2
monstrum,monstrum,1,1
montanus,Montani,1,1
monuo,monuitq,1,1
mor,moturi,1,1
mora,mora,4,7
mora,moras,2,7
mora,morae,1,7
moralesqs,Moralesq,1,1
moratus,moratus,1,1
morbus,morbo,1,3
morbus,morbi,1,3
morbus,morbus,1,3
morindo,Morindoni,8,11
morindo,Morindonum,2,11
morindo,Morindonis,1,11
Morindon,Morindon,1,1
morindonus,Morindonus,7,9
morindonus,Morindono,2,9
morior,mori,4,21
morior,mortuo,3,21
morior,moritur,3,21
morior,mortuus,2,21
morior,Mori,2,21
morior,moriendum,2,21
morior,moriuntur,1,21
morior,mortuorum,1,21
morior,mortuos,1,21
morior,Moriens,1,21
morior,moriebantur,1,21
moror,moramur,1,1
morosus,morosam,1,1
mors,mortem,37,76
mors,morte,18,76
mors,mortis,14,76
mors,morti,4,76
mors,mors,3,76
mort,mort,2,2
mortalis,mortalibus,3,7
mortalis,mortalium,2,7
mortalis,mortalem,1,7
mortalis,mortales,1,7
mortemnis,mortemne,1,1
mortifico,mortificamur,1,1
mos,more,11,24
mos,mores,6,24
mos,mos,2,24
mos,moris,2,24
mos,morem,1,24
mos,moribus,1,24
mos,More,1,24
moscovia,Moscoviae,1,1
motus,motus,10,14
motus,motibus,3,14
motus,motu,1,14
moueo,moti,1,5
moueo,moveant,1,5
moueo,motum,1,5
moueo,moveretur,1,5
moueo,motam,1,5
moveo,movit,4,15
moveo,movere,2,15
moveo,movisse,1,15
moveo,movent,1,15
moveo,moturum,1,15
moveo,moveas,1,15
moveo,moves,1,15
moveo,moverunt,1,15
moveo,moturos,1,15
moveo,movebat,1,15
moveo,moverent,1,15
mox,mox,25,26
mox,Mox,1,26
moxque,moxque,1,1
mu,mu,1,1
mucro,mucronem,1,2
mucro,mucrone,1,2
mul,mul,1,1
mulcto,mulctentur,1,5
mulcto,mulctare,1,5
mulcto,mulctat,1,5
mulcto,mulctari,1,5
mulcto,mulctarentur,1,5
mulier,mulieres,5,8
mulier,mulier,2,8
mulier,mulierum,1,8
multaque,multaque,1,1
multas,multasque,1,1
multique,multique,1,1
multitudo,multitudini,1,3
multitudo,multitudo,1,3
multitudo,multitudinem,1,3
multo,multari,1,3
multo,multatus,1,3
multo,multarentur,1,3
multoque,multoque,1,1
multosq,multosq,1,1
multosque,multosque,1,1
multum,multum,3,3
multus,multis,23,134
multus,multo,17,134
multus,plurimum,11,134
multus,multos,10,134
multus,plures,9,134
multus,multa,9,134
multus,multorum,8,134
multus,multas,7,134
multus,plurimi,6,134
multus,pluribus,6,134
multus,multi,6,134
multus,pluris,3,134
multus,Multi,3,134
multus,plura,2,134
multus,plurimis,2,134
multus,Multis,2,134
multus,plurimam,1,134
multus,multarum,1,134
multus,Plurimum,1,134
multus,Plurimas,1,134
multus,plurimas,1,134
multus,plurimos,1,134
multus,Plurimi,1,134
multus,plurium,1,134
multus,multus,1,134
multus,multae,1,134
mundanus,mundano,1,1
munditia,munditia,1,1
mundities,munditiem,1,1
mundus,mundi,3,6
mundus,mundo,2,6
mundus,mundae,1,6
munia,munia,1,1
munificentia,munificentia,1,1
munimentum,munimentis,1,1
munio,munitam,2,8
munio,munivit,1,8
munio,munierat,1,8
munio,munita,1,8
munio,muniuntur,1,8
munio,munientes,1,8
munio,muniisset,1,8
munitio,munitiones,1,1
munitus,munitissima,1,2
munitus,munitiora,1,2
munus,munera,4,11
munus,muneribus,4,11
munus,munus,2,11
munus,munere,1,11
munusculum,munusculis,1,1
murus,murum,7,8
murus,muro,1,8
mutatio,mutationes,3,8
mutatio,mutationibus,2,8
mutatio,mutationem,2,8
mutatio,mutationis,1,8
muto,mutavit,3,13
muto,mutata,2,13
muto,mutare,2,13
muto,mutato,1,13
muto,mutatae,1,13
muto,mutanda,1,13
muto,mutarunt,1,13
muto,mutandis,1,13
muto,mutarent,1,13
mutuo,mututurus,1,2
mutuo,mutuo,1,2
mutuus,mutuae,1,3
mutuus,mutuas,1,3
mutuus,mutuam,1,3
mystax,mystacibus,1,1
n,n,21,27
n,N,6,27
nabescimus,Nabescima,2,2
nacazucauus,Nacazucauam,1,1
nagansachanus,Nagansachanus,1,1
nago,nacti,1,1
nam,Nam,34,60
nam,nam,24,60
nam,namque,2,60
nan,NAN,1,1
Nanchang,Nanchang,2,2
nanciscor,nactus,1,1
nangaiocus,Nangaiocae,1,2
nangaiocus,Nangaioca,1,2
nangasa,Nangasa,1,1
nangasachana,Nangasachana,3,3
nangasachanic,Nangasachani,1,1
Nangasachenses,Nangasachensium,1,1
nangasachum,Nangasachum,22,22
Nangasachus,Nangasacho,6,7
Nangasachus,Nangasachi,1,7
nangasacus,Nangasaci,2,2
nangauoca,Nangauoca,1,1
Nanhiung,Nanhiung,1,1
Nankinus,Nanking,18,18
narratio,narratio,2,6
narratio,narrationem,1,6
narratio,narrationis,1,6
narratio,narrationum,1,6
narratio,narratione,1,6
narro,narrare,2,8
narro,narratur,1,8
narro,narraturus,1,8
narro,Narrat,1,8
narro,narra,1,8
narro,narrati,1,8
narro,narrantem,1,8
nascor,nato,1,3
nascor,natus,1,3
nascor,natam,1,3
nasus,nasum,1,1
natalis,Natalis,1,1
nativus,nativus,1,1
natura,natura,4,4
natus,natu,2,2
naufraga,naufraga,1,1
nauta,nautas,1,1
naveo,navent,1,1
naviculus,naviculis,1,1
navigabilis,navigabilem,1,2
navigabilis,navigabiles,1,2
navigatio,navigationis,2,6
navigatio,Navigatio,1,6
navigatio,Navigationi,1,6
navigatio,navigatio,1,6
navigatio,navigatione,1,6
navigium,navigio,3,4
navigium,navigiorum,1,4
navigo,navigantes,1,1
navis,naves,12,28
navis,navi,5,28
navis,navium,3,28
navis,navis,3,28
navis,navibus,2,28
navis,navem,2,28
navis,Navibus,1,28
navo,navarunt,3,5
navo,navata,1,5
navo,navaturos,1,5
ne,ne,75,77
ne,Ne,2,77
nec,nec,59,79
nec,Nec,20,79
necessario,necessario,3,3
necessarius,necessaria,9,18
necessarius,necessarii,2,18
necessarius,necessarium,2,18
necessarius,necessariae,2,18
necessarius,necessariam,1,18
necessarius,necessarius,1,18
necessarius,necessariarum,1,18
necesse,necesse,3,3
necessitas,necessitate,4,8
necessitas,necessitas,3,8
necessitas,necessitatibus,1,8
necnon,necnon,1,1
neco,necant,3,15
neco,necari,3,15
neco,necabat,2,15
neco,necantur,1,15
neco,necavit,1,15
neco,necati,1,15
neco,necatis,1,15
neco,necabantur,1,15
neco,necaturus,1,15
neco,necaretur,1,15
necto,nectit,1,1
nefandus,nefandam,1,1
nefarius,nefarius,1,1
nefas,nefas,1,1
neglego,negligebat,1,3
neglego,negligit,1,3
neglego,neglexerunt,1,3
negligentia,negligentia,2,2
nego,negare,2,5
nego,negarunt,1,5
nego,negantes,1,5
nego,negari,1,5
negocius,negocii,1,1
negotiatio,negotiationum,1,1
negotium,negotio,6,17
negotium,negotium,5,17
negotium,negotia,4,17
negotium,negotiorum,1,17
negotium,negoti,1,17
nem,nem,2,2
nemo,nemo,4,7
nemo,neminem,1,7
nemo,nemine,1,7
nemo,nemini,1,7
nempe,nempe,6,6
neophytus,neophytorum,1,1
nepos,nepos,4,10
nepos,nepotis,2,10
nepos,nepotes,2,10
nepos,Nepotem,1,10
nepos,nepote,1,10
neps,neptem,2,2
neq,neq,7,13
neq,Neq,6,13
nequaquam,nequaquam,1,1
neque,neque,8,14
neque,Neque,6,14
nequedum,Necdum,1,2
nequedum,necdum,1,2
nequeo,nequeant,1,2
nequeo,nequeo,1,2
nequicquam,nequicquam,2,2
nequitia,nequitiam,1,1
nequivo,nequiverit,1,1
nequus,nequissimus,1,1
nescio,nescio,4,5
nescio,nesciat,1,5
neuter,neutri,1,1
neutiquam,neutiquam,1,1
neutralis,neutrales,1,1
nex,necem,3,4
nex,neci,1,4
nexus,nexu,1,1
ni,ni,2,2
nicola,Nicolai,1,1
nicolaus,Nicolaus,1,1
niger,nigri,1,2
niger,nigrum,1,2
nihil,nihil,33,41
nihil,Nihil,3,41
nihil,nihilum,2,41
nihil,nil,2,41
nihil,nihili,1,41
nihilomin,nihilomin,2,2
nihilominus,nihilominus,3,4
nihilominus,Nihilominus,1,4
nii,nii,1,1
nimir,nimir,1,1
nimirum,nimirum,15,15
nimius,nimiam,3,5
nimius,nimia,2,5
nimpus,Nimpo,1,1
ningyuen,Ningyuen,2,2
ningyuensis,Ningyuensium,1,1
nis,nis,1,1
niscimangobioius,Niscimangobioio,1,1
nisi,nisi,41,41
nitas,nitate,1,2
nitas,nitatem,1,2
nitide,nitidius,1,1
nitor,nitore,1,2
nitor,nitebatur,1,2
niucx,Niuche,8,8
niulhan,Niulhan,2,2
nixo,nixo,1,1
no,no,1,1
nobilis,nobiles,8,30
nobilis,nobilissima,6,30
nobilis,nobilissimam,5,30
nobilis,nobilem,3,30
nobilis,nobilissimae,2,30
nobilis,nobiliores,1,30
nobilis,nobile,1,30
nobilis,nobilis,1,30
nobilis,nobilissimum,1,30
nobilis,nobilium,1,30
nobilis,nobilibus,1,30
nobilitas,nobilitate,1,1
nobisque,nobisque,1,1
nobunagus,Nobunagae,1,1
nobunangae,Nobunangae,1,1
noctu,noctu,4,4
noctuque,noctuque,1,1
nocturnus,nocturnis,2,3
nocturnus,nocturnas,1,3
nodus,nodos,1,1
nolo,noluit,3,6
nolo,noluerunt,2,6
nolo,nollent,1,6
nomen,nomine,18,48
nomen,nomen,18,48
nomen,nominis,7,48
nomen,nomina,2,48
nomen,nominibus,2,48
nomen,nomini,1,48
nomino,nominati,2,5
nomino,nominant,1,5
nomino,nominatos,1,5
nomino,nominatus,1,5
non,non,348,367
non,Non,19,367
nondum,nondum,16,19
nondum,Nondum,3,19
nongenti,nongentos,1,1
nonnihil,nonnihil,2,2
nonnullus,nonnullos,5,12
nonnullus,nonnulli,4,12
nonnullus,nonnullis,2,12
nonnullus,nonnulla,1,12
nonnunquam,Nonnunquam,1,2
nonnunquam,nonnunquam,1,2
nonus,nona,1,1
noo,noluissent,1,1
noro,norat,1,1
nos,nos,52,102
nos,nobis,44,102
nos,Nos,2,102
nos,nobiscum,2,102
nos,Nobis,2,102
nosco,noverat,4,8
nosco,notum,2,8
nosco,noverant,1,8
nosco,nosti,1,8
noser,nostramq,1,1
noster,nostris,52,186
noster,nostra,24,186
noster,nostri,23,186
noster,nostrae,14,186
noster,nostrorum,13,186
noster,nostros,13,186
noster,nostrum,11,186
noster,noster,8,186
noster,nostram,8,186
noster,nostro,6,186
noster,nostras,5,186
noster,nostrarum,2,186
noster,nostraq,2,186
noster,Nostri,2,186
noster,nostriq,1,186
noster,Nostros,1,186
noster,Nostrum,1,186
nostrer,nostrūum,1,1
nostrisque,nostrisque,1,1
nostror,nostror,2,2
nostroser,nostrosque,2,2
not,not,1,1
notitia,notitiam,1,2
notitia,notitia,1,2
noto,notandum,1,4
noto,notandis,1,4
noto,notatum,1,4
noto,notarent,1,4
notus,notissima,1,3
notus,notissimus,1,3
notus,notus,1,3
nouem,novem,6,6
nouember,Novembris,1,1
nov,nov,1,1
novellaequus,novellaeque,1,1
novellus,novella,1,3
novellus,novellam,1,3
novellus,novelli,1,3
novique,novique,1,1
novissimus,novissimo,1,1
novitas,novitatibus,1,1
novus,nova,15,62
novus,novum,8,62
novus,novis,7,62
novus,novo,6,62
novus,novus,5,62
novus,novas,4,62
novus,novi,4,62
novus,novam,4,62
novus,novos,3,62
novus,novae,2,62
novus,novorum,2,62
novus,Novorum,1,62
novus,novarum,1,62
nox,nocte,4,7
nox,noctem,1,7
nox,noxa,1,7
nox,noctis,1,7
noxa,noxam,3,3
noxius,noxios,1,1
nubilis,nubilem,1,1
nudus,nudo,1,2
nudus,Nudos,1,2
null,null,1,1
nullibus,nullibi,2,2
nullus,nullo,18,73
nullus,nulla,15,73
nullus,nullum,13,73
nullus,nullus,7,73
nullus,nullam,6,73
nullus,nulli,5,73
nullus,nullos,5,73
nullus,nullis,3,73
nullus,Nulla,1,73
num,num,6,6
nume,nume,1,1
numen,numine,1,2
numen,numinibus,1,2
numero,numerantur,3,10
numero,numeraverint,1,10
numero,numerat,1,10
numero,numeremus,1,10
numero,numeratur,1,10
numero,numerarentur,1,10
numero,numerabamus,1,10
numero,numeratus,1,10
numerosus,numerosae,1,1
numerus,numero,14,38
numerus,numerum,14,38
numerus,numerus,9,38
numerus,numeros,1,38
numquam,numquam,18,32
numquam,nunquam,13,32
numquam,Numquam,1,32
nunc,nunc,33,34
nunc,Nunc,1,34
nunce,nuncius,1,1
nuncio,nunciari,1,4
nuncio,nunciatum,1,4
nuncio,nunciaretur,1,4
nuncio,nunciaturum,1,4
nuncius,nuncium,1,3
nuncius,nuncii,1,3
nuncius,nunciis,1,3
nuncupo,nuncupati,1,2
nuncupo,nuncupabo,1,2
nunqu,nunqu,1,1
nuntio,nuntiabant,1,1
nuntius,nuntium,1,1
nuptiae,nuptias,1,1
nuptialis,nuptiali,1,1
nusquam,nusquam,1,1
nutus,nutu,3,4
nutus,nutum,1,4
o,mebant,1,1
oaranus,Oaranum,1,1
oarensis,Oarense,1,1
ob,ob,54,54
obambulo,obambularet,1,1
obduco,obduxerat,1,1
obedio,obedire,2,6
obedio,obediunt,1,6
obedio,obedientem,1,6
obedio,obediendum,1,6
obedio,obedienti,1,6
obeo,obiit,1,2
obeo,obibant,1,2
obequito,obequitans,1,1
obex,obicem,1,1
obfero,oblatis,1,1
obfirmo,obfirmavit,1,1
obicio,obiicere,1,2
obicio,obiectum,1,2
obiicio,obiiceret,1,1
obitus,obitum,3,5
obitus,OBITUM,1,5
obitus,obitus,1,5
oblecto,oblectantur,1,1
obligatio,obligatio,1,2
obligatio,obligatione,1,2
obligo,obligatos,1,1
obliuiscor,oblitus,2,2
obliviscor,obliviscar,1,2
obliviscor,obliti,1,2
oblongus,oblonga,1,2
oblongus,oblongis,1,2
oblungo,oblungae,1,1
obnoxius,obnoxius,1,2
obnoxius,obnoxia,1,2
oboedientia,obedientiam,4,5
oboedientia,obedientiae,1,5
obruo,obrutae,1,1
obruor,obruor,1,1
obscure,obscure,1,1
obscuro,obscurare,1,1
obscurus,obscura,2,2
obsecro,obsecrabant,1,1
obsecundo,obsecundant,1,2
obsecundo,obsecundaturos,1,2
obsequium,obsequium,4,7
obsequium,obsequio,2,7
obsequium,obsequia,1,7
obsequor,obsequentem,1,4
obsequor,obsequendum,1,4
obsequor,obsequerentur,1,4
obsequor,obsequendi,1,4
obser,obser,1,1
obsero,obseratum,1,1
obseruo,observandum,1,2
obseruo,Observandum,1,2
observatio,observatione,1,1
observeo,observent,1,1
observo,observandas,1,2
observo,observaremus,1,2
obses,obside,1,2
obses,obsides,1,2
obsideo,obsessis,3,10
obsideo,obsident,2,10
obsideo,obsessos,2,10
obsideo,obsidebat,1,10
obsideo,obsidendam,1,10
obsideo,obsidet,1,10
obsidio,obsidione,11,19
obsidio,obsidionem,4,19
obsidio,obsidionis,4,19
obsidium,obsidio,3,3
obsido,obsedit,2,6
obsido,obsiderent,1,6
obsido,obsederant,1,6
obsido,obsidendum,1,6
obsido,obsideret,1,6
obsisto,obsisteret,1,2
obsisto,obsistente,1,2
obstaculum,obstacula,1,1
obsto,obstante,2,6
obsto,obstitisset,1,6
obsto,obstitissent,1,6
obsto,obstitisse,1,6
obsto,obstitit,1,6
obstringo,obstricti,2,2
obstupesco,obstupescerent,1,1
obsum,obfuit,1,1
obtempero,obtemperare,2,2
obtendo,obtenta,1,2
obtendo,obtendente,1,2
obtesto,obtestans,1,1
obtestor,obtestatus,1,2
obtestor,obtestarentur,1,2
obtin,obtin,1,1
obtineo,obtinuit,7,32
obtineo,obtinuerunt,4,32
obtineo,obtinebat,3,32
obtineo,obtinet,3,32
obtineo,obtinuisset,2,32
obtineo,obtinere,2,32
obtineo,obtinendis,1,32
obtineo,obtinuerat,1,32
obtineo,obtinendo,1,32
obtineo,obtinendi,1,32
obtineo,obtenturum,1,32
obtineo,Obtinuere,1,32
obtineo,obtineant,1,32
obtineo,obtineri,1,32
obtineo,obtineret,1,32
obtineo,Obtentis,1,32
obtineo,obtinendam,1,32
obtingo,obtigit,1,1
obtinueo,Obtinuerant,1,1
obtrunco,obtruncat,1,2
obtrunco,obtruncant,1,2
obtundo,obtundere,1,1
obuius,obvia,2,2
obverto,obversa,1,1
obviam,obviam,4,4
Obvii,obvios,1,1
obvis,obvii,1,1
obvoluo,obvolutum,1,1
occalluo,occalluerint,1,1
occasio,occasione,11,21
occasio,occasionem,5,21
occasio,occasio,2,21
occasio,occasiones,1,21
occasio,occasionibus,1,21
occasio,occasionum,1,21
occasus,Occasum,3,3
Occasus,Occasu,2,2
occdo,occisuros,1,1
occidens,Occidente,2,2
occidentalis,Occidentalem,3,14
occidentalis,Occidentalis,3,14
occidentalis,Occidentales,3,14
occidentalis,occidentaliores,1,14
occidentalis,Occidentalioribus,1,14
occidentalis,Occidentali,1,14
occidentalis,Occidentalibus,1,14
occidentalis,Occidentalissima,1,14
occides,Occide,2,2
occido,occisis,5,31
occido,occisi,4,31
occido,occisus,3,31
occido,occiderunt,2,31
occido,occisos,2,31
occido,occidit,2,31
occido,Occidite,2,31
occido,occidunt,1,31
occido,occisurum,1,31
occido,occiderat,1,31
occido,occidan,1,31
occido,occidendum,1,31
occido,occidat,1,31
occido,occisa,1,31
occido,occidi,1,31
occido,occideret,1,31
occido,occiduntur,1,31
occido,occisorum,1,31
occio,occi,1,1
occipio,occipite,1,1
occisio,occisione,1,2
occisio,occisionis,1,2
occubo,occubituros,1,1
occubuo,occubuerit,1,1
occulo,occulta,1,2
occulo,occultus,1,2
occulte,occulte,5,5
occultus,occulto,1,1
occumbo,occumbere,2,4
occumbo,occumbit,1,4
occumbo,occumberet,1,4
occupatio,occupationes,1,1
occupo,occupavit,9,85
occupo,occupato,6,85
occupo,occuparint,5,85
occupo,occuparunt,5,85
occupo,occupata,4,85
occupo,occupasset,4,85
occupo,occupant,4,85
occupo,occuparent,4,85
occupo,occupabant,3,85
occupo,occupaverat,3,85
occupo,occupassent,3,85
occupo,occupati,2,85
occupo,occupatus,2,85
occupo,occupatam,2,85
occupo,occupandum,2,85
occupo,occupatum,2,85
occupo,occupare,2,85
occupo,occupari,2,85
occupo,occupatas,2,85
occupo,occupat,2,85
occupo,occupanda,2,85
occupo,occupaverit,1,85
occupo,occupaturos,1,85
occupo,Occupata,1,85
occupo,occupet,1,85
occupo,occupans,1,85
occupo,occupaverint,1,85
occupo,occupatis,1,85
occupo,occuparat,1,85
occupo,occupo,1,85
occupo,occupatae,1,85
occupo,occupandam,1,85
occupo,occuparet,1,85
occupo,occupantes,1,85
occupo,occupavero,1,85
occupo,occupaturum,1,85
occurro,occurrent,1,2
occurro,occurrerunt,1,2
oceanus,Oceani,1,1
ocrea,ocreas,2,2
octiduus,octiduo,1,1
octingenti,octingentis,1,1
octo,octo,12,12
octobris,Octobris,2,3
octobris,Octobri,1,3
octoginta,octoginta,7,7
oculatus,oculatus,1,1
oculus,oculis,4,7
oculus,oculos,3,7
odium,odio,5,12
odium,odium,5,12
odium,odia,1,12
odium,odii,1,12
odor,odorem,1,1
odoro,odorari,1,1
offendo,offensus,2,6
offendo,offendere,1,6
offendo,offendentes,1,6
offendo,offenderet,1,6
offendo,offensum,1,6
offensa,offensam,1,1
offensio,offensionis,2,2
offero,offerret,2,14
offero,offerebant,2,14
offero,offertur,1,14
offero,obtulerunt,1,14
offero,oblata,1,14
offero,offert,1,14
offero,offerens,1,14
offero,obtulisset,1,14
offero,obtulerant,1,14
offero,offerunt,1,14
offero,oblatum,1,14
offero,offerretur,1,14
officialis,officialibus,1,1
officium,officio,8,15
officium,officia,3,15
officium,officiis,2,15
officium,officium,1,15
officium,officii,1,15
Oianum,Oiano,1,1
olim,olim,6,6
ollor,ollor,1,1
om,om,6,6
omen,omen,1,1
omensis,Omensi,1,1
omi,Omi,1,1
omin,omin,1,1
ominor,ominabamur,1,1
omitto,omissur,1,1
omn,omn,1,1
omnemque,omnemque,1,1
omnesia,omnesiam,1,1
omniaque,omniaque,2,2
omnib,omnib,1,1
omnibusgo,omnibusque,2,2
omnino,omnino,29,30
omnino,Omnino,1,30
omninus,omninus,1,1
omnipotentia,omnipotentia,1,1
omnique,omnique,2,2
omnis,omnes,116,285
omnis,omnibus,64,285
omnis,omnia,37,285
omnis,omni,22,285
omnis,omnium,20,285
omnis,omnem,14,285
omnis,omne,5,285
omnis,omnis,4,285
omnis,Omnes,1,285
omnis,omniumq,1,285
omnis,Omni,1,285
omo,ominum,3,6
omo,omini,3,6
omur,Omur,1,1
Omura,Omuram,4,4
omurando,Omurandonus,4,6
omurando,Omurandoni,1,6
omurando,Omurandonum,1,6
omurandonob,Omurandono,1,1
omuranus,Omurana,1,1
Omuranus,Omurano,2,2
omurensis,Omurensis,1,1
omurus,Omurae,3,4
omurus,Omura,1,4
on,on,34,34
onero,oneranda,1,2
onero,onerant,1,2
onus,onus,2,3
onus,onera,1,3
onustus,onusti,2,3
onustus,onustissimi,1,3
opella,opellam,1,1
opera,operam,12,15
opera,operae,3,15
operarius,Operariorum,2,4
operarius,Operarius,1,4
operarius,operariorum,1,4
operatus,operatios,1,1
operis,Operis,1,2
operis,operis,1,2
operose,operose,1,1
opimamqus,opimamque,1,1
opimus,opima,1,1
opinio,opinio,2,4
opinio,opinione,1,4
opinio,opinionem,1,4
opitulor,opitulari,1,1
oportet,oportebat,1,1
oppeto,oppetere,1,2
oppeto,oppetendam,1,2
oppidum,oppida,3,3
opportune,opportune,2,2
opportunitas,opportunitas,1,2
opportunitas,opportunitate,1,2
opportunus,opportunissimum,1,2
opportunus,opportunorum,1,2
opportus,opportu,1,1
opprimo,opprimere,2,6
opprimo,opprimeret,2,6
opprimo,oppressos,1,6
opprimo,opprimemus,1,6
oppugno,oppugnare,1,2
oppugno,oppugnandi,1,2
ops,opibus,5,6
ops,opem,1,6
opt,Opt,1,1
optabilis,optabili,1,1
opticus,optico,1,1
opto,optabat,3,10
opto,optare,3,10
opto,optareq,1,10
opto,optat,1,10
opto,optatis,1,10
opto,optassent,1,10
opulentus,opulentissimae,1,1
opus,opera,11,25
opus,opus,9,25
opus,opere,3,25
opus,operibus,2,25
ora,oras,1,1
oraculum,oraculo,1,1
oratio,oratione,2,5
oratio,orationi,1,5
oratio,orationibus,1,5
oratio,orationem,1,5
oratorius,Oratoria,1,1
orbis,Orbis,2,4
orbis,orbis,2,4
orciq,Orciq,1,1
orcus,orcum,2,2
ordino,ordinatis,1,1
ordo,ordine,3,9
ordo,ordines,2,9
ordo,ordinem,2,9
ordo,Ordinum,1,9
ordo,Ordine,1,9
org,Org,1,1
organtin,Organtin,1,1
organtinum,Organtino,1,1
organtinus,Organtinus,2,4
organtinus,Organtinum,2,4
oria,oriae,1,1
orientalis,Orientalem,4,16
orientalis,Orientale,3,16
orientalis,Orientales,2,16
orientalis,orientalem,1,16
orientalis,orientali,1,16
orientalis,orientalis,1,16
orientalis,Orientali,1,16
orientalis,Orientaliores,1,16
orientalis,Orientalium,1,16
orientalis,Orientaliora,1,16
orio,oriundi,2,2
orior,orta,4,7
orior,oriundus,3,7
oriza,Orizae,1,3
oriza,orizae,1,3
oriza,oriza,1,3
ornamentum,ornamenti,1,2
ornamentum,ornamento,1,2
orno,ornati,1,2
orno,ornantes,1,2
oro,orassent,1,1
ortus,Ortum,4,8
ortus,ortum,3,8
ortus,Ortu,1,8
os,ore,4,5
os,ora,1,5
ostendo,ostendebat,3,14
ostendo,ostendit,3,14
ostendo,ostenderet,2,14
ostendo,ostenderunt,2,14
ostendo,ostenderit,1,14
ostendo,ostenderent,1,14
ostendo,ostendere,1,14
ostendo,ostendebant,1,14
ostentatio,ostentatione,2,2
ostento,ostentabat,1,3
ostento,ostentaret,1,3
ostento,ostentare,1,3
oster,ostri,1,1
ostiatim,ostiatim,1,1
ostium,ostia,2,3
ostium,ostium,1,3
otiosus,otiosi,1,1
otium,otium,3,3
ovile,ovile,2,2
ovis,oves,3,6
ovis,ovibus,1,6
ovis,ovi,1,6
ovis,ovium,1,6
Ozaca,Ozaca,5,5
ozacana,Ozacana,2,2
ozacanus,Ozacanas,1,1
ozacas,Ozacam,7,7
Ozace,Ozace,1,1
ozaces,Ozacan,1,1
ozacus,Ozacae,1,1
p,P,72,72
p’ang,P’ang,1,1
pac,pac,1,1
paceo,pacemque,1,1
pacido,pacisi,1,1
pacificator,Pacificatore,1,1
pacifice,pacifice,2,2
pacifico,pacificandis,1,2
pacifico,pacificata,1,2
pacificor,Pacificans,2,2
pacisco,paciscerentur,1,1
paciscor,pacisci,1,2
paciscor,pacta,1,2
paco,pacatum,2,6
paco,pacandam,1,6
paco,pacata,1,6
paco,pacatae,1,6
paco,pacatus,1,6
pactum,pacto,5,5
paena,paenam,1,2
paena,paena,1,2
paene,paene,1,1
paeniteo,paenitenda,1,1
paganus,Paganis,1,1
page,page,1,1
pagus,pagos,1,2
pagus,pago,1,2
pal,pal,1,1
palabundum,palabundum,1,1
palam,palam,4,4
palamque,palamque,1,1
palatia,palatia,2,2
palatium,palatium,8,17
palatium,palatio,4,17
palatium,palatii,3,17
palatium,Palatii,1,17
palatium,Palatium,1,17
palatum,palati,1,1
pallio,palliarunt,1,1
pallium,pallii,1,1
palmus,palmos,1,1
pando,pandat,1,1
panis,pane,1,2
panis,panis,1,2
pannus,panno,1,2
pannus,pannorum,1,2
papyrus,papyro,1,1
par,parem,3,9
par,pares,3,9
par,pari,2,9
par,par,1,9
paratosus,paratosq,1,1
parco,pepercit,2,7
parco,parcat,1,7
parco,parcant,1,7
parco,parcens,1,7
parco,parceret,1,7
parco,parcitum,1,7
parens,parentum,1,3
parens,parentis,1,3
parens,parentem,1,3
parentela,parentelae,1,1
parento,parentaret,1,1
pareo,parebat,2,7
pareo,pareant,1,7
pareo,parvit,1,7
pareo,parui,1,7
pareo,paruit,1,7
pareo,parituros,1,7
paries,parietem,1,2
paries,parietes,1,2
pario,parere,2,4
pario,partam,2,4
pariter,pariter,2,2
paro,paratos,5,23
paro,paratus,4,23
paro,paratum,2,23
paro,parato,2,23
paro,paratis,2,23
paro,parati,2,23
paro,parantur,1,23
paro,parabantur,1,23
paro,parabat,1,23
paro,parata,1,23
paro,Parati,1,23
paro,paratissimus,1,23
pars,parte,28,89
pars,partem,19,89
pars,partes,15,89
pars,partibus,12,89
pars,pars,8,89
pars,partis,3,89
pars,partium,2,89
pars,Pars,1,89
pars,parti,1,89
partiarius,partiarios,1,1
particularis,particularia,1,1
partim,partim,14,14
partitio,partitione,1,1
partus,partu,1,2
partus,parto,1,2
parue,minus,19,25
parue,minime,6,25
parum,parum,20,20
paruus,minimum,7,23
paruus,minima,3,23
paruus,minore,2,23
paruus,minoris,2,23
paruus,minori,2,23
paruus,minorum,2,23
paruus,minor,2,23
paruus,Minores,1,23
paruus,Minori,1,23
paruus,minora,1,23
parvulus,parvulis,1,1
parvus,parva,5,10
parvus,parvos,1,10
parvus,parvis,1,10
parvus,parvam,1,10
parvus,minimo,1,10
parvus,parvo,1,10
pascuum,pascua,1,1
passim,passim,5,5
passus,passu,1,2
passus,passuum,1,2
patefacio,patefacta,4,5
patefacio,patefactis,1,5
pateficio,patefecisset,1,1
pateo,patet,4,12
pateo,paterent,2,12
pateo,patebat,2,12
pateo,pateret,2,12
pateo,patentibus,1,12
pateo,paterentur,1,12
pater,Patres,38,108
pater,Patribus,18,108
pater,Patrem,14,108
pater,Pater,7,108
pater,Patrum,5,108
pater,Patri,4,108
pater,Patre,4,108
pater,patri,3,108
pater,pater,3,108
pater,Patris,3,108
pater,PATER,3,108
pater,patris,2,108
pater,patre,2,108
pater,patrem,1,108
pater,patrum,1,108
paternitas,Paternitati,1,3
paternitas,Paternitas,1,3
paternitas,Paternitatem,1,3
paternus,paterna,3,4
paternus,paternae,1,4
patienter,patienter,1,1
patienterq,patienterq,1,1
patientia,patientia,1,1
patior,passus,4,16
patior,pateretur,3,16
patior,passi,3,16
patior,pati,1,16
patior,passa,1,16
patior,patiebatur,1,16
patior,Passi,1,16
patior,patienti,1,16
patior,patiar,1,16
patius,Patio,1,1
patrer,Patrumq,1,1
patria,patriae,6,16
patria,patria,5,16
patria,patriam,3,16
patria,Patriae,2,16
patrisque,patrisque,1,1
patrius,patrium,2,4
patrius,patrio,2,4
patro,patrasse,1,1
patrocinium,patrocinio,2,3
patrocinium,patrocinium,1,3
patrocino,patrocinari,2,2
patrocinor,patrocinabatur,1,1
patronus,patronum,1,1
patrumquus,Patrumque,1,1
patruus,Patruum,3,6
patruus,Patrui,2,6
patruus,patruus,1,6
Pauang,Pauang,3,3
paucitas,paucitate,1,1
pauculus,pauculis,1,2
pauculus,paucula,1,2
paucus,paucis,13,33
paucus,pauci,9,33
paucus,paucos,5,33
paucus,paucas,3,33
paucus,pauca,1,33
paucus,Paucis,1,33
paucus,paucorum,1,33
paulatim,paulatim,11,12
paulatim,Paulatim,1,12
paulo,paulo,11,15
paulo,Paulo,4,15
paulus,Paulus,3,3
Paulus,Paulum,1,1
pauper,pauperes,2,2
paveo,paventes,1,1
pavor,pavore,2,4
pavor,pavor,1,4
pavor,pavoris,1,4
pavoreque,pavoreque,1,1
pax,pacis,7,21
pax,pacem,6,21
pax,pace,5,21
pax,Pacis,1,21
pax,PAX,1,21
pax,pax,1,21
pe,pe,1,1
peccatum,peccatis,6,12
peccatum,peccatorum,4,12
peccatum,peccata,2,12
pectus,pectus,2,5
pectus,pectori,1,5
pectus,pectoris,1,5
pectus,pectore,1,5
peculiaris,peculiari,1,3
peculiaris,peculiaris,1,3
peculiaris,peculiarem,1,3
pecunia,pecunia,4,5
pecunia,pecuniae,1,5
pedes,peditum,1,1
pedesq,pedesq,1,1
pedester,pedester,1,1
peior,peiorem,1,1
Pekinus,Peking,31,31
pellego,pellectis,1,1
pelliceo,pelliceret,1,1
pellis,pellis,4,8
pellis,pellem,2,8
pellis,pelles,1,8
pellis,pellibus,1,8
pello,pulsam,1,3
pello,pelleremur,1,3
pello,pulsum,1,3
pendeo,pendet,2,3
pendeo,pendent,1,3
pene,pene,3,3
peneo,penetr,1,1
penes,penes,1,1
penetro,penetravit,2,7
penetro,penetrant,2,7
penetro,penetrasset,1,7
penetro,penetraret,1,7
penetro,penetrat,1,7
peninsula,peninsula,1,1
penitus,penitus,1,1
penthesileus,Penthesileam,1,1
pequinianus,Pequiniano,1,1
Pequinianus,Pequinianam,1,1
pequinus,Pequini,4,4
per,per,127,130
per,Per,3,130
peracerbo,peracerbo,1,1
peracerbus,peracerbum,1,1
perago,peracta,2,7
perago,peragendo,2,7
perago,peractis,2,7
perago,Peracta,1,7
perambulo,perambulandam,1,2
perambulo,perambulare,1,2
peramplum,peramplis,1,1
perangustus,perangustum,1,1
perbelle,perbelle,3,3
percenseo,percensebo,1,1
percommodus,percommodum,1,1
percrebeo,percrebuit,1,1
perculo,perculit,1,1
perdido,perdidicit,1,1
perdisco,perdiscenda,1,1
perditus,perditissimos,1,1
perdo,perdidit,3,12
perdo,perdituri,2,12
perdo,perdendi,2,12
perdo,perditi,1,12
perdo,perditorum,1,12
perdo,perditis,1,12
perdo,perditam,1,12
perdo,perditos,1,12
perduco,perducturam,1,4
perduco,perductutum,1,4
perduco,perducere,1,4
perduco,perduceret,1,4
perduellio,perduellionis,2,4
perduellio,perduellione,1,4
perduellio,perduellionem,1,4
perduellis,perduelles,4,10
perduellis,perduellis,3,10
perduellis,perduellibus,2,10
perduellis,Perduelles,1,10
perduello,perduelli,1,1
perduro,perduravit,1,2
perduro,perdurarunt,1,2
peregrina,peregrinae,1,1
peregrinus,peregrini,1,2
peregrinus,peregrinis,1,2
perenno,perennes,1,1
pereo,periere,3,9
pereo,periit,2,9
pereo,pereundum,1,9
pereo,Perierunt,1,9
pereo,pereat,1,9
pereo,perierunt,1,9
pererro,pererrant,1,1
perfecte,perfecte,1,1
perfectus,perfectum,1,2
perfectus,perfecto,1,2
perfero,perlatum,2,5
perfero,perferre,2,5
perfero,perculerit,1,5
perfes,perfidis,1,1
perfide,perfide,1,1
perfidia,perfidiam,5,8
perfidia,perfidia,3,8
perfidus,perfidi,1,2
perfidus,perfidorum,1,2
perfruituo,perfruituram,1,1
perfruor,perfrui,1,1
perfugium,perfugium,1,1
perfundo,perfusa,1,1
perhumaniter,perhumaniter,1,1
perhumanus,perhumanum,1,1
periclitor,periclitari,1,1
pericolorumque,pericolorumque,1,1
pericul,pericul,2,2
periculum,periculo,10,30
periculum,periculum,9,30
periculum,periculi,4,30
periculum,periculis,3,30
periculum,pericula,3,30
periculum,periculorum,1,30
perieo,periisse,2,2
perimo,perimere,1,1
perinde,perinde,7,7
peritium,peritia,2,2
peritosque,peritosque,1,1
peritus,periti,2,4
peritus,peritis,1,4
peritus,peritus,1,4
periucundus,periucundum,1,1
perium,perium,1,1
permisceo,permixto,1,1
permitto,permisit,3,12
permitto,permittere,2,12
permitto,permissum,2,12
permitto,permiserunt,1,12
permitto,permissa,1,12
permitto,permittant,1,12
permitto,permisisset,1,12
permitto,permissas,1,12
permoveo,permovendam,1,1
permultus,permultis,1,2
permultus,permulti,1,2
permuto,permutarunt,1,1
pernica,pernicis,1,1
pernicies,perniciem,2,2
perniciosus,perniciosas,1,1
pernix,pernicibus,1,1
perpendo,perpendit,1,3
perpendo,perpendentes,1,3
perpendo,perpendamus,1,3
perperam,perperam,2,2
perpessio,perpessione,1,1
perpetio,perpetiendam,1,1
perpetior,perpessos,1,1
perpetuus,perpetuum,1,2
perpetuus,perpetua,1,2
perplexus,perplexo,1,1
perpligo,perplexi,1,1
perptior,perpessi,2,2
perrumpo,perrumpunt,1,2
perrumpo,perrupit,1,2
perscribo,perscribit,1,1
persecutio,persecutionem,4,14
persecutio,Persecutionis,3,14
persecutio,persecutione,3,14
persecutio,persecutionis,2,14
persecutio,persecutionum,1,14
persecutio,persecutio,1,14
persecutor,persecutor,1,1
persentio,persensisse,1,1
perseqquor,persequutus,1,1
persequor,persequebatur,1,2
persequor,persequebantur,1,2
persevero,perseverat,1,1
persisto,persistere,2,6
persisto,perstitit,1,6
persisto,persisteret,1,6
persisto,persistit,1,6
persisto,persistendi,1,6
persolvo,persolverentur,1,2
persolvo,persolvi,1,2
persona,persona,2,5
persona,personam,1,5
persona,personas,1,5
persona,personae,1,5
perspicio,perspecta,2,4
perspicio,perspectam,1,4
perspicio,perspexisse,1,4
perspicue,perspicue,1,1
perstituo,perstituram,1,1
persto,perstantes,1,1
perstringo,perstringenda,1,2
perstringo,perstrinxit,1,2
persuadeo,persuadere,4,11
persuadeo,persuaserunt,2,11
persuadeo,persuadent,1,11
persuadeo,persuasum,1,11
persuadeo,persuasi,1,11
persuadeo,persuaderent,1,11
persuadeo,persuadeo,1,11
persuasio,persuasione,1,1
pertimesco,pertimescenda,1,1
pertinaciter,pertinaciter,1,1
pertinacus,pertinacissima,1,1
pertineo,pertinet,1,3
pertineo,pertinent,1,3
pertineo,pertinentibus,1,3
pertracto,pertractaret,1,1
pertricio,pertraxissent,1,1
perturbatio,perturbatione,3,5
perturbatio,perturbatio,1,5
perturbatio,perturbationum,1,5
perturbo,perturbabant,1,2
perturbo,perturbarent,1,2
pervenio,pervenit,11,30
pervenio,pervenerat,3,30
pervenio,pervenisse,2,30
pervenio,pervenissent,2,30
pervenio,pervenere,2,30
pervenio,pervenerant,2,30
pervenio,Pervenerant,1,30
pervenio,perventuras,1,30
pervenio,perveniret,1,30
pervenio,pervenerunt,1,30
pervenio,pervenire,1,30
pervenio,pervenerit,1,30
pervenio,Pervenerat,1,30
pervenio,pervenisset,1,30
perverto,perversae,1,1
pes,pedem,3,5
pes,pedes,1,5
pes,pedibus,1,5
pessime,pessime,1,1
pessis,pessis,1,1
pessumdo,pessumdaret,1,1
pessus,pessum,2,2
pestis,pestem,1,1
petitio,petitionis,1,1
peto,petere,5,34
peto,petit,4,34
peto,petebat,3,34
peto,petebant,3,34
peto,petunt,3,34
peto,peteret,2,34
peto,petens,2,34
peto,petendum,1,34
peto,petierat,1,34
peto,peti,1,34
peto,petentes,1,34
peto,petant,1,34
peto,petiit,1,34
peto,petivere,1,34
peto,petii,1,34
peto,petierant,1,34
peto,petierunt,1,34
peto,petivit,1,34
peto,petiverat,1,34
petrus,Petrus,1,1
philippina,Philippinis,1,1
Philippinus,Philippinas,3,3
philosophia,Philosophia,1,1
philosophus,Philosophorum,1,3
philosophus,Philosophis,1,3
philosophus,Philosopho,1,3
physicus,Physicos,1,1
pie,pie,1,1
pieque,pieque,1,1
pietas,pietatem,3,5
pietas,pietas,1,5
pietas,pietati,1,5
pietatisq,pietatisq,1,1
pila,pilas,2,2
pileolus,pileolum,2,2
pileum,pileo,1,1
Pingnas,Pingnan,1,1
pingo,pictam,1,1
pingpu,Pingpu,1,1
Pingsius,Pingsi,2,2
piscatio,piscatione,1,1
piscator,piscator,1,2
piscator,piscatoribus,1,2
piscis,piscium,2,2
piti,piti,1,1
pius,pius,2,7
pius,pia,2,7
pius,piae,2,7
pius,pii,1,7
placeo,Placuit,2,5
placeo,placuit,1,5
placeo,placuerit,1,5
placeo,placere,1,5
placo,placare,1,2
placo,placatus,1,2
plaga,plagam,1,1
plane,plane,8,9
plane,Plane,1,9
planities,planitie,2,3
planities,planities,1,3
planus,plano,1,1
platea,plateis,1,3
platea,plateas,1,3
platea,plateam,1,3
plebes,plebei,1,1
plebs,plebis,1,3
plebs,plebem,1,3
plebs,plebe,1,3
plector,plectebatur,1,1
plene,plenissime,1,1
plenoque,plenoque,1,1
plenus,plena,2,13
plenus,plenis,2,13
plenus,pleni,2,13
plenus,plenum,1,13
plenus,plenam,1,13
plenus,plenissimas,1,13
plenus,plenos,1,13
plenus,plenissima,1,13
plenus,pleno,1,13
plenus,plenissimi,1,13
pler,pleriq,1,1
plerusque,plerumque,3,6
plerusque,plerosque,2,6
plerusque,plerisque,1,6
plgo,plecti,2,2
pligo,plexi,1,1
plius,plius,1,1
plurime,plurimorum,1,1
plus,plus,11,11
plusq,plusq,1,1
plusquam,plusquam,6,6
pluvia,pluviae,1,1
po,Po,1,2
po,po,1,2
poena,poena,5,9
poena,poenas,3,9
poena,pena,1,9
poeniteor,poenitendum,1,1
poenitesco,poenituit,2,2
Politices,Politices,1,1
politicus,politicis,1,1
polliceor,polliceri,2,2
pollo,polleret,1,3
pollo,pollebat,1,3
pollo,pollens,1,3
polonia,Poloniae,1,1
polonicus,Polonicis,1,1
polonus,Polonus,2,2
pomarium,pomarium,1,1
Pomerius,Pomerio,1,1
pompa,pompa,3,3
pono,posuit,3,11
pono,posuerant,1,11
pono,ponere,1,11
pono,posita,1,11
pono,positos,1,11
pono,ponatur,1,11
pono,positum,1,11
pono,positurum,1,11
pono,posuisse,1,11
pons,pontes,2,2
pontifex,Pontifici,1,1
populoque,populoque,1,1
populor,populor,1,1
populosus,populosissimas,1,3
populosus,populosissima,1,3
populosus,populosissimam,1,3
populus,populi,6,23
populus,populus,5,23
populus,populo,4,23
populus,populis,3,23
populus,populos,2,23
populus,populum,2,23
populus,populorum,1,23
porcinus,porcina,1,1
porgo,porrexit,1,2
porgo,porrexerunt,1,2
porrectus,porrecta,1,1
porrigo,porrigendas,1,2
porrigo,porrigenda,1,2
porro,porro,7,10
porro,Porro,3,10
port,port,1,1
porta,portas,6,16
porta,porta,6,16
porta,portam,4,16
porto,portabant,2,4
porto,portat,1,4
porto,portanda,1,4
portus,portu,2,4
portus,portum,2,4
pos,poris,1,1
posco,poscit,2,2
possessio,possessionem,2,4
possessio,Possessionem,1,4
possessio,possessione,1,4
possessor,possessor,1,1
possideo,possidere,1,3
possideo,possideant,1,3
possideo,possiderent,1,3
possum,potuit,20,151
possum,posset,17,151
possum,posse,16,151
possum,potest,15,151
possum,possent,13,151
possum,poterat,10,151
possum,possit,8,151
possum,potuisset,7,151
possum,possunt,5,151
possum,poterant,5,151
possum,potuissent,4,151
possum,potuerit,4,151
possum,potuisse,3,151
possum,possint,3,151
possum,potuerunt,3,151
possum,possumus,3,151
possum,potuimus,2,151
possum,potuere,2,151
possum,potentior,2,151
possum,possum,1,151
possum,possis,1,151
possum,potentiore,1,151
possum,potuerant,1,151
possum,potentes,1,151
possum,posseq,1,151
possum,Possent,1,151
possum,poterunt,1,151
possum,potuerint,1,151
post,post,54,73
post,Post,18,73
post,POST,1,73
postea,postea,18,19
postea,Postea,1,19
posterus,posterum,5,8
posterus,Posteris,1,8
posterus,posteros,1,8
posterus,postera,1,8
posthabeo,posthabito,2,3
posthabeo,posthabere,1,3
postliminium,postliminio,1,1
postpono,postposuit,1,1
postqu,postqu,1,1
postquam,postquam,14,17
postquam,Postquam,3,17
postremo,postremi,1,2
postremo,postrema,1,2
postremus,postremis,1,1
postulo,postulatis,3,9
postulo,postulare,2,9
postulo,postulans,1,9
postulo,postulet,1,9
postulo,postulab,1,9
postulo,postulata,1,9
posum,posit,1,1
posuno,posueramus,1,1
pote,potius,19,20
pote,pote,1,20
potens,potentissimo,3,6
potens,potentissimum,2,6
potens,potentissimi,1,6
potentia,potentiam,6,10
potentia,potentia,2,10
potentia,potentiae,2,10
potentiaque,potentiaque,1,1
poteo,poteramus,1,1
potestas,potestatem,18,38
potestas,potestate,11,38
potestas,potestas,6,38
potestas,potestati,2,38
potestas,potesta,1,38
potior,potiri,3,6
potior,potiorem,1,6
potior,potitus,1,6
potior,potiti,1,6
potis,potissima,1,1
potissimum,potissimum,1,1
potius,potissime,1,1
potuior,potuissemus,1,1
prae,prae,7,8
prae,pre,1,8
praebeo,praebuit,3,10
praebeo,praeberet,2,10
praebeo,praebuerit,1,10
praebeo,praebere,1,10
praebeo,praebet,1,10
praebeo,praebent,1,10
praebeo,praebuisset,1,10
praecaveo,praecaveantur,1,1
praecedo,praecedebant,2,5
praecedo,praecedat,1,5
praecedo,praecedit,1,5
praecedo,praecessissent,1,5
praeceps,praecipitis,2,4
praeceps,praecipitem,1,4
praeceps,praecipites,1,4
praecesser,praecesser,1,1
praecipio,praecipere,1,2
praecipio,praecepit,1,2
praecipitio,praecipitio,1,1
praecipue,praecipue,10,10
praecipuus,praecipui,4,18
praecipuus,praecipuo,4,18
praecipuus,praecipua,3,18
praecipuus,praecipuas,2,18
praecipuus,praecipuis,2,18
praecipuus,praecipuos,1,18
praecipuus,praecipuarum,1,18
praecipuus,Praecipui,1,18
praeclar,praeclar,1,1
praeclare,praeclare,2,2
praeclarus,praeclaram,1,2
praeclarus,praeclara,1,2
praeconium,praeconio,1,1
praeda,praedam,4,7
praeda,praedas,2,7
praeda,praedae,1,7
praedestinatio,praedestinationis,1,1
praedicatio,praedicatione,1,2
praedicatio,praedicationis,1,2
praedicatum,Praedicatorum,3,3
praedico,praedicaremus,1,5
praedico,praedictae,1,5
praedico,praedictus,1,5
praedico,praedicandi,1,5
praedico,praedicta,1,5
praeditus,praeditus,2,6
praeditus,praeditum,2,6
praeditus,praediti,1,6
praeditus,praedita,1,6
praedo,praedantes,1,2
praedo,praedantibus,1,2
praeeo,praeibo,1,1
praefectura,Praefecturam,5,14
praefectura,Praefecturas,5,14
praefectura,Praefectura,2,14
praefectura,Praefecturae,1,14
praefectura,praefectura,1,14
praefectus,Praefectos,21,57
praefectus,Praefectis,15,57
praefectus,Praefectus,10,57
praefectus,Praefectorum,9,57
praefectus,Praefectum,1,57
praefectus,praefectus,1,57
praefero,praetulisset,1,2
praefero,praefer,1,2
praeficio,Praefecti,23,33
praeficio,Praefecto,7,33
praeficio,praefecti,1,33
praeficio,praeficere,1,33
praeficio,praefecto,1,33
praegnans,praegnantibus,1,1
praegnanto,praegnantes,1,1
praelectio,praelectionibus,1,1
praelium,praelio,2,4
praelium,praelium,1,4
praelium,praeliis,1,4
praeludium,praeludia,3,4
praeludium,praeludium,1,4
praemitto,praemissis,2,5
praemitto,Praemisit,1,5
praemitto,praemisit,1,5
praemitto,praemittunt,1,5
praemium,praemium,4,8
praemium,praemia,3,8
praemium,praemiis,1,8
praenominatus,praenominato,1,1
praenuncio,praenuntiare,1,1
praeparatio,praeparatione,1,1
praeparo,praeparavit,1,3
praeparo,praeparaverant,1,3
praeparo,praepararent,1,3
praepono,praepositos,1,2
praepono,Praepositum,1,2
praeripio,praeriperet,1,2
praeripio,praerepti,1,2
praesagium,praesagium,1,1
praescido,praescidit,1,1
praescribo,praescriptam,1,2
praescribo,praescripta,1,2
praesens,praesenti,4,6
praesens,praesentissimis,1,6
praesens,praesentium,1,6
praesentia,praesentiam,1,2
praesentia,praesentiarum,1,2
praesento,praesentari,1,1
praesertim,praesertim,5,5
praesideo,praesideret,1,1
praesidiarius,praesidiarii,3,7
praesidiarius,praesidiariorum,2,7
praesidiarius,praesidiariis,2,7
praesidium,praesidio,11,26
praesidium,praesidium,6,26
praesidium,praesidiis,6,26
praesidium,praesidia,3,26
praestantia,praestantiam,1,1
praestantus,praestantissimos,1,1
praesto,praesto,4,15
praesto,praestit,2,15
praesto,praestitit,2,15
praesto,praestantibus,1,15
praesto,praestant,1,15
praesto,praestandam,1,15
praesto,praestare,1,15
praesto,praestiturum,1,15
praesto,praestabunt,1,15
praesto,praestandum,1,15
praestolo,praestolamur,1,2
praestolo,praestolantur,1,2
praesum,praesente,2,5
praesum,praesentibus,1,5
praesum,praeest,1,5
praesum,praesunt,1,5
praesus,praesi,1,1
praetendo,praetendens,2,4
praetendo,praetendebat,2,4
praeter,praeter,6,6
praeterea,praeterea,6,9
praeterea,Praeterea,3,9
praetereo,praeteribo,1,3
praetereo,praeteritis,1,3
praetereo,praeterita,1,3
praeterfluo,praeterfluit,1,1
praetermitto,praetermisso,1,3
praetermitto,praetermissum,1,3
praetermitto,praetermittam,1,3
praetextus,praetextu,3,3
praev,praev,1,1
pransus,pransus,1,1
pravus,pravorum,1,2
pravus,prava,1,2
prax,praxes,1,1
precatio,precationibus,2,3
precatio,precationum,1,3
prehendo,prehensi,1,1
prelectio,prelectionibus,1,1
premo,premebatur,1,2
premo,pressus,1,2
presto,prestitimus,1,1
pretiosus,pretiosissimas,1,3
pretiosus,pretiosae,1,3
pretiosus,pretiosarum,1,3
pretium,pretio,2,3
pretium,pretium,1,3
prex,precibus,7,10
prex,preces,3,10
pridem,pridem,3,3
prim,prim,2,2
primarius,primariis,7,23
primarius,primarios,7,23
primarius,primarii,3,23
primarius,primarius,2,23
primarius,Primarium,1,23
primarius,Primariorum,1,23
primarius,primarium,1,23
primarius,primaria,1,23
primo,primo,20,21
primo,Primo,1,21
primogenitus,Primogeniti,1,2
primogenitus,Primogenito,1,2
primus,primum,18,45
primus,primus,6,45
primus,Primum,6,45
primus,primis,4,45
primus,primam,3,45
primus,Primus,2,45
primus,prima,2,45
primus,primas,1,45
primus,Primi,1,45
primus,Prima,1,45
primus,primos,1,45
princeps,Principis,5,24
princeps,Principem,5,24
princeps,principes,4,24
princeps,Princeps,3,24
princeps,Principum,2,24
princeps,princeps,2,24
princeps,Principes,1,24
princeps,principibus,1,24
princeps,Principe,1,24
principium,principium,1,2
principium,principia,1,2
prior,priorem,2,7
prior,prior,1,7
prior,prioris,1,7
prior,priori,1,7
prior,priore,1,7
prior,priores,1,7
priscus,priscas,1,2
priscus,priscis,1,2
pristin,pristin,1,1
pristinaus,pristinamque,1,1
pristinus,pristina,2,4
pristinus,pristinum,1,4
pristinus,pristino,1,4
priuo,privata,1,2
priuo,privato,1,2
prius,prius,10,10
priusquam,priusquam,1,1
privo,privant,1,1
pro,pro,72,82
pro,Pro,10,82
probe,probe,5,5
probior,probiores,1,1
probo,probabat,2,7
probo,probarunt,1,7
probo,probaverint,1,7
probo,probatur,1,7
probo,probarant,1,7
probo,probaretur,1,7
probrosus,probrosum,1,1
probrum,probro,1,2
probrum,probrum,1,2
proced,proced,1,1
procedo,processit,6,14
procedo,procedere,2,14
procedo,procedamus,1,14
procedo,procedunt,1,14
procedo,procederet,1,14
procedo,processurum,1,14
procedo,processi,1,14
procedo,processum,1,14
procella,procella,1,2
procella,procellis,1,2
proclamo,proclamabat,1,4
proclamo,proclamant,1,4
proclamo,proclamatum,1,4
proclamo,proclamavit,1,4
proclive,proclive,1,1
procul,procul,1,1
proculco,proculcatur,1,1
procurator,Procurator,2,2
procuro,procurabant,3,5
procuro,procurabat,1,5
procuro,procuraturus,1,5
prodeo,prodiit,1,4
prodeo,prodiere,1,4
prodeo,prodirent,1,4
prodeo,prodire,1,4
prodigium,prodigiis,1,2
prodigium,prodigia,1,2
proditio,proditionis,3,7
proditio,proditiones,1,7
proditio,proditio,1,7
proditio,proditione,1,7
proditio,proditionem,1,7
proditor,proditoris,1,4
proditor,proditor,1,4
proditor,proditoribus,1,4
proditor,proditores,1,4
prodituo,prodituram,1,1
prodo,prodiderint,1,3
prodo,prodente,1,3
prodo,proditus,1,3
prodromus,prodromos,1,1
prodsum,prodessent,1,1
profectio,profectionem,2,2
profecto,profecto,3,3
profero,proferrem,1,3
profero,proferret,1,3
profero,protulit,1,3
proficiscor,proficisci,2,2
profiteor,profitebantur,1,4
profiteor,professi,1,4
profiteor,professus,1,4
profiteor,profiterentur,1,4
profligo,profligata,1,2
profligo,profligarent,1,2
proftro,proftrato,1,1
profugus,profugus,1,1
profund,profund,1,1
profunditas,profunditatis,1,1
profundo,profudi,1,1
profundus,profundissimae,1,1
progenies,progenie,1,1
progredior,progressus,3,13
progredior,progredi,3,13
progredior,progressa,3,13
progredior,progressi,2,13
progredior,progreditur,1,13
progredior,progressae,1,13
progredo,progressurum,1,1
progressus,progressum,1,3
progressus,progressibus,1,3
progressus,progressu,1,3
prohibeo,prohibiturus,2,9
prohibeo,prohibita,1,9
prohibeo,prohiberemur,1,9
prohibeo,prohibebat,1,9
prohibeo,prohibet,1,9
prohibeo,prohibere,1,9
prohibeo,prohibiti,1,9
prohibeo,prohiberent,1,9
proicio,proiecta,1,2
proicio,proiecit,1,2
proiicio,proiiciuntur,1,1
proinde,proinde,2,2
prolixe,prolixius,1,1
prolixus,prolixior,1,1
prom,prom,1,1
promissio,promissione,1,1
promissum,promissis,5,5
promitto,promittit,5,24
promitto,promittunt,2,24
promitto,promissa,2,24
promitto,promittebat,2,24
promitto,promitteret,2,24
promitto,promisso,1,24
promitto,promissas,1,24
promitto,Promissorum,1,24
promitto,promittebant,1,24
promitto,promittens,1,24
promitto,promittebantur,1,24
promitto,promisi,1,24
promitto,Promittebat,1,24
promitto,promiserunt,1,24
promitto,promittendo,1,24
promitto,promisimus,1,24
promo,promptiores,1,2
promo,prompti,1,2
promotio,promotionem,1,1
promotura,promoturam,1,1
promoveo,promoverent,1,8
promoveo,promovendo,1,8
promoveo,promoverunt,1,8
promoveo,promovere,1,8
promoveo,promovendum,1,8
promoveo,Promovit,1,8
promoveo,promovenda,1,8
promoveo,promoturum,1,8
prompte,promptissime,2,3
prompte,promptius,1,3
promptus,promptus,4,9
promptus,promptissimi,2,9
promptus,promptissimus,1,9
promptus,promptu,1,9
promptus,promptam,1,9
promulgo,promulgatis,1,3
promulgo,promulgavit,1,3
promulgo,promulgato,1,3
prona,pronas,3,4
prona,pronam,1,4
pronuncio,pronunciata,1,2
pronuncio,Pronunciata,1,2
pronus,prono,2,3
pronus,pronum,1,3
propagatio,Propagatio,1,1
propagator,Propagatores,1,2
propagator,propagatores,1,2
propago,propagata,1,4
propago,propagent,1,4
propago,propagandam,1,4
propago,propagare,1,4
prope,prope,5,9
prope,proxime,3,9
prope,Prope,1,9
propemodum,propemodum,1,1
propensus,propensum,1,1
properus,propero,1,1
propino,propinato,1,2
propino,propinare,1,2
propinquitas,propinquitate,1,1
propitius,propitius,1,2
propitius,propitio,1,2
propiusque,propiusque,1,1
propono,proposito,4,7
propono,propositum,2,7
propono,proposuerunt,1,7
proposum,proposit,1,1
proprie,proprie,1,1
proprius,propriis,5,18
proprius,proprio,5,18
proprius,proprium,4,18
proprius,propriae,1,18
proprius,proprii,1,18
proprius,propriam,1,18
proprius,propria,1,18
propter,propter,6,8
propter,Propter,2,8
propugnaculoque,propugnaculoque,1,1
propugnaculum,propugnaculum,20,43
propugnaculum,propugnaculi,9,43
propugnaculum,propugnaculo,9,43
propugnaculum,propugnaculis,3,43
propugnaculum,propugnacula,1,43
propugnaculum,propugnaculorum,1,43
propugno,propugnabat,1,1
prorex,Proregis,1,1
Prorex,Proregi,1,1
prorogo,prorogandum,1,1
prorsus,prorsus,13,13
prorumpo,prorumperet,1,1
prosequor,prosequitur,3,16
prosequor,prosequerentur,2,16
prosequor,prosequebatur,2,16
prosequor,prosequuntur,2,16
prosequor,prosecutus,2,16
prosequor,prosequi,1,16
prosequor,prosequendo,1,16
prosequor,prosecuti,1,16
prosequor,prosequatur,1,16
prosequor,prosecutes,1,16
prospecto,prospectans,1,1
prosper,prosperum,2,4
prosper,PROSPER,1,4
prosper,prosper,1,4
prosperrimus,prosperrimos,1,1
prosperus,prosperis,2,7
prosperus,prospera,1,7
prosperus,prosperi,1,7
prosperus,prosperiorum,1,7
prosperus,prosperior,1,7
prosperus,prosperos,1,7
prospicio,prospectum,1,1
prosto,prostabat,1,1
prosum,prodesset,1,2
prosum,profuit,1,2
protector,protectores,1,2
protector,protectorem,1,2
protego,protegere,1,1
protraho,protractam,1,2
protraho,protracto,1,2
prouidentia,providentia,9,9
prouincia,Prouinciae,4,4
prout,prout,2,2
proveho,provectis,1,2
proveho,provexit,1,2
provenio,provenerint,1,1
provicio,provecta,1,1
providentia,Providentiae,1,3
providentia,Providentiam,1,3
providentia,providentiae,1,3
provideo,provideret,2,6
provideo,provide,1,6
provideo,provisum,1,6
provideo,provideant,1,6
provideo,provideri,1,6
provin,Provin,1,1
provincia,Provincia,36,144
provincia,Provinciam,29,144
provincia,Provincias,28,144
provincia,Provinciae,28,144
provincia,Provinciarum,13,144
provincia,Provinciis,7,144
provincia,Prouincia,1,144
provincia,Prouincias,1,144
provincia,provinciam,1,144
provincialis,Provinciale,1,1
provis,providum,1,1
provisio,provisione,1,2
provisio,provisionem,1,2
provisorius,provisorias,1,1
provoco,provocabat,1,2
provoco,provocarent,1,2
provoluo,provolutus,1,1
proximus,proximum,4,12
proximus,proximi,4,12
proximus,proximus,1,12
proximus,proximorum,1,12
proximus,proximo,1,12
proximus,Proxima,1,12
prudens,prudentibus,1,5
prudens,prudentissimos,1,5
prudens,Prudentiores,1,5
prudens,prudentiores,1,5
prudens,prudens,1,5
prudentia,prudentia,5,9
prudentia,prudentie,2,9
prudentia,prudentiae,1,9
prudentia,prudentiam,1,9
prunum,pruno,1,1
pssum,potenti,1,1
ptior,ptiores,1,1
ptista,ptistae,1,1
publice,publice,3,3
publico,publicavit,1,3
publico,publicato,1,3
publico,publicatam,1,3
publicus,publicum,4,12
publicus,publico,3,12
publicus,publica,2,12
publicus,publicae,1,12
publicus,publicis,1,12
publicus,publicam,1,12
Pucheus,Pucheu,1,1
pudefacio,pudefactis,1,1
pudeficio,pudefecerunt,1,1
pudo,Pudet,1,1
puella,puellarum,1,4
puella,puellam,1,4
puella,puellas,1,4
puella,puellis,1,4
puer,puerum,4,14
puer,puer,3,14
puer,pueri,3,14
puer,puero,2,14
puer,pueros,1,14
puer,pueris,1,14
puerilis,puerilem,1,2
puerilis,puerili,1,2
puerulus,pueruli,1,1
pugna,pugnae,4,10
pugna,pugnam,3,10
pugna,pugna,3,10
pugnacul,pugnacul,1,1
pugno,pugnatum,4,29
pugno,pugnantibus,4,29
pugno,pugnavit,3,29
pugno,pugnando,3,29
pugno,pugnare,2,29
pugno,pugnandum,2,29
pugno,pugnaret,2,29
pugno,pugnabant,1,29
pugno,pugnarat,1,29
pugno,pugnant,1,29
pugno,Pugnatur,1,29
pugno,Pugnantium,1,29
pugno,pugnarunt,1,29
pugno,pugnarent,1,29
pugno,Pugnatum,1,29
pugno,pugnabat,1,29
pugnus,pugnis,1,1
pulcher,pulcherrima,2,9
pulcher,pulcherrimam,2,9
pulcher,pulcherrime,1,9
pulcher,pulchra,1,9
pulcher,pulcherrimum,1,9
pulcher,pulchrum,1,9
pulcher,pulcherrimae,1,9
pulchre,pulchre,2,2
pulchrior,pulchrioribus,1,1
pulchritudo,pulchritudinem,1,1
pulchus,pulcherrimas,2,2
pullulo,pullularunt,1,1
pulvis,pulvere,1,2
pulvis,pulveris,1,2
punctum,puncto,2,2
punio,punit,1,2
punio,puniretur,1,2
purgatio,purgationi,1,1
purgatorius,Purgatorii,1,1
purgo,purgato,1,1
purpureus,purpurei,1,1
pus,pus,2,2
puto,putabatur,1,7
puto,putabant,1,7
puto,putarent,1,7
puto,putaretur,1,7
puto,putabantur,1,7
puto,putaret,1,7
puto,putavi,1,7
putridus,putridi,1,1
pyratar,pyratar,1,1
pyratus,pyrata,2,2
q,q,3,3
qu,qu,11,15
qu,Qu,4,15
quadantenus,quadantenus,1,1
quadragies,quadragies,1,1
quadraginta,quadraginta,6,7
quadraginta,Quadraginta,1,7
quadratus,quadrato,2,2
quadringenta,quadringenta,2,2
quadringenti,quadringentorum,1,1
quadro,quadratis,2,2
quaero,quaeri,1,2
quaero,quaereret,1,2
quaestio,quaestione,1,1
quaestus,quaestum,1,1
qualemcunques,qualemcunque,1,1
qualis,qualia,2,5
qualis,qualis,2,5
qualis,quale,1,5
qualitas,qualitatem,1,1
quam,quam,161,163
quam,Quam,2,163
quàm,quàm,3,3
quambioiendo,Quambioiendonum,2,2
quambioiendonus,Quambioiendoni,8,16
quambioiendonus,Quambioiendono,5,16
quambioiendonus,Quambioiendonus,3,16
quambioindonus,Quambioindono,1,1
quamdiu,quamdiu,1,1
quammaxime,quammaxime,1,1
quamobres,Quamobrem,3,3
quamplurim,quamplurim,1,1
quamplurimi,quamplurimi,8,9
quamplurimi,Quamplurimi,1,9
quamplurimis,quamplurimis,9,9
quamplurimus,quamplurimos,9,25
quamplurimus,quamplurima,8,25
quamplurimus,quamplurimas,6,25
quamplurimus,Quamplurimas,1,25
quamplurimus,quamplurimae,1,25
quamprimus,quamprimum,6,6
quamquam,quanquam,4,7
quamquam,quamquam,2,7
quamquam,Quanquam,1,7
quamuis,quamvis,24,26
quamuis,Quamvis,1,26
quamuis,QUAMVIS,1,26
quando,quando,24,25
quando,Quando,1,25
quandoquidem,quandoquidem,7,8
quandoquidem,Quandoquidem,1,8
quangcheu,Quangcheu,3,3
quangnii,Quangning,1,1
quangsus,Quangsi,7,7
quangtuns,Quangtung,16,16
quantanus,Quantanis,1,3
quantanus,Quantani,1,3
quantanus,Quantanorum,1,3
quanto,quanto,3,3
quantum,quantum,9,9
quantumuus,quantumuis,1,1
quantumvus,quantumvis,1,1
quantunus,Quantung,1,1
quantus,quanta,8,13
quantus,quantam,3,13
quantus,quantas,1,13
quantus,quantis,1,13
quare,Quare,15,21
quare,quare,6,21
quartus,quarto,2,5
quartus,quartum,1,5
quartus,quarta,1,5
quartus,quartae,1,5
quasi,quasi,25,25
quater,quater,1,1
quaternus,quaternis,1,1
quattuor,quatuor,21,22
quattuor,Quatuor,1,22
quattuordecim,quatuordecim,1,1
que,c,38,45
que,que,5,45
que,C,2,45
quebo,quebant,1,1
queichei,Queicheu,1,1
Queilin,Queilin,1,1
quemadmod,quemadmod,2,2
quemadmodum,quemadmodum,6,6
quend,quend,2,2
quenqus,quenqu,1,1
queo,queant,1,1
querela,querelis,2,3
querela,querelas,1,3
querulus,querulus,1,1
queviras,Quevira,1,1
qui,qui,246,798
qui,quo,107,798
qui,quae,98,798
qui,quibus,61,798
qui,qua,47,798
qui,quos,42,798
qui,cuius,36,798
qui,cui,36,798
qui,quem,27,798
qui,quas,24,798
qui,quorum,24,798
qui,Qua,13,798
qui,Quae,9,798
qui,Quo,9,798
qui,Qui,8,798
qui,quarum,5,798
qui,Quorum,3,798
qui,Cuius,2,798
qui,Quibus,1,798
quia,quia,50,52
quia,Quia,2,52
quibusque,pluribusque,1,1
quic,quic,1,1
quicumque,quoscumque,2,5
quicumque,quacumque,1,5
quicumque,quascumque,1,5
quicumque,quicumque,1,5
quicunque,quibuscunque,3,3
quidam,quidam,13,73
quidam,quaedam,10,73
quidam,quodam,9,73
quidam,cuidam,8,73
quidam,quibusdam,5,73
quidam,cuiusdam,5,73
quidam,quadam,4,73
quidam,quosdam,4,73
quidam,quorundam,3,73
quidam,quandam,2,73
quidam,quendam,2,73
quidam,Quarundam,1,73
quidam,quoddam,1,73
quidam,quorumdam,1,73
quidam,quamdam,1,73
quidam,quemdam,1,73
quidam,quedam,1,73
quidam,Quodam,1,73
quidam,quasdam,1,73
quidem,quidem,44,44
quidpiam,quidpiam,1,1
quidquam,quidquam,2,2
quies,quiete,2,6
quies,quietem,2,6
quies,quies,1,6
quies,quietis,1,6
quiesco,quievit,2,6
quiesco,quietos,2,6
quiesco,quiescerent,1,6
quiesco,quiescendi,1,6
quietus,quietum,1,3
quietus,quieti,1,3
quietus,quietus,1,3
quievo,Quievere,1,1
quilibet,quaelibet,2,7
quilibet,qualibet,2,7
quilibet,quilibet,2,7
quilibet,Quaelibet,1,7
quin,quin,9,11
quin,Quin,2,11
quina,quina,1,1
quinam,quinam,1,1
quindecim,quindecim,3,3
quinetiam,Quinetiam,2,2
quingenti,quingentos,2,7
quingenti,quingenta,2,7
quingenti,quingentis,2,7
quingenti,quingenti,1,7
quingodonus,Quingodono,1,2
quingodonus,Quingodonus,1,2
quinimo,quinimo,8,8
quinquagesimus,quinquagesimum,1,1
quinquaginta,quinquaginta,7,7
quinque,quinque,8,8
quintus,quintum,1,3
quintus,quinta,1,3
quintus,quintam,1,3
Quintus,Quintus,3,3
quinus,quinis,1,1
quippe,quippe,2,3
quippe,Quippe,1,3
quiq,quiq,1,1
quique,eiusque,10,12
quique,quarumque,1,12
quique,quique,1,12
quis,quid,16,30
quis,quis,8,30
quis,Quid,6,30
quisco,quieta,1,1
quisnam,Chinam,2,2
quisqu,cuiqu,1,2
quisqu,quisqu,1,2
quisquam,quicquam,3,5
quisquam,cuiquam,1,5
quisquam,quoquam,1,5
quisque,quisque,3,10
quisque,quaeque,3,10
quisque,quibusque,3,10
quisque,cuique,1,10
quisquis,quidquid,3,5
quisquis,quoquo,1,5
quisquis,quicquid,1,5
quiu,cuiusq,1,1
quivis,quidvis,1,2
quivis,quivis,1,2
quoad,quoad,2,2
quocirca,Quocirca,6,6
quod,quod,184,197
quod,Quod,13,197
quodammodo,quodammodo,1,1
quodmodo,quodmodo,1,1
quodq,quodq,1,1
quodque,quodque,1,1
quoi,quodd,1,1
quon,quon,1,1
quonam,Quonam,1,1
quoni,quoni,1,1
quoniam,quoniam,15,15
quoq,quoq,17,17
quoque,quoque,54,54
quor,quor,2,2
quorsum,quorsum,1,1
quosque,quosque,3,3
quot,quot,3,4
quot,Quot,1,4
quotannis,quotannis,2,2
quotquot,quotquot,8,8
quum,quum,1,1
r,R,20,20
r.t,R.T,2,2
rabies,rabiem,1,1
radeo,raderent,2,2
radicitus,radicitus,2,2
radix,radicem,1,2
radix,radices,1,2
rado,radunt,1,1
rapesco,rapuerunt,1,1
rapina,rapinis,2,2
rapio,raperent,1,2
rapio,rapiebat,1,2
rapto,raptantur,1,1
raro,raro,3,3
rarus,rarum,5,11
rarus,raros,2,11
rarus,rara,1,11
rarus,rarissimi,1,11
rarus,rari,1,11
rarus,raras,1,11
rascor,rati,3,3
rassis,rasse,1,1
rasus,rasum,1,1
rater,rater,1,1
ratio,ratione,7,19
ratio,rationibus,4,19
ratio,ratio,3,19
ratio,rationem,2,19
ratio,rationi,1,19
ratio,rationeq,1,19
ratio,rationes,1,19
ration,ration,1,1
rationemque,rationemque,2,2
rationeque,rationeque,1,1
rator,ratoris,1,1
reaedifico,reaedificandis,1,1
rebellio,rebellionem,2,4
rebellio,rebellioni,1,4
rebellio,rebellione,1,4
rebellis,rebelles,5,5
rebello,rebellantibus,1,2
rebello,rebellassent,1,2
rebusqs,rebusq,2,2
rebusque,rebusque,1,1
rec,rec,1,1
recedo,recederet,1,4
recedo,recessit,1,4
recedo,recesserit,1,4
recedo,recedere,1,4
recens,recens,2,3
recens,recenti,1,3
recenseo,recenseo,1,3
recenseo,Recensebo,1,3
recenseo,recensentur,1,3
recensus,recensui,1,1
recepio,recepere,2,2
receptaculum,receptaculum,1,1
recido,recidit,1,1
recipio,recepit,4,18
recipio,recipere,4,18
recipio,receperunt,2,18
recipio,recepisset,2,18
recipio,reciperet,2,18
recipio,receperat,1,18
recipio,recipiantur,1,18
recipio,recepturos,1,18
recipio,receptum,1,18
recito,recitantes,1,2
recito,recitare,1,2
reclusio,reclusionis,1,1
recordaor,recordaturi,1,1
recordor,recordari,1,1
recreo,recreent,1,5
recreo,recreandis,1,5
recreo,recreati,1,5
recreo,recreare,1,5
recreo,recreavit,1,5
rectaque,rectaque,1,1
recte,rectius,4,4
rector,Rectores,1,1
rectus,recta,4,5
rectus,rectae,1,5
recula,reculis,1,1
recupero,recuperassent,2,7
recupero,recuperarent,2,7
recupero,recuperarint,1,7
recupero,recuperarunt,1,7
recupero,recuperaret,1,7
redacio,redactus,1,1
redditus,reddituum,1,1
reddo,reddidit,3,19
reddo,redditus,3,19
reddo,redderet,2,19
reddo,redderent,2,19
reddo,reddiderunt,2,19
reddo,reddam,1,19
reddo,reddunt,1,19
reddo,redditurum,1,19
reddo,reddit,1,19
reddo,reddi,1,19
reddo,redditae,1,19
reddo,redditi,1,19
redego,redegissent,1,2
redego,redegere,1,2
redeo,redire,5,20
redeo,redierunt,2,20
redeo,rediret,2,20
redeo,redeundi,2,20
redeo,rediit,2,20
redeo,redibant,1,20
redeo,redeuntes,1,20
redeo,rediens,1,20
redeo,rediero,1,20
redeo,rediisset,1,20
redeo,redeant,1,20
redeo,rediturum,1,20
redieo,rediisse,1,1
redigo,redacti,2,11
redigo,redegerunt,2,11
redigo,redegisset,2,11
redigo,redigit,1,11
redigo,redegit,1,11
redigo,redigebat,1,11
redigo,redigere,1,11
redigo,redacto,1,11
redintegro,redintegranda,1,1
rediro,rediremus,1,1
reditus,reditum,8,14
reditus,reditus,4,14
reditus,reditu,2,14
reduco,reducere,1,1
redundo,redundet,1,3
redundo,redundavit,1,3
redundo,redundaret,1,3
refero,retulit,2,13
refero,referebantur,2,13
refero,referam,1,13
refero,referre,1,13
refero,referebant,1,13
refero,referens,1,13
refero,relatus,1,13
refero,refertum,1,13
refero,relatum,1,13
refero,referendae,1,13
refero,Referebant,1,13
reflego,reflexi,1,1
reformido,reformidarent,1,3
reformido,reformidavit,1,3
reformido,reformidasset,1,3
regalis,regalis,1,3
regalis,Regalem,1,3
regalis,Regales,1,3
regimen,regimen,6,9
regimen,regiminis,2,9
regimen,regimine,1,9
regina,Reginae,1,4
regina,Regina,1,4
regina,Reginarum,1,4
regina,regina,1,4
regio,regionem,5,17
regio,Regione,3,17
regio,regione,2,17
regio,regionis,2,17
regio,regionibus,2,17
regio,Regionem,1,17
regio,regiones,1,17
regio,regionum,1,17
regius,Regiam,22,59
regius,Regia,18,59
regius,Regium,5,59
regius,Regiae,5,59
regius,regia,4,59
regius,Regius,2,59
regius,Regiorum,1,59
regius,Regias,1,59
regius,regium,1,59
regn,regn,2,2
regno,regnandi,3,10
regno,regnare,2,10
regno,regnet,1,10
regno,regnavit,1,10
regno,regnaverat,1,10
regno,regnat,1,10
regno,regnaret,1,10
regnor,regnor,1,1
regnum,regni,31,144
regnum,regno,25,144
regnum,regnum,23,144
regnum,regnorum,16,144
regnum,regnis,11,144
regnum,Regno,9,144
regnum,Regni,9,144
regnum,Regnum,9,144
regnum,regna,4,144
regnum,Regnis,3,144
regnum,Regna,2,144
regnum,Regnorum,1,144
regnum,REGNO,1,144
rego,regebat,2,14
rego,regendas,2,14
rego,regerentur,2,14
rego,rexerunt,1,14
rego,rexit,1,14
rego,regendum,1,14
rego,regeret,1,14
rego,regerent,1,14
rego,regebatur,1,14
rego,regit,1,14
rego,regentium,1,14
regredior,regressi,3,8
regredior,regrediuntur,2,8
regredior,regredi,2,8
regredior,regressus,1,8
regressor,regressorum,1,1
regula,Regulis,4,5
regula,regulis,1,5
regulus,Regulus,14,27
regulus,Regulum,9,27
regulus,Regulos,3,27
regulus,Regulorum,1,27
Regulus,Reguli,6,9
Regulus,Regulo,3,9
reicio,reiecti,1,3
reicio,reiectos,1,3
reicio,reiecit,1,3
reiicio,reiiciuntur,1,1
reipsum,reipsa,5,5
reis,Reip,1,1
relago,relapsurum,1,1
relatio,relatio,2,4
relatio,relatione,1,4
relatio,Relationem,1,4
religio,Religionis,5,22
religio,religionem,4,22
religio,Religione,3,22
religio,religione,3,22
religio,Religionem,2,22
religio,Religioni,2,22
religio,religio,2,22
religio,religionis,1,22
religiosus,Religiosos,1,2
religiosus,religiosorum,1,2
relinquo,relictis,15,48
relinquo,relicta,5,48
relinquo,relinquere,5,48
relinquo,relicto,4,48
relinquo,reliquit,3,48
relinquo,relictae,1,48
relinquo,relictum,1,48
relinquo,Relictis,1,48
relinquo,reliquerint,1,48
relinquo,reliquerat,1,48
relinquo,relinquitur,1,48
relinquo,reliquerit,1,48
relinquo,relinquunt,1,48
relinquo,relinquant,1,48
relinquo,reliquere,1,48
relinquo,relinqueret,1,48
relinquo,relinquo,1,48
relinquo,relictos,1,48
relinquo,relinquat,1,48
relinquo,relinquendum,1,48
relinquo,relinqueretur,1,48
reliquia,reliquiarum,1,1
reliquiae,reliquiae,1,1
reliquium,reliquia,1,1
reliquos,reliquosque,1,1
reliquus,reliquis,14,63
reliquus,reliqui,13,63
reliquus,reliqua,9,63
reliquus,reliquas,9,63
reliquus,reliquorum,3,63
reliquus,Reliqua,3,63
reliquus,reliquos,3,63
reliquus,reliquo,2,63
reliquus,reliquae,2,63
reliquus,reliquum,2,63
reliquus,reliquarum,2,63
reliquus,relique,1,63
relnquo,reliquer,1,2
relnquo,reliquiis,1,2
relo,relin,1,1
relucto,reluctante,1,1
remaneo,remanerent,1,6
remaneo,remanendi,1,6
remaneo,remanente,1,6
remaneo,remanserant,1,6
remaneo,remansuros,1,6
remaneo,remanserint,1,6
remedium,remedium,3,4
remedium,remedia,1,4
remina,reminam,1,1
remissio,remissionem,2,2
remitto,remittere,2,5
remitto,remittat,1,5
remitto,remittendis,1,5
remitto,remisit,1,5
remotus,remotior,1,1
remoueo,remota,2,5
remoueo,remotum,2,5
remoueo,remotos,1,5
removeo,removerunt,1,1
remuneratio,remunerationis,1,2
remuneratio,remuneratione,1,2
remunero,remuneratus,1,1
renovo,renovavit,1,2
renovo,renovaretur,1,2
renuncio,renunciarent,1,1
renuo,renuat,1,1
reor,ratus,2,2
reparo,reparato,3,7
reparo,reparare,2,7
reparo,reparatis,1,7
reparo,reparandae,1,7
repedo,repedaret,1,1
repello,repellendam,2,8
repello,repellentibus,2,8
repello,repellit,1,8
repello,repulerunt,1,8
repello,repellitur,1,8
repello,repellere,1,8
rependo,rependendum,1,3
rependo,rependat,1,3
rependo,rependere,1,3
repente,repente,9,9
repentinus,repentinam,2,5
repentinus,repentino,1,5
repentinus,repentinos,1,5
repentinus,repentina,1,5
reperio,reperisset,2,9
reperio,reperientur,1,9
reperio,repertus,1,9
reperio,reperiunt,1,9
reperio,reperit,1,9
reperio,reperiebantur,1,9
reperio,reperissent,1,9
reperio,reperta,1,9
repero,repererunt,2,4
repero,reperi,1,4
repero,reperunt,1,4
repetio,repetionibus,1,1
repeto,repetivere,4,12
repeto,repetendum,2,12
repeto,repetit,1,12
repeto,repetendi,1,12
repeto,repeteret,1,12
repeto,repetita,1,12
repeto,repetendo,1,12
repeto,repetendis,1,12
repleo,repleant,1,2
repleo,repleta,1,2
repono,reposita,1,3
repono,reponendus,1,3
repono,reposuisset,1,3
reporto,reportavit,1,3
reporto,reportat,1,3
reporto,reportare,1,3
reposco,reposcerem,1,1
repperio,repperit,1,1
repraesento,repraesentarint,1,1
reprehendo,reprehendet,1,1
reprimo,repressi,2,6
reprimo,reprimi,1,6
reprimo,repressa,1,6
reprimo,reprimerent,1,6
reprimo,repressit,1,6
republica,republica,1,1
repudio,repudiato,1,2
repudio,repudiarent,1,2
repugno,repugnabat,2,5
repugno,repugnatum,1,5
repugno,repugnante,1,5
repugno,repugnabant,1,5
reputo,reputabo,1,2
reputo,reputant,1,2
rer,rer,2,2
res,res,31,146
res,re,29,146
res,rem,26,146
res,rebus,25,146
res,rei,16,146
res,rerum,15,146
res,Res,2,146
res,Rebus,1,146
res,REBUS,1,146
rescindo,rescidit,2,3
rescindo,rescindere,1,3
rescio,rescivit,2,2
rescissio,rescissionibus,1,1
reservo,reservarunt,1,1
residentia,residentia,3,10
residentia,Residentias,2,10
residentia,Residentiarum,1,10
residentia,Residentiam,1,10
residentia,residentiam,1,10
residentia,residentias,1,10
residentia,residentiis,1,10
resideo,residebat,2,4
resideo,residenti,1,4
resideo,residere,1,4
residuus,residuos,1,1
resisto,resistat,2,8
resisto,resistere,2,8
resisto,resistentibus,2,8
resisto,resistens,1,8
resisto,resistentes,1,8
respectus,respectu,1,1
respiro,respirarunt,1,4
respiro,respirabit,1,4
respiro,Respirabant,1,4
respiro,respirare,1,4
respon,respon,1,1
respondeo,respondit,8,12
respondeo,responderunt,2,12
respondeo,responderent,1,12
respondeo,respondebat,1,12
responsio,responsione,1,2
responsio,responsionem,1,2
responsum,responso,6,12
responsum,responsum,5,12
responsum,responsa,1,12
respublica,Rempublicam,1,1
resqs,resq,1,1
restaurator,Restauratoris,1,1
restis,resti,1,1
restituo,restitutos,2,7
restituo,restituere,1,7
restituo,restitui,1,7
restituo,restituendarum,1,7
restituo,restitutus,1,7
restituo,restitueret,1,7
restitutio,restitutione,2,2
resto,restat,3,6
resto,restitissent,1,6
resto,restabant,1,6
resto,restitit,1,6
resumo,resumptis,1,3
resumo,resumerent,1,3
resumo,resumere,1,3
retardo,retardaret,1,2
retardo,retardabatur,1,2
rete,rete,1,1
reticula,reticula,1,1
retineo,retinuerint,1,5
retineo,retineri,1,5
retineo,retineat,1,5
retineo,retinend,1,5
retineo,retentis,1,5
retraho,retraxit,1,2
retraho,retractus,1,2
retro,retro,1,1
retrocedo,retrocedere,1,1
retrusus,retrusum,1,1
retum,reti,1,1
retundo,retusa,1,1
reuorto,reversum,1,2
reuorto,revertant,1,2
reus,reum,1,1
revera,revera,2,2
Reverenda,REVERENDE,2,2
reverendissimor,Reverendissimi,1,1
Reverendissimus,Reverendissimus,4,4
reverendor,Reverendissimo,2,2
reverenter,reverenter,1,1
reveror,Reverendum,1,1
reverto,revertit,3,5
reverto,revertisset,1,5
reverto,revertissent,1,5
revertor,reversus,3,9
revertor,revertamur,1,9
revertor,Revertuntur,1,9
revertor,reversurum,1,9
revertor,reverterunt,1,9
revertor,reverti,1,9
revertor,reverterit,1,9
revoco,revocatus,4,12
revoco,revocant,2,12
revoco,revocent,1,12
revoco,revocarent,1,12
revoco,revocatis,1,12
revoco,revocabantur,1,12
revoco,revocari,1,12
revoco,revocarunt,1,12
rex,Rex,23,78
rex,Regem,17,78
rex,Regis,12,78
rex,rex,7,78
rex,Regi,5,78
rex,regis,4,78
rex,Rege,3,78
rex,rege,2,78
rex,Regum,2,78
rex,regem,1,78
rex,regi,1,78
rex,Reges,1,78
rfero,retulisse,1,1
ria,riam,1,1
riccius,Riccio,1,1
rideo,Ridet,1,1
rigor,rigore,2,2
ripa,ripam,1,1
risus,risum,1,1
rito,rito,1,1
ritus,ritus,6,8
ritus,ritu,2,8
ro,runt,1,1
robertus,Robertus,1,1
roboro,roborati,1,1
robur,robore,3,4
robur,roboris,1,4
robustus,robustiores,1,2
robustus,robustis,1,2
rodriges,Rodrigez,6,6
rogerius,Rogerio,1,1
rogo,rogatus,3,15
rogo,rogat,3,15
rogo,rogatis,1,15
rogo,rogante,1,15
rogo,roget,1,15
rogo,rogans,1,15
rogo,rogarunt,1,15
rogo,rogantes,1,15
rogo,rogatu,1,15
rogo,rogabant,1,15
rogo,rogare,1,15
rogus,rogum,1,1
Roma,Romam,1,1
romanus,Romanum,1,2
romanus,Romana,1,2
ros,ros,1,1
rosa,rosae,1,1
rosarius,Rosarium,2,4
rosarius,rosariis,1,4
rosarius,rosarii,1,4
rota,rotam,1,2
rota,rota,1,2
rotundus,rotundum,1,1
ruber,rubra,1,1
rubra,rubrae,1,1
rubrus,rubrum,1,1
rudimentum,rudimenta,1,1
ruina,ruinam,5,6
ruina,ruina,1,6
rumor,rumoribus,1,4
rumor,Rumor,1,4
rumor,rumore,1,4
rumor,Rumore,1,4
rumpo,rupto,1,2
rumpo,ruptis,1,2
ruo,ruituros,1,3
ruo,ruentem,1,3
ruo,ruete,1,3
rursus,rursus,4,7
rursus,rursum,3,7
rus,rum,2,2
rusticus,rusticis,4,7
rusticus,rustici,1,7
rusticus,rusticorum,1,7
rusticus,rustica,1,7
s,S,4,6
s,s,2,6
sacaianus,Sacaianus,1,1
Sacaianus,Sacaiano,1,1
saccus,saccum,2,2
sacer,sacris,10,28
sacer,sacro,5,28
sacer,sacrum,4,28
sacer,sacra,2,28
sacer,Sacram,1,28
sacer,Sacra,1,28
sacer,sacri,1,28
sacer,sacram,1,28
sacer,sacrarum,1,28
sacer,sacraq,1,28
sacer,sacrae,1,28
sacerdos,sacerdoti,2,11
sacerdos,sacerdotis,2,11
sacerdos,Sacerdotum,1,11
sacerdos,Sacerdotibus,1,11
sacerdos,Sacerdotes,1,11
sacerdos,Sacerdos,1,11
sacerdos,sacerdotibus,1,11
sacerdos,sacerdotes,1,11
sacerdos,sacerdotum,1,11
sacr,sacr,1,1
sacramentum,sacramento,2,8
sacramentum,Sacramento,2,8
sacramentum,Sacramenta,1,8
sacramentum,Sacramenti,1,8
sacramentum,Sacramentum,1,8
sacramentum,sacramenti,1,8
sacrificium,sacrificium,2,4
sacrificium,sacrificiis,2,4
sacrifico,sacrifici,1,1
sacrificulum,sacrificulorum,1,4
sacrificulum,sacrificulum,1,4
sacrificulum,sacrificulis,1,4
sacrificulum,sacrificuli,1,4
sacrificulus,sacrificulus,2,2
sacrosanctus,sacrosancta,1,3
sacrosanctus,sacrosanctum,1,3
sacrosanctus,sacrosanctis,1,3
Sacuiman,Sacuiman,1,1
saeculum,seculo,1,1
saepe,saepe,18,31
saepe,saepius,6,31
saepe,Saepe,3,31
saepe,saepissime,2,31
saepe,Saepius,1,31
saepe,sepe,1,31
saepenumero,Saepenumero,2,3
saepenumero,saepenumero,1,3
saevio,saeviente,1,7
saevio,saeviit,1,7
saevio,saevierunt,1,7
saevio,saeviebat,1,7
saevio,saeviri,1,7
saevio,saeviendo,1,7
saevio,saevire,1,7
saevitia,saevitia,1,3
saevitia,saevitiae,1,3
saevitia,saevitiam,1,3
sagacus,sagaci,1,1
sagitas,sagitas,1,1
sagitta,sagitta,4,7
sagitta,sagittis,2,7
sagitta,sagittae,1,7
saltem,saltem,3,3
saluator,Salvatoris,2,2
saluberrimus,saluberrimus,1,1
salubris,salubri,1,2
salubris,salubria,1,2
salus,salutem,6,18
salus,salute,5,18
salus,salutis,5,18
salus,saluti,2,18
salutaris,salutaribus,1,1
salutiferus,salutiferum,1,1
saluto,salutari,3,4
saluto,salutandum,1,4
salvator,salvatori,1,1
salvo,salvare,1,2
salvo,salvandi,1,2
salvus,salvus,2,8
salvus,salvam,2,8
salvus,salvi,2,8
salvus,salvis,1,8
salvus,salvos,1,8
samahania,Samahania,1,1
sancio,sanxerunt,1,1
sanctus,sanctae,3,22
sanctus,sanctissimae,3,22
sanctus,sanctum,3,22
sanctus,sancte,2,22
sanctus,sancta,2,22
sanctus,sanctam,2,22
sanctus,sanctissimam,1,22
sanctus,sancti,1,22
sanctus,sancto,1,22
sanctus,sanctissimum,1,22
sanctus,sanctissima,1,22
sanctus,sanctiore,1,22
sanctus,sanctissimis,1,22
sane,sane,2,2
sango,sanxisset,1,1
sanguin,sanguin,1,1
sanguinolentus,sanguinolento,1,1
sanguis,sanguine,7,11
sanguis,sanguinis,2,11
sanguis,sangui,1,11
sanguis,sanguinem,1,11
sapienter,sapienter,1,1
sarcior,sarcirentur,1,1
sario,sartam,1,1
sarpetrus,Sarpetri,1,1
sassedon,Sassedonus,1,1
sassimo,Sassumano,2,2
Sassuma,Sassumam,2,2
sassumanis,Sassumani,1,1
sassumanus,Sassumanus,3,3
Satanas,Satanae,1,1
sate,satius,1,1
sathanes,Sathanae,1,1
sathanicus,Sathanicos,1,1
Sathanicus,Sathanico,1,1
satio,satiari,1,2
satio,satiat,1,2
satis,satis,11,13
satis,Satis,1,13
satis,sat,1,13
satisfacio,satisfactum,4,4
satisfactio,satisfactione,1,1
sauoiamanus,Sauoiamanum,1,1
scala,scalas,1,2
scala,scalae,1,2
scando,scandenda,1,2
scando,scandit,1,2
scelero,scelerati,1,1
scelus,scelere,1,4
scelus,scelus,1,4
scelus,scelerum,1,4
scelus,sceleribus,1,4
scena,scena,1,3
scena,scenae,1,3
scena,scenas,1,3
scendo,scenderet,1,1
schall,Schall,2,2
schedulus,schedulis,1,1
sci,Sci,1,1
Scias,Scias,1,1
scich,Scich,1,1
scichum,Scichum,2,2
scicianus,Scicianum,1,1
scicus,Scico,1,1
scilicet,scilicet,9,9
scimandonus,Scimandonum,3,6
scimandonus,Scimandonus,3,6
Scimandonus,Scimandoni,3,4
Scimandonus,Scimandono,1,4
scimanus,Scimanas,1,3
scimanus,Scimanis,1,3
scimanus,Scimanarum,1,3
scimus,Scimo,3,3
scinfaciman,Scinfaciman,1,1
scintilla,scintillas,1,1
scintillus,Scintillis,1,1
scio,sciret,3,7
scio,Sciendum,2,7
scio,Sciebant,1,7
scio,sciebant,1,7
scisndo,scissisq,1,1
sclopes,sclopetis,1,1
sclopeta,sclopeta,1,1
sclopetarius,sclopetariorum,2,3
sclopetarius,sclopetariae,1,3
sclopus,scloporum,1,1
scomma,scomma,1,1
scribo,scripsit,6,28
scribo,scriptam,3,28
scribo,scriptum,3,28
scribo,scribunt,2,28
scribo,scribenda,2,28
scribo,scripserunt,1,28
scribo,scripsere,1,28
scribo,Scribunt,1,28
scribo,scripsimus,1,28
scribo,scriberetur,1,28
scribo,Scripserant,1,28
scribo,Scripsimus,1,28
scribo,scribitur,1,28
scribo,scriberent,1,28
scribo,scripto,1,28
scribo,scriberet,1,28
scribo,scribit,1,28
scripbo,scripsimusq,1,1
scriptum,scriptis,5,5
scuto,scutatorum,2,2
scutum,scuto,1,1
sec,sec,1,1
secedo,secesserunt,1,1
secerno,secreta,3,6
secerno,secretum,1,6
secerno,secretis,1,6
secerno,Secretum,1,6
secessio,secessio,1,1
secetus,seceta,1,1
seco,secat,1,1
secrete,secretissime,1,1
secretus,secretiora,2,2
sectarius,sectariis,1,2
sectarius,Sectariis,1,2
sectator,sectator,1,1
sectio,sectione,2,2
secto,sectabantur,1,1
sector,sectabatur,1,1
secundum,secundum,6,7
secundum,Secundum,1,7
secundus,secundo,2,5
secundus,secundus,2,5
secundus,secundi,1,5
securis,secure,2,2
securitas,securitatem,1,2
securitas,securitatis,1,2
securus,securus,5,15
securus,securi,2,15
securus,securos,2,15
securus,securior,2,15
securus,securum,2,15
securus,secura,1,15
securus,securam,1,15
secus,secus,5,5
secutur,secuturi,1,1
secutura,secuturas,1,2
secutura,secuturam,1,2
sed,sed,138,173
sed,Sed,35,173
sedecim,sedecim,1,1
sedes,sedem,12,19
sedes,sedes,6,19
sedes,sede,1,19
seditio,seditionem,3,7
seditio,seditione,2,7
seditio,seditionis,1,7
seditio,seditioni,1,7
sedo,sedaverit,1,3
sedo,sedata,1,3
sedo,sedatis,1,3
sedulo,sedulo,2,2
sego,sectis,1,1
seipsum,seipsum,2,3
seipsum,seipsos,1,3
seligo,selectorum,1,2
seligo,selecto,1,2
Semedus,Semedo,1,1
semel,semel,7,7
semen,semina,1,1
semestre,semestre,1,1
semiassum,semiassa,1,1
semicoctus,semicocta,1,1
semihora,semihoram,1,1
seminarium,seminarium,2,3
seminarium,seminarii,1,3
semper,semper,25,25
senex,senex,3,4
senex,senes,1,4
senior,Seniore,1,1
senium,senio,1,1
sensio,sensimus,1,1
sensum,sensa,1,1
sensus,sensu,2,2
sententia,sententia,7,15
sententia,sententiam,5,15
sententia,sententiae,2,15
sententia,Sententiam,1,15
senteo,sententi,1,1
sentina,sentinam,1,1
sentio,sentiret,1,3
sentio,sentire,1,3
sentio,sensit,1,3
Sentius,Sentio,1,1
separo,separatur,2,3
separo,separantur,1,3
sepd,sept,2,2
septem,septem,9,9
september,Septembri,2,3
september,Septembris,1,3
septemtrionalis,Septemtrionales,1,1
septennus,septennis,1,1
septenor,septenorum,1,1
septimus,septimum,1,1
septingenti,septingentos,1,1
septuaginta,septuaginta,3,4
septuaginta,Septuaginta,1,4
septus,septus,1,1
sepulcrum,sepulchra,2,2
sepultura,sepulturae,1,1
seq,seq,2,2
seque,seque,3,3
sequor,secuta,4,27
sequor,sequebantur,4,27
sequor,secuti,4,27
sequor,sequebatur,3,27
sequor,secutus,2,27
sequor,sequenda,2,27
sequor,sequeretur,2,27
sequor,sequi,2,27
sequor,sequuntur,1,27
sequor,sequentes,1,27
sequor,Sequuntur,1,27
sequor,sequitur,1,27
serenitas,serenitate,1,1
serenus,serenioris,1,2
serenus,serenissima,1,2
sericus,sericorum,2,7
sericus,serico,1,7
sericus,sericis,1,7
sericus,sericum,1,7
sericus,serica,1,7
sericus,sericae,1,7
serie,serie,1,1
serio,serio,3,3
sermo,sermonibus,3,8
sermo,sermones,3,8
sermo,sermone,1,8
sermo,sermonem,1,8
sermonibusque,sermonibusque,1,1
sero,sero,1,2
sero,seri,1,2
seruitium,servitium,2,2
servator,Servator,2,4
servator,Servatoris,1,4
servator,servatores,1,4
servio,servire,2,11
servio,serviebant,2,11
servio,servivit,1,11
servio,serviens,1,11
servio,servierant,1,11
servio,servier,1,11
servio,serviant,1,11
servio,serviendum,1,11
servio,servias,1,11
servitium,servitia,1,2
servitium,servitio,1,2
servo,servati,4,11
servo,servat,2,11
servo,servare,2,11
servo,servant,1,11
servo,servarunt,1,11
servo,servatis,1,11
servus,Servus,1,2
servus,servos,1,2
ses,ses,1,1
sessio,sessione,1,1
severe,severe,2,3
severe,severissime,1,3
severissimi,severissimo,1,1
severitas,severitate,1,1
sex,sex,6,7
sex,Sex,1,7
sexagenarius,sexagenarius,1,1
sexaginta,sexaginta,3,3
sexcentesimus,sexcentesimi,2,2
sexcenti,Sexcenta,1,4
sexcenti,sexcentos,1,4
sexcenti,sexcenta,1,4
sexcenti,sexcentis,1,4
sexcentisve,sexcentisve,1,1
sexdecim,sexdecim,2,2
sexennis,sexennem,2,4
sexennis,Sexennem,1,4
sexennis,Sexennis,1,4
sexennus,sexenni,1,1
sexio,sexies,1,1
sextus,Sexta,1,1
sexus,sexus,1,1
si,si,88,94
si,Si,6,94
sibique,sibique,1,1
sic,sic,30,31
sic,Sic,1,31
siccus,siccior,1,1
sicq,sicq,2,2
Siculus,Siculo,1,1
sicut,sicut,4,4
sien,sien,3,3
siga,Sigan,5,5
sigillatim,sigillatim,1,2
sigillatim,Sigillatim,1,2
sigmentum,sigmento,1,1
sign,sign,1,1
signifer,Signiferum,1,1
significatio,significatione,1,1
significo,significat,2,7
significo,significavit,2,7
significo,significarunt,1,7
significo,significarem,1,7
significo,significari,1,7
signum,signa,5,14
signum,signis,4,14
signum,signum,3,14
signum,signo,1,14
signum,signi,1,14
silentium,silentium,2,2
silium,silio,1,1
silva,silvis,1,1
similis,similem,5,19
similis,similia,4,19
similis,similes,3,19
similis,similis,2,19
similis,simile,2,19
similis,similium,1,19
similis,Similes,1,19
similis,simili,1,19
similiter,Similiter,1,1
simon,Simon,1,1
Simonascechus,Simonascechi,1,1
simul,simul,12,12
simulatio,simulatione,2,2
simulatque,simulatque,3,3
simulo,simulato,1,5
simulo,simulat,1,5
simulo,simulans,1,5
simulo,simulate,1,5
simulo,simulatq,1,5
simulq,simulq,1,1
simum,simum,1,1
sin,sin,1,1
sina,Sinae,33,110
sina,Sinas,31,110
sina,Sinarum,29,110
sina,Sina,9,110
sina,Sinam,7,110
sina,Sinar,1,110
sinarumque,Sinarumque,1,1
sincerus,sincerum,1,2
sincerus,sincerus,1,2
sine,sine,24,24
sinensis,Sinenses,6,9
sinensis,Sinensem,1,9
sinensis,Sinensium,1,9
sinensis,Sinensis,1,9
singularis,singulari,5,7
singularis,Singulari,1,7
singularis,singularem,1,7
singulorumque,singulorumque,1,1
singulus,singulis,3,8
singulus,singulos,2,8
singulus,singulas,2,8
singulus,singuliq,1,8
sinicus,Sinico,29,59
sinicus,Sinicum,18,59
sinicus,Sinica,4,59
sinicus,Sinicae,3,59
sinicus,Sinicos,2,59
sinicus,Sinicus,2,59
sinicus,Sinicarum,1,59
Sinicus,Sinicis,10,22
Sinicus,Sinici,8,22
Sinicus,Sinicas,4,22
sinis,Sinis,41,41
sinister,Sinistro,1,2
sinister,sinistrum,1,2
sinistr,sinistr,1,1
sino,sita,4,6
sino,sinunt,1,6
sino,sinit,1,6
siquidem,siquidem,13,13
sitio,sitiret,1,1
situs,situ,1,1
siue,sive,5,9
siue,seu,4,9
siuenches,Siuencheu,1,1
sius,sius,1,1
Smogoleskus,Smogoleski,1,1
soboles,sobole,1,1
socer,Soceri,1,1
societas,Societatis,20,40
societas,Societate,11,40
societas,SOCIETATIS,2,40
societas,societate,2,40
societas,societas,2,40
societas,societatis,2,40
societas,Societati,1,40
socius,sociis,2,5
socius,socii,1,5
socius,Sociis,1,5
socius,socios,1,5
Sodoma,Sodoma,1,1
Soiemondonus,Soiemondono,1,1
solaro,solarentur,1,1
solatio,solatio,4,4
solatium,solatiorum,1,1
solatius,solatium,2,2
solennus,solenniores,1,2
solennus,solenni,1,2
soleo,solet,5,15
soleo,solent,3,15
soleo,solebant,2,15
soleo,soleas,1,15
soleo,solitis,1,15
soleo,solitus,1,15
soleo,Solet,1,15
soleo,solitum,1,15
solidius,solidius,1,1
solidus,solidum,1,2
solidus,solida,1,2
solio,solito,2,4
solio,soliti,2,4
solium,solium,4,4
sollemnis,solemne,2,4
sollemnis,sollemni,1,4
sollemnis,Sollemni,1,4
sollicito,sollicitabant,1,1
sollicitudin,sollicitudin,1,1
sollicitus,solliciti,3,5
sollicitus,sollicitus,2,5
solum,solum,30,31
solum,Solum,1,31
solus,solo,11,40
solus,soli,8,40
solus,sola,5,40
solus,solis,4,40
solus,solus,4,40
solus,solas,3,40
solus,solos,2,40
solus,Soli,1,40
solus,Sola,1,40
solus,solam,1,40
solvo,solvunt,1,1
sono,sonat,7,7
sons,sontem,1,1
sonus,soni,1,1
sophisma,sophismatis,1,1
sopitus,sopitum,1,1
soror,sororem,1,2
soror,sorore,1,2
sors,sortem,2,5
sors,sortis,1,5
sors,sorte,1,5
sors,sortium,1,5
sortior,sortita,1,1
spacium,spacio,1,1
spargo,sparsi,3,4
spargo,sparsa,1,4
sparsus,sparsorum,1,1
spatiosus,spatiosum,1,1
spatium,spatio,7,14
spatium,spatium,7,14
specialis,speciali,1,1
speciatim,speciatim,1,1
species,speciem,7,7
speciosus,Speciosus,1,1
spectaculum,spectaculum,1,2
spectaculum,spectaculo,1,2
specto,spectabant,2,11
specto,spectemus,2,11
specto,spectantium,1,11
specto,spectabat,1,11
specto,spectes,1,11
specto,spectant,1,11
specto,spectante,1,11
specto,spectantes,1,11
specto,spectantibus,1,11
specula,speculam,1,1
speculum,specula,1,1
sperno,spretum,1,2
sperno,spretis,1,2
spero,sperantes,4,20
spero,speramus,4,20
spero,sperare,3,20
spero,sperabat,3,20
spero,speratis,1,20
spero,sperabant,1,20
spero,sperari,1,20
spero,sperem,1,20
spero,sperarent,1,20
spero,spero,1,20
spes,spe,10,27
spes,spem,9,27
spes,spes,8,27
spicio,specta,1,1
spiculator,spiculatori,1,1
spicuus,spicuae,1,1
spina,spinas,1,1
spio,spiri,1,1
spiritalis,spiritalibus,2,4
spiritalis,spiritalium,1,4
spiritalis,spiritalia,1,4
spiritualis,spiritualis,1,4
spiritualis,spiritualem,1,4
spiritualis,spirituali,1,4
spiritualis,spiritualibus,1,4
spiritus,Spiritu,2,5
spiritus,spiritibus,1,5
spiritus,spiritus,1,5
spiritus,spiritu,1,5
spiro,spirantibus,1,1
splendide,splendide,1,1
splendidus,splendidis,2,4
splendidus,splendidum,1,4
splendidus,splendidus,1,4
splendor,splendore,1,1
spolio,spoliarunt,2,7
spolio,spoliata,1,7
spolio,spoliatae,1,7
spolio,spoliare,1,7
spolio,spoliati,1,7
spolio,spoliatum,1,7
spolium,spoliis,8,9
spolium,spolia,1,9
spondeo,sponderet,1,2
spondeo,spondent,1,2
spons,sponte,4,4
sponsa,sponsam,1,1
sponsio,sponsione,2,4
sponsio,sponsionibus,1,4
sponsio,sponsioni,1,4
sponsus,sponsi,1,2
sponsus,sponsa,1,2
spopoo,spoponderant,1,1
squalor,squalore,1,1
stabilio,stabilitis,2,6
stabilio,stabilita,1,6
stabilio,stabilitum,1,6
stabilio,stabilivit,1,6
stabilio,Stabilitis,1,6
stabilis,stabile,3,3
stabulum,stabulis,1,1
stapes,stapedes,1,1
statim,statim,8,9
statim,Statim,1,9
statio,statio,1,3
statio,stationem,1,3
statio,stationibus,1,3
statua,statuam,2,2
statuo,statuunt,2,11
statuo,statuisse,2,11
statuo,statueret,1,11
statuo,statuentem,1,11
statuo,statuite,1,11
statuo,statuit,1,11
statuo,statuisset,1,11
statuo,Statuimus,1,11
statuo,statuerat,1,11
statuq,statuq,1,1
status,statu,21,60
status,status,19,60
status,statum,13,60
status,statuum,3,60
status,Status,2,60
status,statibus,2,60
statuumque,statuumque,1,1
stella,stellas,1,1
sterilitas,sterilitate,1,1
sterno,stratas,1,1
stimulo,stimulatos,1,1
stipendium,stipendia,5,7
stipendium,stipendiis,1,7
stipendium,stipendio,1,7
stipo,stipante,1,3
stipo,stipati,1,3
stipo,stipatus,1,3
sto,stabat,6,23
sto,stabant,3,23
sto,stare,2,23
sto,starent,2,23
sto,stat,2,23
sto,stetit,1,23
sto,steterat,1,23
sto,Stetit,1,23
sto,standum,1,23
sto,stit,1,23
sto,staturos,1,23
sto,stet,1,23
sto,statet,1,23
stolide,stolide,1,1
strages,strage,4,7
strages,stragem,2,7
strages,strages,1,7
stramen,stramine,1,1
strangulo,strangulant,1,1
stratagema,stratagemate,2,4
stratagema,stratagema,2,4
stremus,stremas,1,1
strenue,strenue,5,5
strenuus,strenuos,1,1
strepitus,strepitus,1,2
strepitus,strepitu,1,2
stringo,stringunt,2,3
stringo,strictis,1,3
stro,straret,1,2
stro,stravit,1,2
strophiolum,strophiola,1,1
structura,structura,1,1
struo,strueret,1,1
studeo,studerent,1,2
studeo,studens,1,2
studiosus,studiosos,2,2
studium,studio,8,14
studium,studiis,2,14
studium,studia,2,14
studium,studium,2,14
stultus,stultis,1,1
stupeo,stupente,1,3
stupeo,stupenda,1,3
stupeo,stupentibus,1,3
stupesco,stupescentibus,1,1
stupor,stupore,2,2
stylus,stylum,1,1
su,su,2,2
suadeo,suadebant,2,8
suadeo,suaserunt,1,8
suadeo,suadet,1,8
suadeo,suadent,1,8
suadeo,suadeo,1,8
suadeo,suademus,1,8
suadeo,suadente,1,8
suaeus,suaeq,1,1
suavis,suavissima,1,2
suavis,suavis,1,2
sub,sub,31,35
sub,Sub,4,35
subditor,subditor,1,1
subdituo,subditusve,1,1
subditus,subditorum,1,1
subdo,subditos,7,18
subdo,subditis,5,18
subdo,subditas,2,18
subdo,subditi,1,18
subdo,subditum,1,18
subdo,subdiderint,1,18
subdo,subdiderit,1,18
subdolus,subdolo,1,1
subduco,subducere,1,2
subduco,subducentes,1,2
subeo,subire,1,5
subeo,subivit,1,5
subeo,subiere,1,5
subeo,subeundam,1,5
subeo,subiturum,1,5
subicio,subiecta,3,20
subicio,subiectum,2,20
subicio,subiiciam,2,20
subicio,subiectos,2,20
subicio,subiectam,1,20
subicio,subiecerat,1,20
subicio,subiectas,1,20
subicio,subiecto,1,20
subicio,subiiciunt,1,20
subicio,subiici,1,20
subicio,subiiciendo,1,20
subicio,subiecturum,1,20
subicio,subiecit,1,20
subicio,subiiciamus,1,20
subicio,subiectis,1,20
subigio,subigeret,3,3
subigo,subacta,1,5
subigo,subigi,1,5
subigo,subigendas,1,5
subigo,subactae,1,5
subigo,subigentibus,1,5
subiicio,subiicientibus,1,1
subiipio,subiecerint,1,1
subinde,subinde,2,2
subipio,subegerunt,1,1
subirasco,subirascente,1,1
subitaneus,subitaneo,2,2
subito,subito,2,2
subiugo,subiugatas,1,2
subiugo,subiugatis,1,2
subiungo,subiungam,1,2
subiungo,subiunxerunt,1,2
sublimis,sublimem,1,1
submcio,submisere,1,1
submergo,submerserit,1,2
submergo,submersus,1,2
subministro,subministrante,1,1
submissio,submissione,2,3
submissio,submissionis,1,3
submitto,submittendo,2,12
submitto,submittere,2,12
submitto,submiserunt,2,12
submitto,submittebat,1,12
submitto,submisso,1,12
submitto,submittant,1,12
submitto,submitteret,1,12
submitto,submittendum,1,12
submitto,submisit,1,12
subordino,subordinati,1,1
suborior,suborirentur,1,1
subripeo,subripuisset,1,1
subscribo,subscribo,1,3
subscribo,subscribere,1,3
subscribo,Subscripserunt,1,3
subsequor,subsecuturum,1,3
subsequor,Subsequentur,1,3
subsequor,subsequentibus,1,3
subsidium,subsidium,3,5
subsidium,subsidio,1,5
subsidium,subsidia,1,5
substerno,substerno,1,1
substituo,substituti,1,1
substo,substiterant,1,2
substo,substitit,1,2
substrato,substrato,1,1
subsum,subesse,2,2
subtraho,subtraxerit,1,1
suburbius,suburbiis,1,1
subvenio,subvenire,2,4
subvenio,subvenisset,1,4
subvenio,subvenirent,1,4
succedo,successit,2,7
succedo,succedit,1,7
succedo,Succedit,1,7
succedo,successerat,1,7
succedo,succedere,1,7
succedo,succedebat,1,7
succensus,succensus,1,1
successio,successione,1,1
successor,successorem,1,1
successus,successus,4,10
successus,successu,2,10
successus,successum,2,10
successus,successuum,1,10
successus,successibus,1,10
succincte,succincte,1,1
succresco,succrescat,1,1
succubeo,succubuerint,1,1
succurro,succurrat,1,3
succurro,succurrere,1,3
succurro,succurrerent,1,3
suchueus,Suchuen,19,19
sudor,sudores,1,1
suffero,sublatae,1,1
sufficiens,sufficientes,3,7
sufficiens,sufficiente,2,7
sufficiens,sufficienti,1,7
sufficiens,sufficiens,1,7
sufficio,sufficeret,3,7
sufficio,sufficere,2,7
sufficio,sufficerent,1,7
sufficio,sufficientem,1,7
suggero,suggerentes,1,4
suggero,suggerebant,1,4
suggero,suggereret,1,4
suggero,suggerenti,1,4
sui,se,241,321
sui,sibi,64,321
sui,secum,12,321
sui,sese,4,321
suisq,suisq,1,1
suisque,suisque,1,1
sum,est,306,1029
sum,sunt,115,1029
sum,fuit,87,1029
sum,erat,73,1029
sum,esse,55,1029
sum,esset,50,1029
sum,sit,42,1029
sum,erant,36,1029
sum,fuerit,24,1029
sum,sint,24,1029
sum,sumus,22,1029
sum,essent,22,1029
sum,fuisse,17,1029
sum,fuerat,16,1029
sum,fuisset,15,1029
sum,Erat,13,1029
sum,fore,12,1029
sum,fuissent,10,1029
sum,sum,10,1029
sum,fuere,9,1029
sum,Est,7,1029
sum,fuerint,6,1029
sum,fuerant,6,1029
sum,erit,5,1029
sum,foret,5,1029
sum,sim,4,1029
sum,fuimus,4,1029
sum,essemus,3,1029
sum,eram,3,1029
sum,essem,2,1029
sum,Fuit,2,1029
sum,Sunt,2,1029
sum,Erant,2,1029
sum,futurus,2,1029
sum,es,1,1029
sum,sis,1,1029
sum,erunt,1,1029
sum,ero,1,1029
sum,Fuere,1,1029
sum,eri,1,1029
sum,sos,1,1029
sum,eratque,1,1029
sum,sitis,1,1029
sum,esto,1,1029
sum,fuero,1,1029
sum,fuissem,1,1029
sum,Fuerat,1,1029
sum,fui,1,1029
sum,simus,1,1029
sum,eramus,1,1029
sum,fuerimus,1,1029
sum,fuerim,1,1029
summ,summ,1,1
summo,summamque,1,1
summus,summa,11,58
summus,summam,8,58
summus,summus,8,58
summus,summos,5,58
summus,summum,5,58
summus,summo,5,58
summus,Summa,3,58
summus,summi,3,58
summus,summis,3,58
summus,Summo,3,58
summus,summae,2,58
summus,Summus,1,58
summus,summorum,1,58
sumo,sumpsit,2,9
sumo,sumunt,1,9
sumo,sumere,1,9
sumo,sumpserat,1,9
sumo,sumptis,1,9
sumo,sumpta,1,9
sumo,sumenda,1,9
sumo,sumendum,1,9
sumptuosus,sumptuosae,1,2
sumptuosus,sumptuosum,1,2
sumptus,sumptus,1,1
sun,Sun,2,2
sunga,Sunga,1,1
suor,suor,3,3
suos,suosque,2,2
superaddo,superaddit,1,1
superbia,superbia,1,2
superbia,superbiae,1,2
superbus,superbissimum,1,1
superfundo,superfundat,1,1
superior,superiori,4,13
superior,superioribus,3,13
superior,suprema,1,13
superior,Superioribus,1,13
superior,superior,1,13
superior,superiores,1,13
superior,supremus,1,13
superior,superioris,1,13
supero,superat,3,29
supero,superata,3,29
supero,superarent,3,29
supero,superato,3,29
supero,superavit,2,29
supero,superare,2,29
supero,superassent,2,29
supero,superabat,2,29
supero,superati,1,29
supero,superasse,1,29
supero,superant,1,29
supero,superandus,1,29
supero,superaverant,1,29
supero,superarunt,1,29
supero,superaret,1,29
supero,superabantur,1,29
supero,superatus,1,29
superque,superque,1,1
superstitio,superstitionibus,1,3
superstitio,superstitiones,1,3
superstitio,superstitionis,1,3
superstitiosus,superstitiosis,1,5
superstitiosus,superstitiosum,1,5
superstitiosus,superstitiosorum,1,5
superstitiosus,superstitiosus,1,5
superstitiosus,superstitiosas,1,5
supersto,superstes,1,1
supersum,superesse,2,11
supersum,Superest,2,11
supersum,superessent,1,11
supersum,supersunt,1,11
supersum,superesset,1,11
supersum,superfuerunt,1,11
supersum,superfuturus,1,11
supersum,superfuisse,1,11
supersum,superest,1,11
superus,summas,3,5
superus,superiore,2,5
suppedito,suppeditante,1,2
suppedito,suppeditare,1,2
suppetia,suppetias,2,2
suppeto,suppeteret,1,2
suppeto,suppetit,1,2
supplementum,supplemento,1,2
supplementum,supplementum,1,2
suppleo,supplerent,1,1
supplex,supplices,1,2
supplex,supplex,1,2
supplicium,supplicium,3,5
supplicium,supplicio,1,5
supplicium,supplicii,1,5
supprimo,supprimebantur,1,1
supra,supra,26,28
supra,Supra,2,28
surdus,surdus,1,2
surdus,surda,1,2
surripio,surrepto,1,1
suscipio,suscipiendum,2,19
suscipio,suscipere,2,19
suscipio,suscepto,2,19
suscipio,suscepisse,2,19
suscipio,Susceptum,1,19
suscipio,Susceperat,1,19
suscipio,susceptus,1,19
suscipio,susceperant,1,19
suscipio,susciperent,1,19
suscipio,suscepturos,1,19
suscipio,susceptum,1,19
suscipio,suscepi,1,19
suscipio,susceptam,1,19
suscipio,suscipiendo,1,19
suscipio,susceperit,1,19
susfero,sustulissent,1,1
suspendo,suspendit,2,8
suspendo,suspensos,2,8
suspendo,suspendio,1,8
suspendo,suspendunt,1,8
suspendo,suspendere,1,8
suspendo,suspensa,1,8
suspicio,suspicio,3,8
suspicio,suspicionem,2,8
suspicio,suspicione,2,8
suspicio,suspicionum,1,8
suspicor,suspicabantur,2,10
suspicor,suspicantem,1,10
suspicor,suspicari,1,10
suspicor,suspicaretur,1,10
suspicor,suspicandi,1,10
suspicor,suspicati,1,10
suspicor,suspicarentur,1,10
suspicor,suspicabatur,1,10
suspicor,suspicatus,1,10
suspiris,suspiria,1,1
sustineo,sustinere,2,6
sustineo,sustineret,1,6
sustineo,sustinent,1,6
sustineo,sustinuit,1,6
sustineo,sustinendum,1,6
sustinuo,sustinuere,1,1
suus,suis,57,329
suus,suo,50,329
suus,suum,41,329
suus,suam,36,329
suus,sui,35,329
suus,sua,32,329
suus,suorum,29,329
suus,suos,23,329
suus,suas,12,329
suus,suae,10,329
suus,suarum,3,329
suus,sue,1,329
t,t,27,31
t,T,4,31
ta,ta,3,3
tabacum,tabacum,1,1
tabella,tabellam,2,3
tabella,Tabellam,1,3
taberna,tabernis,1,1
tabes,tabem,1,1
tabilis,tabilia,1,1
taceo,taceo,2,4
taceo,tacita,1,4
taceo,tacenda,1,4
tactus,tactus,3,3
taedet,taedet,1,1
taichangus,Taichangus,1,1
Taicinus,Taicing,1,1
Taicosama,Taicosamam,5,5
taicosamus,Taicosamae,22,38
taicosamus,Taicosama,14,38
taicosamus,TAICOSAMA,1,38
taicosamus,TAICOSAMAE,1,38
taiçungus,Taiçungus,1,1
taiminga,Taimingae,5,7
taiminga,Taimingam,2,7
Taiminga,Taiminga,11,11
Taitung,Taitung,3,3
Taiyues,Taiyuen,1,1
talis,tale,6,12
talis,tales,3,12
talis,tali,1,12
talis,talis,1,12
talis,talem,1,12
talus,talos,1,1
tam,tam,55,56
tam,Tam,1,56
tamdiu,tamdiu,2,2
tamen,tamen,100,100
Tamerlanus,Tamerlani,1,1
tametsi,tametsi,1,1
tamquam,tamquam,23,30
tamquam,tanquam,7,30
tamque,tamque,2,2
tandem,tandem,35,35
tanganus,Tangani,1,1
tango,tangit,1,3
tango,tangatur,1,3
tango,tangerent,1,3
tant,tant,1,1
tantasque,tantasque,1,1
tantillum,tantillum,1,1
tantisper,tantisper,1,1
tanto,tanto,5,6
tanto,Tanto,1,6
tantopere,tantopere,2,2
tantor,tantor,1,1
tantorumq,tantorumq,1,1
tantum,tantum,37,38
tantum,Tantum,1,38
tantumdus,tantumdem,1,1
tantundem,tantundem,1,1
tantus,tanta,19,55
tantus,tantam,7,55
tantus,tantis,6,55
tantus,tantae,4,55
tantus,tantus,4,55
tantus,tantas,3,55
tantus,tanti,3,55
tantus,Tanta,1,55
tantus,Tantus,1,55
tantus,Tantae,1,55
tantus,Tantam,1,55
tantus,tantos,1,55
tantus,tantaq,1,55
tantus,tantorum,1,55
tantus,tantoq,1,55
tantus,tantar,1,55
tantusque,tantusque,1,1
tanyu,Tanyu,4,4
tapes,tapete,1,1
tar,Tar,2,2
tarazauandon,Tarazauandonum,2,2
tarazauandonus,Tarazauandonus,5,7
tarazauandonus,Tarazauandono,2,7
tarazauondonus,Tarazauondoni,1,1
tarde,tardius,1,1
taro,taretur,1,1
tartar,Tartaris,80,130
tartar,Tartaros,50,130
tartareus,tartareis,1,1
tartaricus,Tartaricum,6,14
tartaricus,Tartarica,6,14
tartaricus,Tartaricas,1,14
tartaricus,Tartaricus,1,14
Tartaricus,Tartarico,7,14
Tartaricus,Tartaricis,5,14
Tartaricus,TARTARICO,1,14
Tartaricus,Tartaricam,1,14
tartarius,Tartariam,8,20
tartarius,Tartaria,6,20
tartarius,Tartariae,6,20
tartarus,Tartarorum,64,66
tartarus,Tartara,2,66
Tartarus,Tartari,99,125
Tartarus,Tartarus,20,125
Tartarus,Tartaro,5,125
Tartarus,TARTARI,1,125
tartus,Tartarum,7,8
tartus,Tarta,1,8
tarus,taris,1,2
tarus,tarorum,1,2
tatus,Tata,1,3
tatus,tati,1,3
tatus,tatum,1,3
taurus,Tauri,1,1
taxo,taxat,1,1
tectum,tectis,1,1
tego,tecti,1,7
tego,tegit,1,7
tego,tecta,1,7
tego,tectae,1,7
tego,tegeret,1,7
tego,tecto,1,7
tego,tectus,1,7
telum,tela,2,2
temere,temere,1,1
temperatio,temperatione,1,1
tempero,temperandum,1,2
tempero,temperare,1,2
tempestas,tempestate,2,5
tempestas,tempestas,1,5
tempestas,tempestatem,1,5
tempestas,tempestatibus,1,5
temploum,Templorumq,1,1
templum,templum,7,12
templum,templa,1,12
templum,Templa,1,12
templum,templis,1,12
templum,Templum,1,12
templum,templo,1,12
templumque,templumque,1,1
temporalis,temporalibus,1,3
temporalis,temporalia,1,3
temporalis,temporalis,1,3
tempto,tentare,1,1
tempus,tempore,50,95
tempus,tempus,17,95
tempus,temporis,14,95
tempus,temporibus,7,95
tempus,tempora,4,95
tempus,temporum,2,95
tempus,Tempori,1,95
tendo,tendebant,2,5
tendo,tendit,2,5
tendo,tenditur,1,5
tenebra,tenebris,2,2
tenebrae,tenebras,1,1
tenella,tenellae,1,1
teneo,tenuit,5,19
teneo,tenebat,4,19
teneo,teneret,2,19
teneo,tenentur,1,19
teneo,tenebant,1,19
teneo,Tenuit,1,19
teneo,tenebamur,1,19
teneo,tenuisset,1,19
teneo,teneremur,1,19
teneo,teneri,1,19
teneo,tenens,1,19
tensa,Tensae,1,1
tento,tentassent,2,5
tento,tentabat,1,5
tento,tentavit,1,5
tento,tentaret,1,5
tentor,tentari,2,2
tentorium,tentoria,1,2
tentorium,tentorio,1,2
tenus,tenus,1,1
tenza,Tenzae,4,5
tenza,Tenzam,1,5
Tenze,Tenze,1,1
ter,ter,4,5
ter,Ter,1,5
tergum,tergo,8,10
tergum,terga,2,10
termino,terminandis,1,2
termino,terminata,1,2
ternus,ternis,2,3
ternus,ternos,1,3
tero,terat,1,1
terq,terq,1,1
terra,terras,10,24
terra,terram,5,24
terra,terra,3,24
terra,terrae,2,24
terra,terris,2,24
terra,terrarum,2,24
terraeqs,terraeq,1,1
terram,terramque,1,1
Terrasqus,Terrasq,1,1
terriculamentum,terriculamentis,1,1
territorium,territorio,1,1
terror,terrori,1,2
terror,terrorem,1,2
terroreque,terroreque,1,1
tertius,tertio,3,11
tertius,tertia,3,11
tertius,tertius,2,11
tertius,tertii,1,11
tertius,tertium,1,11
tertius,tertiae,1,11
tes,tes,2,2
testamentique,testamentique,1,1
testatusque,testatusque,1,1
testimonium,testimonium,2,3
testimonium,testimonia,1,3
testis,testis,1,1
testor,testatus,1,1
teterrimus,teterrimorum,1,1
teu,tem,4,4
thangus,Thangum,1,1
Thaoyues,Thaoyuen,1,1
theatrum,theatrum,1,1
theologia,Theologiaq,1,1
theologicus,Theologici,1,1
Thermopylae,Thermopylis,1,1
thesaurus,thesaurum,2,3
thesaurus,thesauri,1,3
thienci,Thiencin,3,3
thienkio,Thienkio,2,2
thienmingus,Thienmingus,1,1
Thienmingus,Thienmingo,1,1
thienus,Thienus,2,2
thienxunus,Thienxunam,1,1
thienxus,Thienxun,1,1
thienzungus,Thienzungus,1,1
Thienzungus,Thienzungum,1,1
thius,Thienkius,4,5
thius,Thienkium,1,5
thomas,Thomas,1,1
Thomas,Thomam,2,4
Thomas,Thomae,2,4
ti,ti,2,2
tia,tiae,1,1
tibetanus,Tibetano,1,1
tibus,tibus,1,1
tienches,Tienchu,1,1
tilis,tilium,1,1
timeo,timuit,2,10
timeo,timebant,1,10
timeo,timenda,1,10
timeo,timere,1,10
timeo,timendum,1,10
timeo,Timebat,1,10
timeo,timeant,1,10
timeo,timeret,1,10
timeo,timentes,1,10
timor,timore,3,5
timor,timor,1,5
timor,timores,1,5
timus,timus,1,1
tingo,tinctos,1,2
tingo,tingunt,1,2
tinus,tinus,1,1
tinxeo,tinxisse,1,1
tio,tione,1,1
tis,tis,2,2
titubatio,titubatio,1,1
titubo,titubasse,1,1
titulus,titulo,7,14
titulus,titulum,4,14
titulus,Titulis,1,14
titulus,titulos,1,14
titulus,titulus,1,14
to,to,1,1
togatus,Togatis,1,3
togatus,Togatus,1,3
togatus,Togatos,1,3
toleo,tolerent,1,1
tolero,toleraturum,1,4
tolero,toleratas,1,4
tolero,tolerandam,1,4
tolero,toleraturus,1,4
tollo,sustulit,3,18
tollo,tollere,3,18
tollo,tolleretur,2,18
tollo,sublata,2,18
tollo,sublatis,1,18
tollo,Sublato,1,18
tollo,sublato,1,18
tollo,sustulisset,1,18
tollo,Sublatis,1,18
tollo,sublatus,1,18
tollo,tollendos,1,18
tollo,tolli,1,18
tomus,tomis,1,1
tondeo,tonderi,1,1
tonus,Tono,6,12
tonus,Toni,4,12
tonus,Tonus,2,12
tormentarius,tormentarii,1,1
tormentum,tormentis,6,16
tormentum,tormentorum,5,16
tormentum,tormenta,5,16
torqueo,torqueret,1,1
torvus,torvo,1,1
toscirondonus,Toscirondonus,4,4
tot,tot,17,18
tot,Tot,1,18
totalis,totalem,1,1
totam,totamque,2,2
totidem,totidem,2,2
toties,toties,2,2
totus,tota,28,119
totus,totius,28,119
totus,totam,19,119
totus,totum,18,119
totus,toto,16,119
totus,toti,4,119
totus,totos,1,119
totus,Tota,1,119
totus,totis,1,119
totus,totas,1,119
totus,Toto,1,119
totus,totus,1,119
tra,tra,1,1
tractatio,tractationem,1,1
tractio,tractione,1,1
tracto,tractarunt,1,12
tracto,tractaretur,1,12
tracto,tractabat,1,12
tracto,tractare,1,12
tracto,tractandorum,1,12
tracto,tractandis,1,12
tracto,tractent,1,12
tracto,tractata,1,12
tracto,tractaturos,1,12
tracto,tractatos,1,12
tracto,tractarit,1,12
tracto,tractari,1,12
tractus,tractus,1,1
trado,tradere,5,25
trado,tradita,3,25
trado,tradit,2,25
trado,traditae,1,25
trado,traditis,1,25
trado,traderetur,1,25
trado,tradi,1,25
trado,traderent,1,25
trado,tradenda,1,25
trado,tradas,1,25
trado,tradam,1,25
trado,tradentibus,1,25
trado,traderentur,1,25
trado,tradiderunt,1,25
trado,tradendam,1,25
trado,tradebantur,1,25
trado,tradidit,1,25
trado,tradendum,1,25
traduco,traducti,1,3
traduco,traducere,1,3
traduco,traducerent,1,3
tragaedium,tragaedia,1,1
tragedia,tragediae,1,1
tragicus,tragicorum,1,2
tragicus,tragica,1,2
tragoedia,tragoediam,2,3
tragoedia,tragoedia,1,3
traho,tractum,1,4
traho,tractas,1,4
traho,trahit,1,4
traho,tractis,1,4
traicio,traiecit,1,1
traiicio,traiiciunt,1,2
traiicio,traiicere,1,2
tranquilitas,tranquillitatem,1,1
tranquillis,tranquilliorem,2,2
tranquillitas,tranquillitate,3,4
tranquillitas,tranquillitatis,1,4
tranquillo,tranquillandae,1,1
tranquillus,Tranquillus,1,2
tranquillus,tranquillus,1,2
trans,trans,1,1
transeo,transierunt,2,16
transeo,transeunt,2,16
transeo,transiens,2,16
transeo,transirent,2,16
transeo,transiit,1,16
transeo,transivi,1,16
transeo,transeuntibus,1,16
transeo,transibant,1,16
transeo,transivit,1,16
transeo,transibat,1,16
transeo,transire,1,16
transeo,transeundum,1,16
transfero,transferre,2,5
transfero,Translato,1,5
transfero,transfer,1,5
transfero,transferendo,1,5
transfigo,transfixus,2,3
transfigo,transfixit,1,3
transigo,transacto,1,2
transigo,transigendum,1,2
transitus,transitum,3,6
transitus,transitu,2,6
transitus,transitus,1,6
transmissus,transmissus,1,1
transmitto,transmittit,1,7
transmitto,transmittebat,1,7
transmitto,transmisit,1,7
transmitto,transmittunt,1,7
transmitto,transmitterent,1,7
transmitto,transmittens,1,7
transmitto,transmissa,1,7
transporto,transportandos,1,1
transveho,transvehuntur,1,1
trarius,trariorum,1,1
trecenti,trecenta,4,7
trecenti,trecentis,3,7
tres,tres,11,38
tres,tribus,10,38
tres,trium,10,38
tres,Tres,3,38
tres,tria,2,38
tres,Tria,1,38
tres,Trium,1,38
tribulatio,tribulationes,2,3
tribulatio,tribulatione,1,3
tribunal,Tribunal,1,2
tribunal,Tribunali,1,2
tribunalis,Tribunalia,5,12
tribunalis,Tribunalis,4,12
tribunalis,Tribunalium,2,12
tribunalis,Tribunalibus,1,12
tribuo,tribuunt,1,5
tribuo,tribuentes,1,5
tribuo,tribueret,1,5
tribuo,tribui,1,5
tribuo,tribueretur,1,5
tributarius,tributarius,1,3
tributarius,tributariis,1,3
tributarius,tributarii,1,3
tributum,tributa,3,5
tributum,tributo,1,5
tributum,tributum,1,5
tricenus,tricenorum,2,2
triduum,triduum,1,1
Trigautius,Trigautii,1,1
trigautus,Trigautius,1,1
triginta,triginta,8,8
tristis,tristi,1,2
tristis,tristiora,1,2
tristitia,tristitia,1,1
tristus,tristissimam,1,1
tritonus,Tritonibus,1,1
triumphalis,triumphales,1,2
triumphalis,triumphale,1,2
triumpho,triumphavit,1,1
triumphus,triumphum,1,1
trucido,trucidat,3,13
trucido,trucidari,3,13
trucido,trucidare,2,13
trucido,trucidarunt,1,13
trucido,trucidatur,1,13
trucido,trucidati,1,13
trucido,trucidabat,1,13
trucido,trucidasset,1,13
truculens,truculentissimi,1,1
trunco,truncatus,1,2
trunco,truncaretur,1,2
tu,tibi,6,13
tu,te,4,13
tu,tu,3,13
tuba,tuba,1,1
tubicen,tubicinem,1,1
tubus,tubos,1,1
tueor,tueri,4,10
tueor,tutus,1,10
tueor,tuendi,1,10
tueor,tuerentur,1,10
tueor,tuemur,1,10
tueor,tueretur,1,10
tueor,tueantur,1,10
tueri,tuerique,1,1
tugurium,tugurium,1,1
tum,tum,75,84
tum,Tum,9,84
tumultuor,tumultuantur,1,1
tumultus,tumultus,3,11
tumultus,tumultu,3,11
tumultus,tumultibus,3,11
tumultus,tumultum,2,11
tumultuus,tumultuum,1,1
tuna,tunam,1,1
tunc,tunc,19,19
tunglieu,Tunglieu,1,1
tur,tur,6,6
turba,turbas,3,8
turba,turbam,2,8
turba,turbae,1,8
turba,turbarum,1,8
turba,turba,1,8
turbarumquus,turbarumque,1,1
turbatura,turbaturam,2,2
turbidus,turbidum,1,1
turbo,turbavit,4,7
turbo,turbari,1,7
turbo,turbati,1,7
turbo,turbare,1,7
turbulentus,turbulentos,1,3
turbulentus,turbulentior,1,3
turbulentus,turbulento,1,3
turpis,turpissimus,1,1
turris,Turrim,1,2
turris,turrem,1,2
tus,tus,1,1
tutela,tutelam,5,7
tutela,tutela,2,7
tutor,tutorem,2,4
tutor,tutor,2,4
tutus,tuta,1,4
tutus,tutum,1,4
tutus,tutiora,1,4
tutus,tutior,1,4
tuus,tua,2,12
tuus,tuo,2,12
tuus,tuos,2,12
tuus,tuis,1,12
tuus,tuae,1,12
tuus,tuorum,1,12
tuus,Tuus,1,12
tuus,tuarum,1,12
tuus,Tuae,1,12
tuxun,Tuxun,1,1
tygrides,tygrides,1,1
typus,typis,1,2
typus,typum,1,2
tyrannicus,tyrannicus,1,2
tyrannicus,tyrannicum,1,2
tyrannis,tyrannidem,2,2
tyrannus,tyrannus,6,20
tyrannus,tyranni,5,20
tyrannus,tyrannum,4,20
tyrannus,tyranno,3,20
tyrannus,tyrannis,1,20
tyrannus,Tyranni,1,20
tzunicamindo,Tzunicamindonum,1,2
tzunicamindo,Tzunicamindoni,1,2
tzunocamindonus,Tzunocamindono,1,2
tzunocamindonus,Tzunocamindonus,1,2
tzunocamius,Tzunocamin,1,1
u,V,3,4
u,v,1,4
ualde,valde,3,3
uanlio,Vanlieus,5,5
uasallius,vasallis,5,5
uasallor,vasallor,1,1
uasallus,vasalli,1,2
uasallus,vasallo,1,2
uber,uberrimum,1,2
uber,uberior,1,2
uberius,uberius,1,1
ubi,ubi,97,110
ubi,Ubi,13,110
ubicumque,ubicumque,2,2
ubique,ubique,6,6
ue,ue,175,175
uel,vel,105,105
uelut,velut,16,16
ueneror,venerandam,1,1
uenio,venire,1,1
uer,ver,2,4
uer,Ver,2,4
uerbiest,Verbiest,3,3
uerbo,verbaq,1,1
uere,vere,8,8
ueritas,Veritas,1,3
ueritas,veritatis,1,3
ueritas,veritas,1,3
uero,vero,71,71
uersus,versus,8,8
uersutus,versutus,1,1
uerus,veram,1,1
uester,vestra,3,5
uester,vestram,1,5
uester,vestrum,1,5
uexilla,vexilla,2,2
uexillum,vexillum,3,3
uia,via,5,5
uicarius,Vicario,2,4
uicarius,Vicarium,1,4
uicarius,vicarium,1,4
uicinia,viciniam,1,1
uicis,vicem,3,4
uicis,vices,1,4
uictor,victor,8,8
uidelicet,videlicet,3,3
uideo,videtur,8,17
uideo,vident,2,17
uideo,visi,2,17
uideo,videmus,1,17
uideo,uisi,1,17
uideo,videre,1,17
uideo,Videre,1,17
uideo,videor,1,17
uiginti,viginti,8,8
uinea,vineae,1,1
uiolentia,violentia,3,3
uir,viri,4,6
uir,Vir,1,6
uir,vir,1,6
uirgo,Virginis,2,2
uirtus,virtus,4,8
uirtus,virtutes,3,8
uirtus,virtutis,1,8
uirtuts,virtutemq,1,1
uita,vita,20,32
uita,vitam,12,32
uiuo,vivere,1,1
uix,vix,22,26
uix,Vix,4,26
ulciscor,ulcisci,1,1
ullus,ulla,7,13
ullus,ullum,2,13
ullus,ullo,1,13
ullus,ullam,1,13
ullus,ullis,1,13
ullus,ulli,1,13
ulterior,ulteriorem,2,2
ultimus,ultimum,5,17
ultimus,ultimam,4,17
ultimus,ultima,3,17
ultimus,ultimis,2,17
ultimus,ultimus,1,17
ultimus,ultimo,1,17
ultimus,ultimi,1,17
ultio,ultionem,1,1
ultra,ultra,10,10
ultricis,ultricia,1,1
ultro,ultro,10,10
ultroneus,ultroneam,1,1
ulturus,ulturus,2,2
ultus,ulti,2,2
um,um,129,129
umillimus,Humillimus,1,1
umor,humorum,1,1
umquam,unquam,3,4
umquam,umquam,1,4
un,un,23,23
unaque,unaque,1,1
unda,undas,1,3
unda,undarum,1,3
unda,undis,1,3
unde,unde,32,53
unde,Unde,21,53
undecumque,undecumque,1,1
undequaque,undequaque,2,2
undique,undique,18,18
undisque,undisque,1,1
unguis,unguem,1,1
ungula,ungulae,1,1
unicus,unicum,3,5
unicus,Unica,1,5
unicus,unicus,1,5
unio,unitis,2,3
unio,Unionem,1,3
uniuersalis,universali,1,2
uniuersalis,universalis,1,2
uniuersus,universo,3,3
universis,universim,1,1
universus,universae,3,14
universus,universam,3,14
universus,universum,2,14
universus,universi,2,14
universus,universa,2,14
universus,Universos,1,14
universus,universus,1,14
unumq,unumq,1,1
unus,una,16,62
unus,unum,14,62
unus,uno,9,62
unus,unus,6,62
unus,unius,5,62
unus,uni,4,62
unus,unam,3,62
unus,Una,3,62
unus,Unus,2,62
uol,vol,1,1
uolga,Volga,1,1
uolo,volo,2,3
uolo,volue,1,3
uoluptat,voluptat,1,1
uos,vobis,5,6
uos,vos,1,6
urbanitas,urbanitatis,1,1
urbs,urbem,61,189
urbs,urbe,35,189
urbs,urbis,24,189
urbs,urbs,22,189
urbs,urbes,19,189
urbs,urbibus,9,189
urbs,urbi,6,189
urbs,Urbem,4,189
urbs,Urbs,3,189
urbs,urbium,3,189
urbs,Urbe,2,189
urbs,Urbis,1,189
urgeo,urgente,2,5
urgeo,urgere,1,5
urgeo,urgeretur,1,5
urgeo,urgerent,1,5
urgetque,urgetque,1,1
us,us,7,8
us,Us,1,8
usangueius,Usangueius,8,11
usangueius,Usangueium,3,11
Usangueius,Usangueio,2,2
usitao,usitata,1,1
usitas,usitatum,1,1
usq,usq,5,5
usque,usque,21,21
usquequaque,usquequaque,1,1
usu,ususq,1,1
usumque,usumque,1,1
usurpo,usurpare,2,6
usurpo,usurpato,1,6
usurpo,usurparentur,1,6
usurpo,usurpandi,1,6
usurpo,usurpandum,1,6
usus,usum,3,5
usus,usus,2,5
ut,ut,480,492
ut,Ut,12,492
utanus,Utanum,5,11
utanus,Utani,4,11
utanus,Utanorum,1,11
utanus,Utano,1,11
utcumque,utcumque,3,3
utcunq,utcunq,1,1
utcunque,utcunque,1,1
uterque,utroque,5,23
uterque,utrinque,4,23
uterque,utraque,3,23
uterque,uterque,2,23
uterque,utriusque,2,23
uterque,utrumque,2,23
uterque,utramque,1,23
uterque,Utrique,1,23
uterque,utrisque,1,23
uterque,utrosque,1,23
uterque,utrique,1,23
utilis,utilia,1,1
utilitas,utilitas,1,1
utique,utique,1,1
uto,Uto,2,2
utor,uti,17,28
utor,usi,4,28
utor,utuntur,3,28
utor,utebantur,2,28
utor,uteretur,1,28
utor,usurum,1,28
utpote,utpote,2,2
utus,Utum,1,1
utut,Utut,2,2
uulgus,vulgo,1,1
uultus,vultus,3,3
uxor,uxorem,5,11
uxor,uxoris,2,11
uxor,Uxor,1,11
uxor,uxores,1,11
uxor,uxoribus,1,11
uxor,uxor,1,11
va,va,1,1
vaco,vacanti,1,1
vacuus,vacuos,3,7
vacuus,vacuas,2,7
vacuus,vacuis,1,7
vacuus,vacuam,1,7
vagina,vaginae,1,1
vagor,vagabantur,1,1
valedico,valedicendum,1,3
valedico,valediceret,1,3
valedico,valedixerunt,1,3
valedio,valedicturus,1,1
valentinus,Valentinus,1,1
Valentinus,Valentino,1,2
Valentinus,VALENTINO,1,2
valeo,valet,1,2
valeo,valens,1,2
valide,valide,3,4
valide,validius,1,4
validus,valida,3,3
valignanes,VALIGNANI,1,2
valignanes,Valignani,1,2
valles,valles,1,1
vallo,vallata,1,3
vallo,vallatus,1,3
vallo,vallaretur,1,3
Valta,Valta,1,1
vangus,Vangus,3,4
vangus,Vango,1,4
vanisus,vanisq,1,1
vanlies,Vanliei,2,2
vanus,vanus,1,3
vanus,vanos,1,3
vanus,vanissimo,1,3
varias,variasque,1,1
varietas,varietate,1,4
varietas,varietas,1,4
varietas,varietatem,1,4
varietas,varietatibus,1,4
varius,variis,9,29
varius,varias,7,29
varius,varia,6,29
varius,vario,3,29
varius,variorum,1,29
varius,variae,1,29
varius,Variis,1,29
varius,varios,1,29
vasallus,vasallorum,2,2
vastitas,vastitatem,2,4
vastitas,vastitas,1,4
vastitas,vastitate,1,4
vasto,vastant,2,12
vasto,vastarunt,2,12
vasto,vastat,1,12
vasto,vastandis,1,12
vasto,vastabat,1,12
vasto,vastantes,1,12
vasto,vastatis,1,12
vasto,vastare,1,12
vasto,vastavit,1,12
vasto,vastatas,1,12
vastus,vastissimo,1,3
vastus,vastissimas,1,3
vastus,vastum,1,3
vbique,vbique,1,1
vecordia,vecordia,1,1
vectigal,vectigalq,1,3
vectigal,vectigali,1,3
vectigal,vectigal,1,3
vectus,vectibus,1,1
vego,vectus,1,1
vehementer,vehementer,6,6
veheo,vehebant,1,1
veho,vehem,1,1
velitatio,velitationibus,1,1
vello,vellent,1,1
veloce,velocissime,6,6
velocitas,velocitate,5,6
velocitas,velocitas,1,6
velocus,velocissimis,1,1
velox,velocissimi,1,2
velox,velocissimo,1,2
velut,veluti,1,1
venaticus,venaticos,1,1
vencheu,Vencheu,3,3
vendico,vendicet,1,1
vendo,vendebatur,1,1
venenum,veneno,1,1
veneratio,veneratione,2,2
venerio,venerantur,1,1
veneror,veneratus,1,2
veneror,venerentur,1,2
venetus,Venetus,4,4
venia,veniam,1,1
venienter,venienter,1,1
venio,venit,8,27
venio,ventum,6,27
venio,venisse,2,27
venio,veniamus,2,27
venio,veniret,2,27
venio,venio,1,27
venio,Venerat,1,27
venio,veniant,1,27
venio,venientibus,1,27
venio,veniunt,1,27
venio,venere,1,27
venio,venissemus,1,27
venor,venantur,1,1
venter,ventrem,6,11
venter,venter,2,11
venter,ventris,2,11
venter,ventres,1,11
ventilo,Ventilatur,1,1
ventitaro,ventitarant,1,1
ventus,vento,1,1
venxus,Venxui,2,2
verber,verberibus,1,1
verbulum,verbulum,1,1
verbum,verbis,14,22
verbum,verba,5,22
verbum,verbo,1,22
verbum,verbi,1,22
verbum,Verbis,1,22
vere,verissime,1,1
veredarius,veredarium,1,1
vereo,vereremur,2,2
vereor,veritus,1,3
vereor,vereretur,1,3
vereor,vereor,1,3
vergo,vergunt,1,2
vergo,vergebant,1,2
veritas,Veritati,1,2
veritas,veritati,1,2
verso,versabatur,2,9
verso,versabantur,1,9
verso,versantes,1,9
verso,versamur,1,9
verso,versatur,1,9
verso,versaretur,1,9
verso,versabamur,1,9
verso,versari,1,9
versor,versentur,1,1
verto,verteret,1,7
verto,versa,1,7
verto,vertere,1,7
verto,vertissent,1,7
verto,vertentes,1,7
verto,Versi,1,7
verto,vertentibus,1,7
verumetia,verumetiam,2,2
verus,Verum,26,44
verus,verum,16,44
verus,vera,1,44
verus,verae,1,44
verusnis,verusne,1,1
vescor,vescuntur,1,1
vester,Vestrarum,2,3
vester,Vestras,1,3
vestigium,vestigio,1,1
vestio,vestiuntur,1,2
vestio,vestitum,1,2
vestis,vestes,7,15
vestis,veste,4,15
vestis,vestibus,3,15
vestis,Vestes,1,15
vestum,vesti,1,1
vetio,vetitum,2,2
veto,vetaretur,1,1
vetuo,vetuit,2,5
vetuo,vetuitq,1,5
vetuo,vetustiores,1,5
vetuo,vetuerit,1,5
vetus,veterem,2,8
vetus,veteribus,2,8
vetus,veteri,2,8
vetus,veteris,1,8
vetus,vetum,1,8
vexatio,vexatione,1,1
vexillum,vexillo,3,7
vexillum,vexillis,2,7
vexillum,Vexillo,1,7
vexillum,vexillorum,1,7
vexo,vexarunt,1,2
vexo,vexasset,1,2
via,viam,5,9
via,vias,3,9
via,viis,1,9
vibro,vibraverit,1,1
vicenas,vicenas,1,1
viceni,vicena,2,2
viceo,vicissent,1,1
viceprovincial,Viceprovincial,1,1
viceprovincialis,Viceprovincialis,2,3
viceprovincialis,Viceprovincialem,1,3
vicesimus,vicesimum,1,1
vicimor,vicimoribus,1,1
vicinitas,vicinitatem,1,1
vicinus,vicina,7,21
vicinus,vicinam,5,21
vicinus,vicinum,3,21
vicinus,vicinas,2,21
vicinus,vicinissimam,1,21
vicinus,vicinissimis,1,21
vicinus,vicinis,1,21
vicinus,vicino,1,21
vicissitudo,vicissitudine,2,4
vicissitudo,vicissitudo,1,4
vicissitudo,vicissitudines,1,4
vico,vixerint,1,1
victima,victima,1,2
victima,victimas,1,2
victito,victitans,1,1
victor,victores,7,11
victor,victorem,3,11
victor,Victores,1,11
victoria,victoriam,15,41
victoria,victoria,9,41
victoria,victorias,7,41
victoria,victoriae,4,41
victoria,victoriis,4,41
victoria,victoriarum,2,41
victricis,victricia,1,1
victus,victus,3,3
video,videretur,6,60
video,videbatur,5,60
video,videri,5,60
video,vidit,4,60
video,visum,4,60
video,vidi,3,60
video,videantur,2,60
video,videns,2,60
video,viderant,2,60
video,videatur,2,60
video,viso,2,60
video,videt,2,60
video,videbimus,2,60
video,viderent,2,60
video,vide,1,60
video,visus,1,60
video,videb,1,60
video,videbitur,1,60
video,videtis,1,60
video,visis,1,60
video,videbantur,1,60
video,videbant,1,60
video,visa,1,60
video,videant,1,60
video,videret,1,60
video,vidente,1,60
video,videbamur,1,60
video,visorum,1,60
video,viderunt,1,60
video,viderem,1,60
video,viderentur,1,60
vigilantia,vigilantia,1,1
vigilia,vigiliae,1,2
vigilia,vigiliis,1,2
vigintiquinque,vigintiquinque,1,1
vigo,vixit,1,1
vilipendo,vilipendit,1,1
vilis,vilissimo,1,4
vilis,vilis,1,4
vilis,vili,1,4
vilis,vilissima,1,4
vilitas,vilitate,1,1
vilus,vilissimus,2,2
vincio,vinctos,1,1
vinco,victi,2,8
vinco,vinci,2,8
vinco,victum,1,8
vinco,vincti,1,8
vinco,vicisse,1,8
vinco,vicerunt,1,8
vinculum,vincula,5,9
vinculum,vinculis,2,9
vinculum,vinculo,2,9
vindico,vindicata,1,3
vindico,vindicandam,1,3
vindico,vindicandas,1,3
vindicta,vindictae,2,2
vineola,vineolam,1,1
vio,viamq,1,1
violente,violentius,1,1
violenter,violenter,1,1
violentia,violentiam,1,2
violentia,violentiae,1,2
violentus,violentas,2,3
violentus,violento,1,3
violo,violari,1,1
vique,vique,1,1
vir,viros,4,8
vir,virum,2,8
vir,virorum,1,8
vir,viris,1,8
virga,virgarum,2,2
viribusque,viribusque,1,1
virilis,viriles,1,1
virtus,virtuti,4,9
virtus,virtute,4,9
virtus,virtutem,1,9
vis,vim,23,83
vis,vires,22,83
vis,vi,18,83
vis,viribus,14,83
vis,vis,3,83
vis,Vi,1,83
vis,Vid,1,83
vis,vid,1,83
viscera,viscera,2,3
viscera,visceribus,1,3
visino,visitatus,1,1
visitatio,visitationibus,2,4
visitatio,visitatio,1,4
visitatio,visitationem,1,4
visitation,visitation,1,1
visitator,Visitatoris,7,20
visitator,Visitator,6,20
visitator,Visitatore,5,20
visitator,Visitatorem,2,20
visito,visitato,2,7
visito,visitanda,1,7
visito,visitantium,1,7
visito,visitavit,1,7
visito,visitandi,1,7
visito,visitantes,1,7
viso,visendi,4,5
viso,viseret,1,5
vita,vitae,21,21
viter,viter,1,1
vitium,vitiis,1,1
vittum,vitta,1,1
viv,viv,1,1
vivo,vivendi,3,12
vivo,vivebat,2,12
vivo,vivit,2,12
vivo,vivitq,1,12
vivo,vivant,1,12
vivo,vivunt,1,12
vivo,viventis,1,12
vivo,vivamus,1,12
vivus,vivis,7,19
vivus,vivus,5,19
vivus,vivum,4,19
vivus,vivi,1,19
vivus,vivo,1,19
vivus,vivae,1,19
vixque,Vixque,2,2
vo,vixeram,1,1
voaranis,Voarani,3,3
voaranus,Voaranos,2,3
voaranus,Voaranum,1,3
Voaranus,Voarano,1,1
vocabulum,vocabula,1,1
vocaturque,vocaturque,1,1
voco,vocant,12,26
voco,vocabant,3,26
voco,vocarunt,2,26
voco,vocatum,2,26
voco,voco,1,26
voco,vocari,1,26
voco,vocabimus,1,26
voco,vocantur,1,26
voco,vocatos,1,26
voco,vocat,1,26
voco,vocati,1,26
volito,volitabant,1,1
volo,voluit,14,49
volo,volebant,6,49
volo,vellet,4,49
volo,velle,4,49
volo,velint,3,49
volo,volebat,3,49
volo,voluerunt,3,49
volo,volunt,2,49
volo,voluisse,1,49
volo,voluens,1,49
volo,vultis,1,49
volo,volentem,1,49
volo,volens,1,49
volo,Voluit,1,49
volo,voluerit,1,49
volo,vellem,1,49
volo,voluissent,1,49
volo,velit,1,49
volontarius,volontarium,1,1
volucris,volucre,1,1
volumen,volumina,2,2
voluntarius,voluntariam,2,3
voluntarius,voluntaria,1,3
voluntas,voluntati,4,9
voluntas,voluntatem,2,9
voluntas,voluntate,2,9
voluntas,voluntatum,1,9
voluptas,voluptatem,5,7
voluptas,voluptate,2,7
vora,vora,1,1
voro,vorant,1,1
vovo,vovet,1,1
vox,voce,4,6
vox,vox,1,6
vox,vocis,1,6
vt,vt,2,2
vulgo,vulgarunt,1,2
vulgo,vulgabatur,1,2
vulgus,vulgus,2,2
vulnero,vulneratis,1,1
vulnus,vulnera,1,1
vulpina,vulpinam,1,1
vulpis,Vulpium,1,1
vultur,vultures,1,1
vultus,vultu,2,4
vultus,vultum,2,4
Wpulabundus,populabundi,1,1
xanghai,Xanghai,1,1
xansus,Xansi,5,5
xantunus,Xantung,6,6
Xaokinus,Xaoking,2,2
xaverius,Xaverii,1,1
xavier,Xavier,1,1
xensis,Xensi,18,18
xinkio,Xinkio,1,1
xún,XÚN,3,3
xùn,Xùn,1,1
xunchius,Xunchii,3,5
xunchius,Xunchium,1,5
xunchius,Xunchio,1,5
xunchus,Xunchi,1,1
xunuanus,Xunuang,1,1
xxiv,XXIV,1,1
yalo,Yalo,1,1
yàm,Yàm,3,3
yangcheu,Yangcheu,1,1
yuenus,Yuenus,6,8
yuenus,Yuenum,2,8
yupus,Yupi,2,2
zelus,Zelus,1,2
zelus,zelo,1,2
zibellina,Zibellinas,1,2
zibellina,zibellinarum,1,2
zungchinis,Zungchinii,4,4
Zungchinius,Zungchinius,7,9
Zungchinius,Zungchinium,2,9
zungteus,Zungteus,3,3
zus,zus,1,1
zuus,Zuus,1,1
