id,title,url,editors,year,in_franzini,in_sahle,franzini_id,tei_declared,xml_downloadable,available,period,language,variance,ride
0001,'Clotel' by William Wells Brown: An Electronic Scholarly Edition,https://web.archive.org/web/20120208114310/http://rotunda.upress.virginia.edu:8080/clotel/,"Ed. by Christopher Mulvey. Charlottesville (VA): The University of Virginia Press, 2006.",2006,no,yes,,,,,,,,
0002,“… gantz unvergleichlich …” - Ernst Samuel Jacob Borchwards Reise ins Potsdam Friedrichs des Großen 1749,http://quellen-perspectivia.net/de/borchward/start,"Bearbeitet von Rashid-S. Pegah und Carsten Dilba. Potsdam: Stiftung Preußische Schlösser / Gärten Berlin-Brandenburg, 2015.",2015,no,yes,,,,,,,,
0003,"""A black diamond among thim American wifes"": Kate Edwards Swayze’s Antislavery Adaptation of George Colman’s Inkle and Yarico",https://www.scholarlyediting.org/2015/editions/intro.swayzedrama.html,"Ed. by Laura L. Mielke and Martha Baldwin. Kansas: University of Kansas, 2015.",2015,no,yes,,,,,,,,
0004,"""En el ojo del huracán"": Cartas de Ultramar a España, 1823 - Edición digital",http://cards-fly.clul.ul.pt/teitok/ultramar/,"Konzeptiontiert von Werner Stangl. Graz: Karl-Franzens-Universität Graz, Institut für Geschichte, 2014-.",2014,no,yes,,,,,,,,
0005,"""Fräulein Else"" multimedial - Arthur Schnitzlers Novelle und ihre Adaptionen (1923-2013)",http://www.else.uni-wuppertal.de/index.html,"Konzept und Leitung Ursula von Keitz und Wolfgang Lukas, medientechnische Betreuung Fabian Etling. Wuppertal: Bergische Universität Wuppertal, 2017.",2017,no,yes,,,,,,,,
0006,"""Lettres des Grisons"": Wissenschaft, Religion und Diplomatie in der Korrespondenz von Johann Jakob Scheuchzer. Eine Edition ausgewählter Schweizer Briefe (1695–1731)",https://republique-des-lettres.ch/edition/scheuchzer-korrespondenz,"Ed. von Simona Boscani Leoni. Bern: République des Lettres, 2019.",2019,no,yes,,,,,,,,
0007,« DigiLivres » : Bernard PALISSY - « Discours Admirables... »,http://web.archive.org/web/20080405110201/http://homepage.mac.com/guyjacqu/palissy.html,Guy Jacquesson [Guy de Pernon]. s.l.: 2002.,2002,no,yes,,,,,,,,
0008,« DigiLivres » : LANCELOT (Chrétien de Troyes: Le Chevalier de la Charette),http://web.archive.org/web/20080415015129/http://homepage.mac.com/guyjacqu/lancelot.html,"""Edition intégrale et synoptique des 8 Mss connus"". Guy Jacquesson [Guy de Pernon]. s.l.: 2002.",2002,no,yes,,,,,,,,
0009,[Das Kundige Bok] Göttinger Statuten im 15. Jahrhundert,https://web.archive.org/web/20180308065412/http://kundigebok.stadtarchiv.goettingen.de/kb2Web/html/,"Hg. von Malte Rehbein. Göttingen: Stadtarchiv Göttingen, 2010.",2010,no,yes,,,,,,,,
0010,[Theodore] Dreiser Web Source,https://web.archive.org/web/20191024001213/http://www.library.upenn.edu/collections/rbm/dreiser/,"Ed. by Thomas P. Riggio et. al. Philadelphia (PA): University of Pennsylvania Library, 2002-2010.",2002,no,yes,,,,,,,,
0011,[Walt Whitman:] Crossing Brookly Ferry,http://msr-archives.rutgers.edu/CBF/,"Created by Jesse Merandy. Mickel Street Review 19/20, 2008.",2008,no,yes,,,,,,,,
0012,"*Hortus sanitatis* : Livre IV, *Les Poissons*",https://www.unicaen.fr/puc/sources/depiscibus/,"Édité par Catherine Jacquemard, Brigitte Gauvin et Marie-Agnès Lucas-Avenel, avec la collaboration de Caroline Février et Françoise Lecocq. Caen: Presses universitaires de Caen, 2013.",2013,no,yes,,,,,,,,
0013,*La nature des dieux* Cicéron,https://www.unicaen.fr/puc/sources/ciceron/accueil.html,"Édité par Clara Auvray-Assayas. Caen: Presses universitaires de Caen, 2019.",2019,no,yes,,,,,,,,
0014,100 Ballads,https://www.100ballads.org/,"Christopher Marsh and Angela McShane. Belfast: The Queen’s University of Belfast, 2024.",2024,no,yes,,,,,,,,
0015,1641 Depositions,http://1641.tcd.ie/,"Jane Ohlmeyer, Thomas Bartlett, Dr Micheál Ó Siochrú and John Morrill (principal investigators), Aidan Clarke (transcriptions). Dublin: Trinity College, 2007-2010.",2007,no,yes,,,,,,,,
0016,A Comprehensive Edition of Tocharian Manuscripts,http://www.univie.ac.at/tocharian/,"Principal investigator Melanie Malzahn. Vienna: University of Vienna, 2011-.",2011,yes,yes,247,no,no,yes,Middle Ages,XTO,yes,no
0017,A critical edition of the poetry of Dafydd ap Gwilym,http://www.dafyddapgwilym.net/,"Ed. by Dafydd Johnston et al. Swansea: Swansea University, 2007.",2007,yes,yes,3,yes,no,yes,Middle Ages,WEL,yes,no
0018,"A Description of the Valley of Chamouni, in Savoy. By Samuel Glover",https://romantic-circles.org/editions/chamouni/index.html,"Ed. by Cian Duffy. A Romantic Circles Electronic Edition. College Park (MD): University of Maryland, 2018.",2018,no,yes,,,,,,,,
0019,A Digital Comparative Edition and Partial Translation of the Shorter Chinese Saṃyukta Āgama (T.100),https://bza.dila.edu.tw,"Project Directiors: Marcus Bingenheimer and Aming Tu 杜正民, Dharma Drum Buddhist College, New Taipei, 2005.",2005,no,yes,,,,,,,,
0020,A Digital Edition of Christopher Pearse Cranch's 'Journal. 1839.',https://www.scholarlyediting.org/2014/editions/intro.cranchjournal.html,"Ed. by Christopher M. Ohge. Berkeley: University of California, 2017.",2014,no,yes,,,,,,,,
0021,"A London Provisioner's Chronicle, 1550–1563, by Henry Machyn: Manuscript, Transcription, and Modernization",http://quod.lib.umich.edu/m/machyn/,"Created by Richard W. Bailey, Marilyn Miller, and Colette Moore. Hosted by MPublishing, a division of the University of Michigan Library. 2006. http://hdl.handle.net/2027/spo.5076866.0001.001.",2006,yes,yes,202,yes,no,yes,Early Modern,ENG,yes,no
0022,A Ráday-család levelezése,http://deba.unideb.hu/deba/raday/,,,yes,no,286,yes,no,yes,Long Nineteenth Century,HUN,yes,no
0023,"A Social Edition of the Devonshire MS (BL Add 17,492)",http://en.wikibooks.org/wiki/The_Devonshire_Manuscript,"Ed. by Ray Siemens and the Devonshire MS editorial group. Victoria (BC): University of Victoria, 2012.",2012,yes,yes,132,yes,no,yes,Early Modern,ENG,not provided,no
0024,A Survey of the Cities of London and Westminster by John Strype,http://www.hrionline.ac.uk/strype/,,,yes,no,26,yes,no,no,Early Modern,ENG,not provided,no
0025,A Tett folyóirat (The Journal „A Tett”),http://digiphil.hu/context:atett,,,yes,no,294,yes,no,no,Modern,HUN,yes,no
0026,A Transnational Literary Network Around 1900: The Correspondence between Laurence Binyon and Olivier-Georges Destrée,https://www.scholarlyediting.org/2016/editions/BinyonDestree.html,"Ed. by Marysa Demoor, Eloise Forestier and Gero Guttzeit. Ghent: Ghent University, 2016.",2016,no,yes,,,,,,,,
0027,A trial electronic edition of the Preface to 'Ancrene Wisse' for the Early English Text Society,http://tei.oucs.ox.ac.uk/Projects/EETS/soton/,,,yes,no,72,yes,no,no,Middle Ages,ENM,not provided,no
0028,"A. C. Chavannes et sa ""Science générale de l'homme"" (1788)",http://lumieres.unil.ch/projets/chavannes,"Ed. by Christian Grosse and Béla Kapossy. Lausanne: Lumières.Lausanne, 2019.",2019,no,yes,,,,,,,,
0029,ABaC:us - Austrian Baroque Corpus,https://acdh.oeaw.ac.at/abacus/,,,yes,no,235,yes,yes,yes,Early Modern,GER,yes,no
0030,Actes royaux,https://web.archive.org/web/20200211090445/http://www.cn-telma.fr/actesroyaux/index/,"Xavier Hélary, Christophe Jacobs (éds). Orléans: Institut de Recherche et d’Histoire des Textes (IRHT) / Traitement électronique des manuscrits et des archives (Telma), 2008.",2008,no,yes,,,,,,,,
0031,Actes Royaux,http://www.cn-telma.fr/actesroyaux/index/,,,yes,no,136,partly,no,no,Middle Ages,LAT,not provided,no
0032,ACTES ROYAUX. Édition numérique des actes des rois de France du Moyen Âge,https://caro.huma-num.fr/,"Direction scientifique: Nicolas Perreaux. Paris: CNRS et l'Université Paris 1 Panthéon-Sorbonne, 2019-2024.",2019,no,yes,,,,,,,,
0033,Adam Wodeham - Editio Critica Electronica Ordinationis Oxoniensis,https://web.archive.org/web/20170610090514/http://adamwodeham.org/text/questions/wodehamordinatio,"Ed. by Olli Hallamma, Jeffrey Witt, John Slotemaker and Severin Kitanov. s.l: 2013.",2013,no,yes,,,,,,,,
0034,Adams Family Papers - An Electronic Archive,http://www.masshist.org/digitaladams/archive/,"Ed. by Nancy Heywood et al. Boston (MA): Massachusetts Historical Society, 2003.",2003,no,yes,,,,,,,,
0035,Adams Papers Digital Edition,https://www.masshist.org/publications/adams-papers/,"Maintained by William Beck, Sara Martin, and Amanda Norton. Boston (MA): Massachusetts Historical Society, 2022.",2022,no,yes,,,,,,,,
0036,"Adriai tengernek syrénája, gróf Zrínyi Miklós",http://magyar-irodalom.elte.hu/gepesk/zrinyi/,,,yes,no,274,no,no,yes,Early Modern,HUN,yes,no
0037,Ahiqar - The Story of Ahiqar in its Syriac and Arabic Tradition,https://ahiqar.uni-goettingen.de,"Hrsg. von Prof. Dr. Reinhard G. Kratz, Dr. Aly Elrefaei, Simon Birol. Göttingen: Theologische Fakultät, Georg-August-Universität / Niedersächsische Staats- und Universitätsbibliothek Göttingen, 2021.",2021,no,yes,,,,,,,,
0038,Akademieprotokolle,https://akademieprotokolle.acdh.oeaw.ac.at/,,,yes,no,350,yes,yes,yes,Long Nineteenth Century,GER,yes,no
0039,Akten der Reichskanzlei. Weimarer Republik,http://www.bundesarchiv.de/aktenreichskanzlei/1919-1933/0000/index.html,"Hg. von der historischen Kommission bei der Bayerischen Akademie der Wissenschaften und dem Bundesarchiv. Koblenz: Bundesarchiv, 2007.",2007,no,yes,,,,,,,,
0040,Alciato's Book of Emblems,http://www.mun.ca/alciato/,,,yes,no,36,no,no,no,Early Modern,LAT,partly,no
0041,Alciato's Book of Emblems: The Memorial Web Edition in Latin and English,https://web.archive.org/web/20221003174128/http://www.mun.ca/alciato/,"Ed. by William Barker, Mark Feltham and Jean Guthrie. St. John's (NL): Memorial University of Newfoundland, 1995-2005.",1995,no,yes,,,,,,,,
0042,Aleksis Kivi: Lea – kriittinen editio,https://editiot.finlit.fi/exist/apps/lea,"Toim. Pentti Paavolainen (päätoimittaja), Sakari Katajamäki, Ossi Kokko, Petri Lauerma, Juhani Niemi ja Jyrki Nummi. Helsinki: Suomalaisen Kirjallisuuden Seura (SKS), 2020.",2020,no,yes,,,,,,,,
0043,Aleksis Kivi: Nummisuutarit. Komedia viidessä näytöksessä. Kriittinen editio. [On-line.],http://elias.finlit.fi/nummisuutarit/,"Nummi, Jyrki (päätoimittaja), Sakari Katajamäki, Ossi Kokko, Petri Lauerma (toim.). Helsinki: Suomalaisen Kirjallisuuden Seura, 2011.",2011,no,yes,,,,,,,,
0044,Aleksis Kivi: Yö ja päivä (= Night and Day) – kriittinen editio,https://editiot.finlit.fi/exist/apps/yo-ja-paiva,"Ed. by Pentti Paavolainen, Sakari Katajamäki, Ossi Kokko, Petri Lauerma, Juhani Niemi, Jyrki Nummi and Kirsi-Maria Nummila. Helsinki: Finnish Literature Society, 2021.",2021,no,yes,,,,,,,,
0045,Alexander von Humboldt - Christian Gottfried Ehrenberg - Briefwechsel,https://edition-humboldt.de/briefe/index.xql?person=H0005875&l=de,"Hg. von Anne Jobst unter Mitarbeit von Eberhard Knobloch. Berlin: Alexander von Humboldt-Forschungsstelle / Berlin-Brandenburgische Akademie der Wissenschaften, s.a. [wohl 2008].",2008,no,yes,,,,,,,,
0046,Alexander von Humboldt Briefedition,http://telota.bbaw.de/AvHBriefedition/index.html,,,yes,no,220,no,no,yes,Long Nineteenth Century,GER,yes,no
0047,Alexander von Humboldt: Sämtliche Schriften digital,https://humboldt.unibe.ch/text,"Hg. von Oliver Lubrich und Thomas Nehrlich. Bern: Universität Bern, 2021.",2021,yes,yes,319,yes,yes,yes,Long Nineteenth Century,GER; FRE; LAT; ENG; SPA; POR; HEB; SWE; DAN; DUT; HUN; RUS; ITA; POL,yes,no
0048,Alfred Escher - Briefedition,http://www.briefedition.alfred-escher.ch/,"Hg. von Joseph Jung. Zürich: Alfred Escher-Stiftung, 2012.",2012,no,yes,,,,,,,,
0049,Aloys Hirt - Briefwechsel und Amtliche Schriften,https://aloys-hirt.bbaw.de/index.xql,"Bearbeitet von Uta Motschmann. Berlin: Berlin-Brandenburgische Akademie der Wissenschaften, 2019.",2019,no,yes,,,,,,,,
0050,"Altfranzösische Urkunden, 1237-1281. Edition der Urkunden Gräfin Ermesindes (1226-1247) und Graf Heinrichs V. (1247-1281) von Luxemburg.",http://www.rmnet.uni-trier.de/cgi-bin/RMnetIndex.tcl?hea=qf&for=qafranzu,"Hg. von Prof. Dr. Günter Holtus, Dr. Anja Overbeck, Dr. Harald Völker. Göttingen/Trier/Tübingen: Georg-August-Universität Göttingen/Universität Trier/Max Niemeyer Verlag, 2003.",2003,no,yes,,,,,,,,
0051,American Verse Project,http://quod.lib.umich.edu/a/amverse/,,,yes,no,137,yes,no,yes,Long Nineteenth Century,ENG,no,no
0052,An Edition of the Welsh Merlin Poetry,https://myrddin.cymru/welcome/,"Principal Investigator: Dylan Foster Evans. Swansea: Swansea University, 2025.",2025,no,yes,,,,,,,,
0053,An Electronic Corpus of 15th Century Castilian Cancionero Manuscripts,https://web.archive.org/web/20210330124301/http://cancionerovirtual.liv.ac.uk/,"Directed by Dorothy Severin. Liverpool: University of Liverpool, 2007.",2007,no,yes,,,,,,,,
0054,An electronic corpus of 15th century Castillian canconiero manuscripts,http://cancionerovirtual.liv.ac.uk/,,,yes,no,99,yes,no,no,Middle Ages,SPA,not provided,no
0055,"An electronic edition of John Strype's ""A SURVEY OF THE CITIES OF London and Westminster""",https://www.dhi.ac.uk/strype/,"Ed. by Julia Merritt. Sheffield: HRIOnline, 2007; ISBN 978-0954260899.",2007,no,yes,,,,,,,,
0056,An Encomium on Henry VIII and Elizabeth I by George Etheridge — British Library Royal MS 16 C X,http://hellenic-institute.uk/research/Etheridge/,"Dir. by Dr Charalambos Dendrinos. London: British Library / Hellenic Institute of Royal Holloway, University of London, 2012-.",2012,no,yes,,,,,,,,
0057,An Uninteresting Detail of a Journey to Rome by Ann Flaxman,https://romantic-circles.org/editions/flaxman,"Ed. by Marie E. McAllister. A Romantic Circles Electronic Edition. College Park (MD): University of Maryland, 2014.",2014,no,yes,,,,,,,,
0058,Ancrene Wisse,https://metseditions.org/editions/rllVXVrvU9e9Ncp3VCwRkwSrmzXDX6kM,"Ed. by Robert Hasenfratz. Kalamazoo: Medieval Institute (Western Michigan University), 2000.",2000,no,yes,,,,,,,,
0059,Ancrene Wisse Preface,http://web.archive.org/web/20070530001208/http://www.tei-c.org.uk/Projects/EETS/,"Ed. by Bella Millett, Glossary by Richard Dance. s.l.: Early English Text Society, 1999-2003.",1999,no,yes,,,,,,,,
0060,Andreas Vesalius: De Humani Corporis Fabrica,https://web.archive.org/web/20220316055318/http://vesalius.northwestern.edu/,"Ed. by Daniel Garrison and Malcolm Hast. Evanston (IL): Northwestern University, 2003.",2003,no,yes,,,,,,,,
0061,Anna Lætitia Aikin: Poems (1773),https://romantic-circles.org/Editions/Publication/anna-letitia-barbauld-letters-lydia-rickards-1798-1815,"Ed. by Lisa Vargo and Allison Muri. College Park (MD): University of Maryland, 2000.",2000,no,yes,,,,,,,,
0062,Anne Frank Manuscripten,https://annefrankmanuscripten.org/,"Peter de Bruijn (ed.), met medewerking van Elli Bleeker en Marielle Scherer. Brussel: Huygens Instituut voor Nederlandse Geschiedenis (KNAW) / Anne Frank Stichting / Vereniging voor Onderzoek en Ontsluiting van Historische Tekste, 2021.",2021,no,yes,,,,,,,,
0063,Anonymus Magister Artium Pragensis: Recommendationes Recommendatio baccalaureorum artium: Invitati ascendant,https://www.dhcluj.ro/digitaleditions/?file=APRIA,"Ed. by Mihai Maga. Cluj-Napoca: Babeș-Bolyai University, 2020.",2020,no,yes,,,,,,,,
0064,Anton Webern Gesamtausgabe: Online-Edition,https://edition.anton-webern.ch/home,"Ediert von Thomas Ahrend. Basel: Musikwissenschaftliches Seminar der Universität Basel, 2020-.",2020,no,yes,,,,,,,,
0065,ApertureScience.com: A Critical Edition,https://scholarlyediting.org/issues/42/aperturescience-com/,"Ed. by Alan Galey, Ellen Forget and Brendan Allen. Toronto: University of Toronto, Virginia: University of Virginia Press, 2025.",2025,no,yes,,,,,,,,
0066,apw - Acta Pacis Westphalicae,http://apw.digitale-sammlungen.de/,"Unter der Leitung von Maximilian Lanzinner. Bayerische Staatsbibliothek: München, 2014.",2014,no,yes,,,,,,,,
0067,"Arkivet, Thorvaldsens Museum",http://arkivet.thorvaldsensmuseum.dk,"Projektleder Ernst Jonas Bencard (til 2019) og Kira Kofoed (fra 2019). København: Thorvaldsens Museum, 2017-.",2017,no,yes,,,,,,,,
0068,Armer Heinrich Digital,http://digi.ub.uni-heidelberg.de/ahd/,"Hg. von Gustavo Fernández Riva und Victor Millet, in Zusammenarbeit mit Jakub Šimek, mit Übersetzungen von Dietmar Peschel. Heidelberg: Universitätsbibliothek, 2018; https://doi.org/10.11588/edition.ahd.",2018,yes,yes,299,yes,yes,yes,Middle Ages,GMH,yes,no
0069,Arnold Schönberg: Briefwechsel mit den Verlagen C. F. Peters und C. F. Peters Corporation,https://www.schoenberg-peters.at,,,yes,no,355,yes,yes,yes,Long Nineteenth Century Modern,GER,yes,no
0070,Arnold Schönberg: Briefwechsel mit den Verlagen Universal-Edition und Dreililien,https://www.schoenberg-ue.at,,,yes,no,354,yes,yes,yes,Long Nineteenth Century Modern,GER,yes,no
0071,Arthur Schnitzler – Briefwechsel mit Autorinnen und Autoren,https://schnitzler-briefe.acdh.oeaw.ac.at,"Hg. Martin Anton Müller, Gerd Hermann Susen, Laura Untner und Selma Jahnke. Wien: Österreichische Akademie der Wissenschaften, 2020-2029.",2020,yes,yes,314,yes,yes,yes,Long Nineteenth Century; Modern,GER,yes,no
0072,Arthur Schnitzler – Chronik. Eine digitale Ressource zu den einzelnen Tagen seines Lebens,https://schnitzler-chronik.acdh.oeaw.ac.at/,,,yes,no,325,yes,yes,yes,Long Nineteenth Century; Modern,GER,yes,no
0073,Arthur Schnitzler digital. Digitale historisch-kritische Edition (Werke 1905 bis 1931),https://www.arthur-schnitzler.de/,"Hg. v. Wolfgang Lukas, Michael Scheffel, Andrew Webber und Judith Beniston in Zusammenarbeit mit Thomas Burch. Wuppertal, Cambridge, Trier 2018–.",2018,no,yes,,,,,,,,
0074,Arthur Schnitzler: Archiv der Zeitungsausschnitte,https://schnitzler-zeitungen.acdh.oeaw.ac.at/,,,yes,no,330,partly,no,yes,Long Nineteenth Century; Modern,GER,yes,no
0075,Arthur Schnitzler: Lektüren. Digitale Edition der Leseliste von Arthur Schnitzler,https://schnitzler-lektueren.acdh.oeaw.ac.at/,"Hg. von Achim Aurnhammer. Wien: Österreichische Akademie der Wissenschaften, Freiburg: Arthur Schnitzler Archiv, 2022.",2022,yes,yes,328,yes,yes,yes,Long Nineteenth Century; Modern,GER,no,no
0076,Arthur Schnitzler: Mikroverfilmung des Cambridger Nachlasses,https://schnitzler-mikrofilme.acdh.oeaw.ac.at/,,,yes,no,346,no,no,yes,Long Nineteenth Century; Modern,GER,yes,no
0077,Arthur Schnitzler: Tagebuch. Digitale Edition,https://schnitzler-tagebuch.acdh.oeaw.ac.at/,"Aufbereitung der digitalen Version von Peter Michael Braunwarth verantwortet. Wien: Österreichische Akademie der Wissenschaften, 2019.",2019,yes,yes,329,yes,yes,yes,Long Nineteenth Century; Modern,GER,no,no
0078,Arxiu Virtual Jaume I - Documents d'època medieval relatius a la Corona d'Aragó,http://www.jaumeprimer.uji.es/,"Vicent Garcia Edo. Castellón de la Plana (Spain): Universitat Jaume I, 2006.",2006,no,yes,,,,,,,,
0079,ASChart Anglo-Saxon Charters,http://www.aschart.kcl.ac.uk/index.html,,,yes,no,205,yes,no,yes,Antiquity; Middle Ages,ANG,yes,no
0080,Athanasius Kircher an Herzog August den Jüngeren. Lateinische Briefe der Jahre 1650-1666,http://diglib.hab.de/edoc/ed000005/start.htm,"Hg. von Thomas Stäcker. Wolfenbüttel: Herzog-August-Bibliothek, 2003.",2003,no,yes,,,,,,,,
0081,Auden Musulin Papers: A Digital Edition of W. H. Auden's Letters to Stella Musulin,https://amp.acdh.oeaw.ac.at,"Principal Investigator: Sandra Mayer. Wien: Österreichische Akademie der Wissenschaften, 2021.",2021,yes,yes,338,yes,yes,yes,Modern; Contemporary,ENG; GER,yes,no
0082,Aufenthaltsorte von Arthur Schnitzler (1879–1931),https://schnitzler-orte.acdh.oeaw.ac.at/,,,yes,no,327,yes,yes,yes,Long Nineteenth Century; Modern,GER,yes,no
0083,August Wilhelm Ifflands dramaturgisches und administratives Archiv,https://iffland.bbaw.de/index.xql,"Hg. v. Klaus Gerlach. Berlin: Berlin-Brandenburgische Akademie der Wissenschaften, 2017.",2017,no,yes,,,,,,,,
0084,Balassi Bálint összes verse (hálózati kritikai kiadás: version 1.0 and 2.0),http://magyar-irodalom.elte.hu/gepesk/bbom/itart.htm,,,yes,no,291,no,no,yes,Early Modern,HUN; LAT; TUR,yes,no
0085,Balassi Bálint összes verse hálózati kritikai kiadás,http://magyar-irodalom.elte.hu/gepesk/bbom/cimlap.htm,"Szerkesztette Horváth Iván és Tóth Tünde. Budapest: Gépeskönyv, 1998; ver. 1.0. 1999; ver.1.1. 2002; ver. 2.0.",1998,no,yes,,,,,,,,
0086,Balkan Slavic Digital Editions,https://www.punco.slavistik.lmu.de/,"Projektleitung: Ivan Šimko. Zürich: Institute of Slavic Studies of the University of Zurich, München: Ludwig-Maxmilians-Universität München, 2024.",2024,no,yes,,,,,,,,
0087,"Bartholomeus Engelsman, Van den Proprieteyten der Dinghen",http://bartholomeusengelsman.huygens.knaw.nl/path/,"Orlanda Lie et al. The Hague: Huygens Instituut, 2009.",2009,no,yes,,,,,,,,
0088,Bases Textuelles de l'Atelier Vincent de Beauvais,http://atilf.atilf.fr/bichard/,"Isabelle Draelants. Nancy: analyse et traitement informatique de la langue Française (atilf), 2004-2014.",2004,no,yes,,,,,,,,
0089,Bayeux-Tapestry Digital Edition,https://www.sd-editions.com/bayeux/online/,"CD-Ausgabe von Martin K. Foys. Woodbridge: Scholarly Digital Editions, 2002; ISBN 978-0953961047.",2002,no,yes,,,,,,,,
0090,Becerro Galicano de San Millán de la Cogolla,http://www.ehu.es/galicano/,"Directed by Francesca Tinti and Juan José Larrea, developed by David Peterson, based on transcriotions by García Andreva. Bilbao: University of the Basque Country, 2013.",2013,no,yes,,,,,,,,
0091,Becerro Galicano of San Millán de la Cogolla,http://www.ehu.es/galicano/?l=en,,,yes,no,14,yes,yes,yes,Middle Ages,LAT,not provided,http://ride.i-d-e.de/issues/issue-2/becerro-galicano/
0092,"Beecher-Stowe, Harriet: Uncle Tom’s Cabin and American Culture",https://utc.iath.virginia.edu,"Directed by Stephen Railton. Charlottesville (VA): University of Virginia, 1998-2009.",1998,no,yes,,,,,,,,
0093,Beethoven-Haus Bonn - Digitales Archiv,https://www.beethoven.de/de/archive,"Hg. vom Beethoven-Haus Bonn, 2004-.",2004,no,yes,,,,,,,,
0094,Beethovens Werkstatt,http://beethovens-werkstatt.de/,,,yes,no,258,yes,yes,yes,Early Modern; Long Nineteenth Century,GER,yes,no
0095,Benito Pérez Galdós: Torquemada en la hoguera. On-Line Edition,https://www.dhi.ac.uk/galdos/index.html,"Ed. by Rhian Davies. Sheffield: Galdos Editions Project / University of Sheffield, 2005; ISBN 978- 095426083X.",2005,no,yes,,,,,,,,
0096,Benjamin Disraeli: Alroy,https://romantic-circles.org/editions/alroy/,"Ed. by Sheila A. Spector. A Romantic Circles Electronic Edition. College Park (MD): University of Maryland, 2005.",2005,no,yes,,,,,,,,
0097,Beowulf on Steorarume (Beowulf in Cyberspace),http://www.heorot.dk/,"Edited by Benjamin Slade. [no institutional context given], 2002-.",2002,no,yes,,,,,,,,
0098,"Bérardier de Bataut, Essai sur le récit, Entretiens sur la manière de raconter",http://www.berardier.org/,"Sous la direction de Christof Schöch. Kassel: Universität Kassel, 2010.",2010,yes,yes,9,yes,yes,yes,Early Modern,FRE,no,no
0099,Berichte des Apostolischen Nuntius Cesare Orsenigo aus Deutschland 1930 bis 1939,https://orsenigo-edition.dhi-roma.it/denqOrsenigo/index.php,"Hg. von Thomas Brechenmacher. Rom: Deutsches Historisches Institut in Rom, in Kooperation mit der Kommission für Zeitgeschichte Bonn und dem Archivio Segreto Vaticano, s.a. 2009.",2009,no,yes,,,,,,,,
0100,Bernard Muir's CD-ROM facsimile of Bodleian Library MS Junius 11,http://www.bodleianshop.co.uk/a-digital-facsimile-of-oxford-bodleian-library-ms-junius-11.html,,,yes,no,138,no,no,no,Middle Ages,ANG,not provided,no
0101,Berzsenyi Dániel levelezése,http://deba.unideb.hu/deba/berzsenyi/,,,yes,no,284,yes,no,yes,Long Nineteenth Century,HUN,yes,no
0102,Bess of Hardwick's Letters. The Complete Correspondence c. 1550-1608.,https://www.bessofhardwick.org/home.jsp,"Project lead by Alison Wiggins. Glasgow: University of Glasgow, 2013; Version 1.0; ISBN 978-0-9571022-3-1.",2013,no,yes,,,,,,,,
0103,Biblioteca Digital del Pensamiento Novohispano,http://www.bdpn.unam.mx/,,,yes,no,249,yes,no,no,Early Modern,SPA,yes,no
0104,Bibliotheca Iuris Antiqui (BIA),http://www.ittig.cnr.it,,,yes,no,231,yes,yes,yes,Antiquity,LAT; GRC; ITA; NDS; FRE; SPA; ENG,no,no
0105,Bibliothek der Neologie,http://bdn-edition.de/,"Unter der Leitung von Albrecht Beutel. Münster: Universität Münster, 2016.",2016,no,yes,,,,,,,,
0106,Bichitra: Online Tagore Variorum,http://bichitra.jdvu.ac.in/index.php,"Coordinated by Sukanta Chaudhuri, executed by the School of Cultural Texts and Records. Kolkata: Jadavpur University, 2011-.",2011,no,yes,,,,,,,,
0107,Bliss-Tyler Correspondence,http://www.doaks.org/resources/bliss-tyler-correspondence/,,,yes,no,250,no,no,yes,Long Nineteenth Century; Modern,ENG,yes,no
0108,Blotius Digital: Digitale Edition des Inventars der Wiener Hofbibliothek (1576),https://edition.onb.ac.at/context:blotius,"Hrsg. von Martin Krickl und Katharina Kaska. Wien: Österreichische Nationalbibliothek, 2019-.",2019,no,yes,,,,,,,,
0109,Book of Margery Kempe,http://english.selu.edu/humanitiesonline/kempe/index.php,,,yes,no,103,partly,no,no,Middle Ages,ENM,yes,no
0110,BoschDoc,https://boschdoc.huygens.knaw.nl,"Coordinated by Jos Koldeweij. Nijmegen: Radboud University, 2016.",2016,no,yes,,,,,,,,
0111,Bracton Online. Bracton: De Legibus Et Consuetudinibus Angliæ,http://amesfoundation.law.harvard.edu/Bracton/,Ed. by the Harvard Law School Library. Cambridge (MA): 2003.,2003,no,yes,,,,,,,,
0112,Briefe adeliger Frauen (16.-18. Jh.). Beziehungen und Bezugssysteme,http://www.univie.ac.at/Geschichte/Frauenbriefe/,"Unter der Leitung von Gernot Heiss und Beatrix Bastl. Wien: Institut für Geschichte der Universität Wien, 1999.",1999,no,yes,,,,,,,,
0113,Briefe der Fruchtbringenden Gesellschaft und Beilagen. Die Zeit Fürst Ludwigs von Anhalt-Köthen 1617–1650. 1. Bd.: 1617–1626.,http://diglib.hab.de/edoc/ed000213/start.htm,"Unter Mitarb. v. Dieter Merzbacher hrsg. v. Klaus Conermann. (Die deutsche Akademie des 17. Jahrhunderts: Fruchtbringende Gesellschaft. Reihe I, Abt. A: Köthen, Bd. 1. Wolfenbüttel/ Tübingen 1992.) Wolfenbüttel 2014.",2014,no,yes,,,,,,,,
0114,Briefe und Akten zur Kirchenpolitik Friedrichs des Weisen und Johanns des Beständigen 1513 bis 1532,http://bakfj.saw-leipzig.de,"Geleitet von Armin Kohnle und Manfred Rudersdorf. Leipzig: Sächsische Akademie der Wissenschaften zu Leipzig, 2018.",2018,no,yes,,,,,,,,
0115,Briefe und Texte aus dem Intellektuellen Berlin um 1800,http://www.berliner-intellektuelle.eu/,"Research group led by Anne Baillot. Berlin: Humboldt-Universität, 2012-.",2012,yes,yes,248,yes,yes,yes,Long Nineteenth Century,GER; FRE; LAT,yes,no
0116,Briefe von und an Alexander Rollett 1852-1903,http://gams.uni-graz.at/context:rollett,"Hg. von Hans Gottfried Brücke, Walter Höflechner und Ingrid Maria Wagner. Graz: Zentrum für Informationsamodellierung in den Geisteswissenschaften, 2008.",2008,no,yes,,,,,,,,
0117,Briefportal Leibniz. Ausgewählte Briefe in HTML,https://leibniz-briefportal.adw-goe.de,"Hrsg. nicht namentlich genannt. Göttingen: Göttinger Akademie der Wissenschaften/Niedersächsische Staats- und Universitätsbibliothek Göttingen, 2016.",2016,no,yes,,,,,,,,
0118,Briefverkehr der Stadt St. Gallen 1400–1650. Digitale Missivenedition.,https://missiven.stadtarchiv.ch/index.html,"Hg. v. Stadtarchiv und Vadianischer Sammlung der Ortsbürgergemeinde St. Gallen. St. Gallen: Stadtarchiv und Vadianische Sammlung der Ortsbürgergemeinde St. Gallen, 2024.",2024,no,yes,,,,,,,,
0119,Briefwechsel Sauer-Seuffert,http://sauer-seuffert.onb.ac.at/,"Hg. von Bernhard Fetz, Hans Harald Müller, Desiree Hebenstreit, Marcel Illetschko und Mirko Nottscheid. Wien: Österreichische Nationalbibliothek, 2015.",2015,yes,yes,240,yes,yes,yes,Long Nineteenth Century; Modern,GER,yes,no
0120,Briefwisseling van Constantijn Huygens 1607-1687,https://resources.huygens.knaw.nl/briefwisselingconstantijnhuygens,"Ed. by Ineke Huysman. Amsterdam: Huygens Institute for the History of the Netherlands, 2022.",2022,no,yes,,,,,,,,
0121,Brieven en Correspondenten rond 1900. Digitale editie.,https://brieven-correspondenten-1900.huygens.knaw.nl,"Ed. by Annemarie Kets. Amsterdam: Huygens Instituut voor Nederlandse Geschiedenis (KNAW), 2016.",2016,no,yes,,,,,,,,
0122,British War Poetry in the Age of Romanticism 1793-1815,https://romantic-circles.org/editions/warpoetry/,"Ed. by Orianne Smith. A Romantic Circles Electronic Edition. College Park (MD): University of Maryland, 2004.",2004,no,yes,,,,,,,,
0123,Buddhist Stone Sutras in China,https://www.stonesutras.org,"Geleitet von Lothar Ledderose und Michael Radich. Heidelberg: Heidelberger Akademie der Wissenschaften, 2018-.",2018,no,yes,,,,,,,,
0124,Bullinger Digital,https://www.bullinger-digital.ch,"Geleitet von Martin Volk und Peter Opitz. Zürich: Institut für Computerlinguistik / Institut für Schweizerische Reformationsgeschichte, 2022-.",2022,yes,yes,349,yes,yes,yes,Early Modern,GER;LAT,yes,no
0125,C. F. Meyer: Digitale Briefedition,https://cfmeyer-briefwechsel.org/,"Hg. von Wolfgang Lukas und Stephan Landshuter. Wuppertal: Bergische Universität Wuppertal, 2024.",2024,no,yes,,,,,,,,
0126,"Cædmon's Hymn: A Multi-media Study, Edition and Archive",https://caedmon.seenet.org/,Ed. by Daniel Paul O'Donnell. Cambridge: 2005; ISBN 978-1843840442.,2005,no,yes,,,,,,,,
0127,CALD – Comparing Arabic Legal Documents,https://cald.irht.cnrs.fr/php/login.php,"Directed by Christian Müller, Paris: Institut de recherche et d'histoire des textes (IRHT), 2022-2024.",2022,no,yes,,,,,,,,
0128,Callimachus: Aetia,https://web.archive.org/web/20250712185059/http://dcc.dickinson.edu/callimachus-aetia/preface,"Ed. by Susan Stephens, Chris Francese, Meagan Ayer. Carlisle (PA): Dickinson College Commentaries, 2016.",2016,no,yes,,,,,,,,
0129,Callythea,http://www.cn-telma.fr//callythea/index/,"Christophe Cusset, Pascale Linant De Bellefonds et Évelyne Prioux. Paris: Centre national de la recherche scientifique (CNRS), 2012.",2012,no,yes,,,,,,,,
0130,"Calpurnius Siculus, Bucolica",https://ldlt.digitallatin.org/editions/calpurnius_siculus/,"Edited by Cesar Giarratano, 1910. New annotations and encoding by Samuel J. Huskey and Hugh A. Cayless, 2017.",2017,no,yes,,,,,,,,
0131,Candide 2.0,http://candide.nypl.org/text/,,,yes,no,139,no,no,no,Early Modern,FRE,not provided,no
0132,CantApp: The General Prologue. An Edition in an App.,http://www.sd-editions.com/CantApp/GP/,"Edited by Richard North, Barbara Bordalejo, Terry Jones and Peter Robinson. Saskatoon: Scholarly Digital Editions, 2020.",2020,no,yes,,,,,,,,
0133,Cantar de mio Cid,http://www.laits.utexas.edu/cid/index2.php?v=nor,,,yes,no,76,no,no,no,Middle Ages,SPA,yes,no
0134,Cantar de Mio Cid,https://miocid.wlu.edu/?v=nor,"Dir. by Matthew Bailey. Austin: University of Texas, 2002.",2002,no,yes,,,,,,,,
0135,Cantus Network: libri ordinarii of the Salzburg metropolitan province (Beta-Version),https://gams.uni-graz.at/context:cantus/sdef:Context/get?locale=de,"Geleitet von Prof. Dr. Franz Praßl und PD Dr. Robert Klugseder. Wien/Graz: Österreichische Akademie der Wissenschaften / Universitöt Graz, 2017-.",2017,no,yes,,,,,,,,
0136,Carl Friedrich Gauß Letters,http://gauss.adw-goe.de/,"Menso Folkerts. Göttingen: Akademie der Wissenschaften, s.a. [evtl. 2016].",2016,no,yes,,,,,,,,
0137,"Carl Louis Bargheer: Fiedellieder *plus* , Eine digitale Edition",https://bargheer.edirom.de,"Verantwortlich sind Kostadin Delinikolov, Andreas Fukerider, Joachim Iffland, Ran Mo, Stefanie Rauch, Agnes Seipelt und Joachim Veit. Detmold/Paderborn: Musikwissenschaftliches Seminar Detmold/Paderborn / Lippische Landesbibliothek Detmold / Landesarchiv NRW, Abteilung Ostwestfalen-Lippe, 2012.",2012,no,yes,,,,,,,,
0138,Carl Schmitt Tagebücher,https://carlschmitt.bio/,"Hg. von Philip Manow, Florian Meinel und Angela Reinthal. Göttingen: Universität Göttingen, 2022–.",2022,no,yes,,,,,,,,
0139,Carl-Maria-von-Weber-Gesamtausgabe,http://www.weber-gesamtausgabe.de/en/Index,,,yes,no,89,yes,yes,yes,Long Nineteenth Century,GER,yes,no
0140,Carl-Maria-von-Weber-Gesamtausgabe (WeGA) [Digitale Präsentation],http://www.weber-gesamtausgabe.de/de/Index,"Unter der Leitung von Joachim Veit. Detmold: Musikwissenschaftliches Seminar der Hochschule für Musik, 2011-.",2011,no,yes,,,,,,,,
0141,Carolingian Scholarship and Martianus Capella: The Oldest Commentary Tradition,http://martianus.huygensinstituut.nl/path,"Ed. by Mariken Teeuwen et al. Den Haag: Huygens Instituut, 2008.",2008,no,yes,,,,,,,,
0142,Cartago,http://www.cartago.nl,"Directed by Goffe Jensma, Douwe Huizing, Eddy de Jonge and Renée Nip. Assen: Stichting Digitaal Oorkondenboek Groningen Drenthe, 2005-.",2005,no,yes,,,,,,,,
0143,Cartulaires d'Île-de-France,http://elec.enc.sorbonne.fr/cartulaires/,"Directed by Olivier Guyotjeannin. Éditions en ligne de l'École des Chartes, Volume 11. Paris: École nationale des chartes, 2009.",2009,no,yes,,,,,,,,
0144,Catharine Maria Sedgwick Online Letters,https://www.primarysourcecoop.org/cms/,"Ed. by Patricia Kalayjian, Lucinda Damon-Bach and Deborah Gussman. Boston: Massachusetts Historical Society, s.a. [probably 2024].",2024,no,yes,,,,,,,,
0145,Catullus Online,http://www.catullusonline.org/CatullusOnline/index.php,,,yes,no,12,no,no,yes,Antiquity,LAT,not provided,no
0146,Catullus Online - An Online Repertory of Conjectures on Catullus,http://catullusonline.org/,"Ed. by Dániel Kiss. München: Center for Advanced Studies Ludwig-Maximilians-Universität, 2009-2013.",2009,no,yes,,,,,,,,
0147,Caxton's Canterbury Tales: The British Library Copies on CD-ROM,http://www.sd-editions.com/caxtons/index.html,"Ed. by Barbara Bordalejo. Leicester: De Montfort University, 2003:; ISBN 978-1904628028 [individual license] / 978-1904628036 [institutional license]; CD-ROM.",2003,no,yes,,,,,,,,
0148,CHARTA: Corpus Hispánico y Americano en la Red: Textos Antiguos,http://www.corpuscharta.es/consultas.html,"Coordinada por Pedro Sánchez-Prieto Borja. Madrid: Universidad de Alcalá, 2015.",2015,no,yes,,,,,,,,
0149,Chopin's First Editions Online,http://www.cfeo.org.uk/index.html,,,yes,no,106,no,no,no,Long Nineteenth Century,ENG; FRE; GER; POL,not provided,no
0150,Christine de Pizan: The Making of the Queen's Manuscript,http://www.pizan.lib.ed.ac.uk/,,,yes,no,40,yes,no,yes,Middle Ages,FRO,not provided,no
0151,Christoph Heidmanns Oratio de Bibliotheca Julia,http://diglib.hab.de/edoc/ed000084/start.htm,"Hg. von Thomas Stäcker und Christian Heitzmann. Wolfenbüttel: Herzog August Bibliothek, 2013. (Editiones Electronicae Guelferbytanae, 13)",2013,no,yes,,,,,,,,
0152,Chronik Aldersbach: Digitale Edition der Chronik des Klosters Aldersbach,http://gams.uni-graz.at/context:aled,"Hrsg. von PD Dr. Robert Klugseder. Wien/Graz: Österreichische Akademie der Wissenschaften / Zentrum für Informationsmodellierung, 2021.",2021,no,yes,,,,,,,,
0153,Chronik des Gettos Łódź / Litzmannstadt,http://www.getto-chronik.de/de/,,,yes,no,140,no,no,yes,Modern,GER; POL,not provided,no
0154,Chronik des Gettos Lodz / Litzmannstadt. Das letzte Jahr.,https://web.archive.org/web/20181215175000/http://www.ghettochronik.de/de/,"Verantwortet von Sascha Feuchert, Peter Haslinger, Markus Roth und Uwe Wirth. Gießen: Justus-Liebig-Universität, 2009-2011.",2009,no,yes,,,,,,,,
0155,Chroniques latines du Mont Saint-Michel (IXe-XIIe siècle),https://www.unicaen.fr/puc/sources/chroniqueslatines/,"Ed. by Pierre Bouet. Caen: Université de Caen, 2007-2013.",2007,no,yes,,,,,,,,
0156,Civil War Governors of Kentucky - Digital Documentary Edition,http://discovery.civilwargovernors.org/,"Directed by Patrick A. Lewis. Frankfort (KY): Kentucky Historical Society, 2016.",2016,no,yes,,,,,,,,
0157,Clara Katharina Pollaczek: Arthur Schnitzler und ich. Digitale Ausgabe,https://pollaczek.acdh.oeaw.ac.at/,,,yes,no,326,yes,yes,yes,Long Nineteenth Century; Modern,GER,yes,no
0158,Claudii Claudiani Carmina Latina,http://www.curculio.org/Claudian/index.html,,,yes,no,82,no,no,yes,Antiquity,LAT,not provided,no
0159,Clavius on the Web,http://claviusontheweb.it/,,,yes,no,226,yes,no,no,Early Modern,ITA; LAT,yes,no
0160,Clotel by William Wells Brown,http://www.upress.virginia.edu/content/clotel-william-wells-brown-electronic-scholarly-edition,,,yes,no,141,yes,no,no,Long Nineteenth Century,ENG,not provided,no
0161,Clusius Correspondence: A Digital Edition-in-Progress,http://clusiuscorrespondence.huygens.knaw.nl/,"Project lead by Esther van Gelder. The Hague: Huygens Institute, 2015.",2015,no,yes,,,,,,,,
0162,CMCL - Corpus dei Manoscritti Copti Letterari,http://www.cmcl.it,"Unter der Leitung von Tito Orlandi. Rom/Hamburg: Università di Roma / Hiob Ludolf Zentrum Hamburg, 2003-2004.",2003,no,yes,,,,,,,,
0163,Codex Aitolahti - verkkojulkaisu,https://editiot.finlit.fi/exist/apps/codex-aitolahti/index.html,"Harri Uusitalo. Helsinki: Suomalaisen Kirjallisuuden Seura, 2021.",2021,no,yes,,,,,,,,
0164,Codex Sinaiticus,http://codexsinaiticus.org/en/,"Directed by Ronald Milne and John Tuck. London: British Library, 2007.",2007,yes,yes,10,yes,yes,yes,Antiquity,GRC,not provided,http://ride.i-d-e.de/issues/issue-1/codex-sinaiticus/
0165,Codice diplomatico della Lombardia medievale,http://www.lombardiabeniculturali.it/cdlm/,"A cura di Michele Ansani et al. Pavia: Università di Pavia, 2000-2012.",2000,no,yes,,,,,,,,
0166,Codice Diplomatico della Lombardia Medievale,http://cdlm.unipv.it/,,,yes,no,84,no,no,no,Middle Ages,LAT,partly,no
0167,Códice Mendoza / Codex Mendoza,http://codicemendoza.inah.gob.mx/,"Ed. by Noemí Cadena Corona et al. Mexico City: INAH, 2014.",2014,no,yes,,,,,,,,
0168,Codice Pelavicino,http://pelavicino.labcd.unipi.it/,,,yes,no,212,yes,no,yes,Middle Ages,LAT,yes,no
0169,Codice Pelavicino. Edizione Digitale.,https://www.collane.unito.it/evt/vbd-1.0/,A cura di Enrica Salvatori. 2014.,2014,no,yes,,,,,,,,
0170,Collection of Swiss Law Sources,http://www.ssrq-sds-fds.ch/online/,,,yes,no,203,yes,no,yes,Middle Ages,LAT; GER; FRE; ITA; ROH,no,no
0171,Colonial Despatches - The colonial despatches of Vancouver Island and British Columbia 1846-1871,http://bcgenesis.uvic.ca/,"Directed by John Lutz. Victoria (BC): Humanities Computing and Media Centre / University of Victoria, s.a. [presumably 2008].",2008,no,yes,,,,,,,,
0172,Commentaria in Aristotelem Graeca et Byzantina – Texte,https://cagb-digital.de,"Geleitet von Christian Brockmann. Berlin: Berlin-Brandenburgische Akademie der Wissenschaften, 2014-.",2014,no,yes,,,,,,,,
0173,Comparatio: Des chants liturgiques médiévaux,http://comparatio.irht.cnrs.fr,"Édition par François Bougard. Paris: CNRS, Institut de recherche et d'histoire des textes, 2016.",2016,no,yes,,,,,,,,
0174,"Comparing Marks: A Versioning Edition of Virginia Woolf's ""The Mark on the Wall""",https://www.scholarlyediting.org/2014/editions/intro.markonthewall.html,"Ed. by Emily McGinn, Amy Leggette, Matthew Hannah, and Paul Bellew. Eugene: University of Oregon, 2014.",2014,no,yes,,,,,,,,
0175,"Con2: An Edition of The Anglo-Saxon Chronicles, 924-983",http://web.archive.org/web/20080209001636/http://www.slu.edu/departments/english/chron/index.html,"Craig Branham. Saint Louis (MO): Saint Louis University, 1996.",1996,no,yes,,,,,,,,
0176,Conclusiones CM,http://www.stg.brown.edu/projects/pico/about.php,,,yes,no,113,partly,no,no,Middle Ages,LAT,not provided,no
0177,Constitutiones et acta publica imperatorum et regum 1357–1378 [Urkunden Kaiser Karls IV. 1357–1378],http://telota.bbaw.de/constitutiones/,"Unter der Leitung von Michael Menzel. Berlin: Berlin-Brandenburgische Akademie der Wissenschaften, 2012.",2012,no,yes,,,,,,,,
0178,Controversia et Confessio: Quellenedition zur Bekenntnisbildung und Konfessionalisierung (1548-1580),www.controversia-et-confessio.de/cc-digital/digitale-edition.html,"Hg. von Irene Dingel. Mainz/Wolfenbüttel: Leibniz-Instituts für Europäische Geschichte / Johannes Gutenberg-Universität / Herzog August Bibliothek, 2012-.",2012,no,yes,,,,,,,,
0179,CoReMA: Cooking Recipes of the Middle Ages,https://gams.uni-graz.at/context:corema,"Hrsg. von Helmut W. Klug. Graz: Zentrum für Informationsmodellierung, 2020-.",2020,no,yes,,,,,,,,
0180,Corpus Augustinianum Gissense a Cornelio Mayer editum,https://cag-online.net/,"Hg. von Cornelius Mayer. Basel: Schwabe, 1996; ISBN 978-3796509894.",1996,no,yes,,,,,,,,
0181,Corpus Coranicum – Textdokumentation und historisch-kritischer Kommentar zum Koran,https://corpuscoranicum.de,"Geleitet von Prof. Dr. Angelika Neuwirth. Berlin: Berlin-Brandenburgische Akedamie der Wissenschaften, 2007-.",2007,no,yes,,,,,,,,
0182,Corpus der hethitischen Festrituale (HFR),https://www.hethport.uni-wuerzburg.de/txhet_festrit/textindex.php?g=festrit&l=x,"Projektleitung: Daniel Schwemer und Elisabeth Rieken. Würzburg: Julius-Maximilians-Universität Würzburg, 2021.",2021,no,yes,,,,,,,,
0183,Corpus Juris Canonici (1582),http://digidev.library.ucla.edu/canonlaw/,"Ed. by Henry Ansgar Kelly and Howard Batchelor. Los Angeles (CA): University of California / Los Angeles Library, 2006.",2006,no,yes,,,,,,,,
0184,Corpus Monodicum - Die einstimmige Musik des lateinischen Mittelalters,https://corpus-monodicum.de/,"Projektleitung: Andreas Haug (bis 2024), Frank Puppe und Konstantin Voigt (seit 2025). Mainz: Akademie der Wissenschaften und der Literatur Mainz, Würzburg: Julius-Maximilians-Universität Würzburg, 2021-2026.",2021,no,yes,,,,,,,,
0185,Corpus of Ioannes Dantiscus' Texts & Correspondence,http://dantiscus.al.uw.edu.pl/,,,yes,no,200,yes,no,yes,Early Modern,LAT; GER; SPA; POL; ITA; FRE; BEL; CZE,partly,no
0186,Corpus of the Inscriptions of Campā (CIC),http://isaw.nyu.edu/publications/inscriptions/campa/,"Publication of the École française d'Extrême-Orient (EFEO), realized in collaboration with the Institute for the Study of the Ancient World (New York University), 2012.",2012,yes,yes,41,yes,yes,yes,Middle Ages,SAN; VIE,not provided,no
0187,Corpus Rhythmorum Musicum (SAEC. IV-IX) I - Songs from non-liturgical sources,http://www.corimu.unisi.it/,"Digital edition coordinated by Francesco Stella, musical edition by Sam Berrett. Siena: Università degli studi di Siena ad Arezzo, 2009.",2009,yes,yes,38,no,no,yes,Antiquity; Middle Ages,LAT,not provided,no
0188,Corpus Thomisticum,http://www.corpusthomisticum.org/,"Hg. von Enrique Alarcón. Pamplona: Universidad de Navarra, 2000-.",2000,no,yes,,,,,,,,
0189,Correspondance Barbeyrac (1702-1743),http://lumieres.unil.ch/projets/barbeyrac,"Ed. by Béla Kapossy, Béatrice Lovis, Petter Korkman, Taina Pierrier, Meri Päivärinne et. al. Lausanne/Helsinki: Lumières.Lausanne/University of Helsinki, 2017.",2017,no,yes,,,,,,,,
0190,Correspondance complète et autres écrits de Guy Patin,https://www.biusante.parisdescartes.fr/patin/,"Édités par Loïc Capron. Paris: BIU Santé, 2019.",2019,no,yes,,,,,,,,
0191,Correspondance d'Isabelle de Charrière,https://charriere.huygens.knaw.nl,"Ed. by Suzan van Dijk and Madeleine van Strien-Chardonneau. Amsterdam: Huygens ING, 2019.",2019,no,yes,,,,,,,,
0192,Correspondance de Pierre Bayle,http://bayle-correspondance.univ-st-etienne.fr/?lang=fr,,,yes,no,6,yes,no,yes,Early Modern,FRE,not provided,no
0193,Correspondance Mirabeau - Sacconay (1731-1784),http://lumieres.unil.ch/projets/,"Directed by Béla Kapossy, editorial work by Sarah Meylan and Sabine Pellaux. Lausanne: Université de Lausanne, 2013.",2013,no,yes,,,,,,,,
0194,Correspondances égyptologiques. Lettres d’Auguste Mariette,https://thlebee.github.io/CoEg/,Éditées par Th. Lebée. 2020-.,2020,no,yes,,,,,,,,
0195,Correspondence between Henri Fantin-Latour and Otto Scholderer (1858-1902),http://quellen-perspectivia.net/en/fantin-scholderer/start,"Ed. by Mathilde Arnoux, Thomas W. Gaehtgens and Anne Tempelaere-Panzani. Paris: Centre Allemand d'histoire de l'art, 2014.",2014,no,yes,,,,,,,,
0196,Correspondence de Pierre Bayle,http://bayle-correspondance.univ-st-etienne.fr/,"Sous la direction scientifique d’Antony McKenna et de Fabienne Vial-Bonacci. St. Etienne: Université St. Etienne, 2011-.",2011,no,yes,,,,,,,,
0197,Correspondence of James K. Polk Digital Edition,https://rotunda.upress.virginia.edu/founders/POLK.html,"Ed. by Michael David Cohen et al. Charlottesville: University of Virginia Press, Rotunda, 2021.",2021,no,yes,,,,,,,,
0198,Cozroh-Codex (BayHStA HL Freising 3a) - Digitale Edition,https://www.bayerische-landesbibliothek-online.de/cozroh,"Von Adelheid Krah. München: Bayerische Landesbibliothek online, 2010.",2010,no,yes,,,,,,,,
0199,Cretan Institutional Inscriptions,https://web.archive.org/web/20220617053038/https://ilc4clarin.ilc.cnr.it/cretaninscriptions/en/,"Ed. by Irene Vagionakis. Venice: Ca' Foscari University of Venice, 2016-2019.",2016,no,yes,,,,,,,,
0200,Csokonai Vitéz Mihály összes művei,http://deba.unideb.hu/deba/csokonai_muvei/,,,yes,no,281,yes,no,yes,Long Nineteenth Century,HUN; LAT; DEU,yes,no
0201,CTP2 - Canterbury Tales - Textual Communities Edition,https://textualcommunities.org/app/community/?id=5aaa517f8d92a41bfffafacc&route=view&document=5d4448772335e070c676ef97&page=5d444867d8f0ec0000133e93,"Ed. by Peter Robinson. Saskatoon: University of Saskatchewan, 2018-.",2018,no,yes,,,,,,,,
0202,Cultiver dans l'Antiquité,https://agriculture-antiquite.huma-num.fr/,,,yes,no,353,yes,yes,yes,Antiquity [700 BC - 500 AD],FRE; ENG,partly,_No response_
0203,Cursus. An Online Resource of Medieval Liturgical Texts,http://www.cursus.org.uk,"Ed. by David Chadd, James Cummings and Richard Lewis. Norwich: University of East Anglia, 2006.",2006,no,yes,,,,,,,,
0204,D. Iunii Iuvenalis Saturae,http://www.curculio.org/Juvenal/index.html,,,yes,no,83,no,no,yes,Antiquity,LAT,not provided,no
0205,D'Alembert en toutes lettres,http://dalembert.academie-sciences.fr/Correspondance,"Edition réalisée par Alexandre Guilbaud et Irène Passeron avec la collaboration de Vincent Barrellon, Marie-Laure Massot et François Prin. Paris: Institut de France / Académie des sciences, 2013-.",2013,no,yes,,,,,,,,
0206,Dagboek Willem de Clercq 1811-1844,https://resources.huygens.knaw.nl/dagboekdeclercq,"Ed. by Ineke Huysman and Ton van Kalmthout. Amsterdam: Huygens Institute for the History of the Netherlands, 2016.",2016,no,yes,,,,,,,,
0207,Dāmos Database of Mycenaean at Oslo,https://www2.hf.uio.no/damos/,,,yes,no,237,no,no,yes,Antiquity,GMY,yes,no
0208,Dante Alighieri: Commedia - A Digital Edition,https://dantecommedia.it/,"Ed by Prue Shaw. Birmingham: Scholarly Digital Editions, 2010. Saskatoon/Firenze: Inkless Editions / Fondazione Ezio Franceschini, 2021.",2010,no,yes,,,,,,,,
0209,Dante Online,http://www.danteonline.it/italiano/home_ita.asp,,,yes,no,42,no,no,yes,Middle Ages,ITA,not provided,no
0210,Dante: Monarchia,https://www.danteonline.it/monarchia/,"Ed. by Prue Shaw. Birmingham: Scholarly Digital Editions, 2006; ISBN 978-1904628088; DVD-ROM.",2006,no,yes,,,,,,,,
0211,Dante's Commedia,http://sd-editions.com/AnaAdditional/commediaonline/home.html,,,yes,no,201,yes,no,yes,Middle Ages,ITA,yes,no
0212,Darwin Correspondence Project,http://www.darwinproject.ac.uk/,"Directed by James A. Second. Cambridge: University of Cambridge, 2016-.",2016,yes,yes,43,partly,no,yes,Long Nineteenth Century,ENG,not provided,no
0213,Darwin Online: Online Variorum of Darwin’s Origin of Species,http://darwin-online.org.uk/Variorum/,,,yes,no,236,yes,no,yes,Long Nineteenth Century,ENG,yes,no
0214,Das «Maltechnik-Notizbuch» von Hans Emmenegger – Eine digitale Edition,https://www.arthistoricum.net/themen/editionen/emmenegger,"Hrsg. von Karoline Beltinger und SIK-ISEA (Zürich). Heidelberg: arthistoricum.net, 2022.",2022,no,yes,,,,,,,,
0215,Das Brixener Dommesnerbuch,https://homepage.uni-graz.at/de/andrea.hofmeister/forschung/editionsprojekt-die-schriften-des-brixner-dommesners-veit-feichter/brixner-dommesnerbuch/,"Die Schriften des Brixner Dommesners Veit Feichter (ca. 1510-1560). Bd 1: Das Brixner Dommesnerbuch. Mit elektronischer Rohtextversion und digitalem Vollfaksimile auf CD-ROM. Im Auftrag der Stadt Brixen hrsg. von Andrea Hofmeister-Winter. Innsbruck: Institut für Deutsche Sprache, Literatur und Literaturkritik, 2001. (= Innsbrucker Beiträge zur Kulturwissenschaft. Germanistische Reihe. 63.) ISBN: 978-3-901064-26-5.",2001,no,yes,,,,,,,,
0216,Das Bücherinventar der Elisabeth von Calenberg: Edition und Anmerkungen.,http://diglib.hab.de/edoc/ed000082/start.htm,"Hrsg. von Eva Schlotheuber und Gabriele Haug-Moritz unter Mitarb. von Anna Durwen, Eva Glaser und Stephanie Moisi. Wolfenbüttel: Herzog August Bibliothek, 2011.",2011,no,yes,,,,,,,,
0217,Das Duisburger Stadtrecht von 1518 – Elektronische Edition,http://www.rmnet.uni-trier.de/cgi-bin/RMnetIndex.tcl?hea=qf&for=qfley1518,"Hg. von Prof. Dr. Arend Mihm. Duisburg: Universität Duisburg-Essen/Stadtarchiv Duisburg, 2004.",2004,no,yes,,,,,,,,
0218,Das Große Tucherbuch,https://www.nuernberg.de/internet/stadtarchiv/publikationen_einzeln_tucherbuch.html,Hg. vom Haus der Bayerischen Geschichte und dem Stadtarchiv Nürnberg. Augsburg/Nürnberg: 2004; ISBN 978-3927233935; CD-ROM.,2004,no,yes,,,,,,,,
0219,Das Kirchenbuch zu Gröben von 1578-1769,http://kirchenbuch-groeben.de/,"Hg. vom Gemeindekirchenrat Gröben. Ludwigsfelde: Gemeindekirchenrat Gröben, 2009.",2009,no,yes,,,,,,,,
0220,"Das Kloster-Tagebuch des Einsiedler Paters Joseph Dietrich, 1670-1704 - Kommentierte Online-Edition",http://www.dietrich-edition.unibe.ch/,"Geleitet von Christian Rohr und Gabriela Schwarz-Zanetti. Bern: Historisches Institut der Universität Bern, 2018-.",2018,no,yes,,,,,,,,
0221,Das Nachlassinventar Erzherzog Ferdinands II. (1529 – 1595) von 1596,https://repository.khm.at/viewer/Nachlassinventar/Ferdinand/1596/,"Ed. Elisabeth Reitter, Wien: KHM-Museumsverband, Schloss Ambras Innsbruck, 2024.",2024,no,yes,,,,,,,,
0222,Das virtuelle Hamburgische Urkundenbuch,http://www.spaetmittelalter.uni-hamburg.de/hamburgisches_ub/,"Hg. von Jürgen Sarnowsky. Hamburg: Universität Hamburg, 2001-.",2001,no,yes,,,,,,,,
0223,Das virtuelle Preußische Urkundenbuch,http://www.spaetmittelalter.uni-hamburg.de/Urkundenbuch/,"Hg. von Jürgen Sarnowsky. Hamburg: Universität Hamburg, 1999-.",1999,no,yes,,,,,,,,
0224,DASI: Digital Archive for the Study of Pre-Islamic Arabian Inscriptions,http://dasi.humnet.unipi.it/,,,yes,no,142,yes,no,yes,Antiquity,ARA,not provided,no
0225,Dasypodius' Dictionarium Latinogermanicum,http://diglib.hab.de/edoc/ed000008/start.htm,"Transcribed and edited by Jonathan West. Wolfenbüttel: Herzog August Bibliothek, 2007.",2007,no,yes,,,,,,,,
0226,Dat Nuwe Boych - Das neue Buch,http://www.neuesbuch.uni-trier.de/,"Monika Hanauska. Trier: Trier Center for Digital Humanities, s.a. [wohl 2012].",2012,no,yes,,,,,,,,
0227,"Datini, Lettere",http://datini.archiviodistato.prato.it/la-ricerca/le-edizioni-delle-lettere#n,,,yes,no,143,partly,no,yes,Middle Ages,ITA,not provided,no
0228,davidhume.org,http://www.davidhume.org,"Created by Amyas Merivale and Peter Millican. Oxford: University of Oxford, s.a. [ca. 2011].",2011,no,yes,,,,,,,,
0229,De filosoof en de filoloog: De correspondentie tussen G. J. P. J. Bolland en P. J. Cosijn (1879-1899),https://correspondentie-bolland-en-cosijn.huygens.knaw.nl,"Ed. by Thijs Porck. Leiden: Universiteit Leiden, 2019.",2019,no,yes,,,,,,,,
0230,de Heresi: Documents of the Early Medieval Inquisition,http://medieval-inquisition.huma-num.fr/,"By Jean-Paul Rehr. Lyon: CIHAM / CNRS, 2018.",2018,no,yes,,,,,,,,
0231,De Trein der Traagheid,http://edities.kantl.be/daisne/,"Hg. von Edward Vanhoutte et al. Gent: Centrum voor Teksteditie en Bronnenstudie, 2012.",2012,yes,yes,44,yes,yes,yes,Modern,DUT,yes,no
0232,Dead Sea Scrolls,http://dss.collections.imj.org.il/,,,yes,no,66,no,no,yes,Antiquity,HEB,not provided,no
0233,Decameron Ipertestuale,http://www.rose.uzh.ch/static/decameron/index3.htm,,,yes,no,118,no,no,yes,Middle Ages,ITA,not provided,no
0234,Decameron Web,http://www.brown.edu/Departments/Italian_Studies/dweb/index.php,,,yes,no,114,yes,no,yes,Middle Ages,ITA,not provided,no
0235,Decameron Web,https://www.brown.edu/Departments/Italian_Studies/dweb/,"Ed. by Michael Papio and Massimo Riva. Providence (RI): Brown University, 1994-.",1994,no,yes,,,,,,,,
0236,Dehmel digital,https://dehmel-digital.de/,"Hg. v. Julia Nantke unter Mitarbeit von Sandra Bläß und Marie Flüh. Hamburg: Universität Hamburg, 2020-.",2020,no,yes,,,,,,,,
0237,Der Bibliothekskatalog der Paderborner Kapuziner von 1761,https://kapuziner1761.dennisfriedl.de,"Dennis Friedl. Paderborn: Universität Paderborn, 2022.",2022,no,yes,,,,,,,,
0238,Der Botaniker Carl Haussknecht - Reisen im Osmanischen Reich und Persien des 19. Jahrhunderts,https://haussknecht.editionenportal.de/das-projekt,"Frank Hellwig (Gesamtprojektleiter). Jena: Friedrich-Schiller Universität Jena, 2018-.",2018,no,yes,,,,,,,,
0239,Der Codex Laureshamensis,https://bibliotheca-laureshamensis-digital.de,"Kein namentlich genannter Herausgeber. Heidelberg: Universitätsbibliothek Heidelberg, s.a. [wohl 2015].",2015,no,yes,,,,,,,,
0240,Der Deutsche Ptolemaeus - Eine digitale Edition,http://echo.mpiwg-berlin.mpg.de/MPIWG:X3Y43643,"Ed. von Günther Görz, Josef Schneeberger. Erlangen: Friedrich-Alexander-Universität Erlangen-Nürnberg, 2008.",2008,no,yes,,,,,,,,
0241,Der Erste Weltkrieg in Selbstzeugnissen. Auszüge aus Beständen der Sammlung Frauennachlässe – 1914-1918/19,https://salon21.univie.ac.at/?cat=20,"Konzept und Gestaltung: Li Gerhalter und Christa Hämmerle. Wien: Sammlung Frauennachlässe am Institut für Geschichte der Universität Wien, 2014-2019.",2014,no,yes,,,,,,,,
0242,Der junge Goethe in seiner Zeit,http://www.jgoethe.uni-muenchen.de/,"Hg. von Karl Eibl, Fotis Jannidis und Marianne Willems. Frankfurt a.M.: Suhrkamp, 1998; ISBN 978-3458169148; 2 Bände + 1 CD-ROM.",1998,no,yes,,,,,,,,
0243,Der pädagogische Korrespondenznachlass von Wilhelm Rein von 1869 bis 1929,https://editionen.bbf.dipf.de/exist/apps/briefedition-wilhelm-rein/index.html,"Katja Grundig de Vazquez, Sabine Reh, Frankfurt a.M.: Bibliothek für Bildungsgeschichtliche Forschung des DIPF, 2022.",2022,no,yes,,,,,,,,
0244,DER STURM. Digitale Quellenedition zur Geschichte der internationalen Avantgarde,https://sturm-edition.de,"Herausgegeben von Marjam Trautmann und Torsten Schrade. Mainz: Akademie der Wissenschaften und der Literatur, 2018.",2018,yes,yes,290,yes,yes,yes,Long Nineteenth Century; Modern,GER,yes,no
0245,Der Zürcher Sommer 1968: Die digitale Edition,http://www.cosmov.uzh.ch/edition68.html,"Unter der Leitung von Joachim Scharloth und Angelika Linke. Zürich: Universität Zürich, 2008.",2008,no,yes,,,,,,,,
0246,Deutsches Textarchiv (DTA),http://www.deutschestextarchiv.de/,,,yes,no,228,yes,yes,yes,Long Nineteenth Century,GER,yes,no
0247,Deux visages de L'Astrée,https://astree.tufts.edu,,,yes,no,300,no,no,yes,Early Modern,FRE,yes,no
0248,Deux visages de L'Astrée: Première édition critique de L'Astrée d'Honoré d'Urfé,https://astree.tufts.edu/_analyse/accueil.html,"Ed. by Eglal Henein. Medford (MA): Tufts University, 2007-2019.",2007,no,yes,,,,,,,,
0249,"Devon and Exeter Oath Rolls, 1723",http://www.foda.org.uk/oaths/intro/introduction1.htm,"Ed. by Simon Dixon. Exeter: Friends of Devon's Archives, 2007.",2007,no,yes,,,,,,,,
0250,Diary of Robert Graves 1935-39 and ancillary material,http://graves.uvic.ca/,"Compiled by Beryl Graves, Chris Petter and Linda Roberts. Victoria (BC): University of Victoria Libraries, 2002-2003.",2002,no,yes,,,,,,,,
0251,Dickinson Electronic Archives,http://www.emilydickinson.org,"Ed. by Martha Nell Smith, Lara Vetter et al. Charlottesville (VA): Institute for Advanced Technology in the Humanities, 1994-. Dickinson Electronic Archives 2, 2012.",1994,no,yes,,,,,,,,
0252,Die Augsburger Baumeisterbücher: Digitale Edition der mittelalterlichen Stadtrechnungen von 1320 bis 1466,https://www.augsburger-baumeisterbuecher.de/,"Hrsg. von Jörg Rogge. Mainz: Johannes Gutenberg-Universität, 2017-.",2017,no,yes,,,,,,,,
0253,Die Ausgabenbücher der Kaufmannsfamilie Spängler von 1733 bis 1785,https://www.spaengler-haushaltsbuecher.at,"Herausgegeben von Reinhold Reith und Georg Stöger unter Mitarbeit von Luisa Pichler-Baumgartner, Maria Johanna Falkner und Katharina Scharf. Salzburg: Universität Salzburg, 2020.",2020,no,yes,,,,,,,,
0254,Die autobiographischen Aufzeichnungen Hermann Weinsbergs,http://www.weinsberg.uni-bonn.de/,"Unter der Leitung von Manfred Groten. Bonn: Universität Bonn, 2002-2009.",2002,no,yes,,,,,,,,
0255,Die Briefwechsel der Mathematiker Bernoulli,http://www.ub.unibas.ch/bernoulli/index.php/Hauptseite,,,yes,no,21,no,no,yes,Early Modern,LAT,not provided,no
0256,Die Briefwechsel der Mathematiker Bernoulli,http://www.ub.unibas.ch/bernoulli/index.php/Briefe_im_Volltext,"Hg. von Fritz Nagel und Sulamith Gehr. Basel: Euler-Bernoulli-Zentrum / Universitätsbibliothek Basel, 2011-.",2011,no,yes,,,,,,,,
0257,Die DDR im Blick der Stasi. Die geheimen Berichte an die SED-Führung,http://www.ddr-im-blick.de/,"Verschiedene Bearbeiter. Berlin: Behörde des Bundesbeauftragten für die Unterlagen des Staatssicherheitsdienstes der ehemaligen Deutschen Demokratischen Republik, 2013ff.",2013,no,yes,,,,,,,,
0258,Die Glossen Ekkeharts IV. im Codex Sangallensis 621,http://orosius.monumenta.ch/,"Bearbeitet von Heidi Eisenhut. Thalwil: Monumenta Informatik, 2007-2010.",2007,yes,yes,23,partly,no,yes,Middle Ages,LAT,not provided,no
0259,Die Heidelberger Bilderhandschrift des Sachsenspiegels,https://web.archive.org/web/20070609201827/http://www.winter-verlag-hd.de/programm/ucw/Rechtswissenschaft/body_rechtswissenschaft.html,"Hg. von Dietlinde Munzel-Everling, Dietlinde et al. Heidelberg: Winter, 2003; ISBN 978-3825308480; CD-ROM mit Begleitbuch.",2003,no,yes,,,,,,,,
0260,"Die Helvetische Strassenenquête. Eine zentrale Quelle für Verkehrsgeschichte. Quellen, Transkriptionen, Kommentare, interaktive Karten",http://www.strassenenquete.ch,"Holenstein, André; Schiedt, Hans-Ulrich (Hg.). Bern: Historisches Institut der Universität Bern, Abteilung für Schweizer Geschichte, 2019.",2019,no,yes,,,,,,,,
0261,Die Ingelheimer Haderbücher,https://www.haderbuecher.de/,"Hrsg. von Dr. Werner Marzi und Dr. Kai-Michael Sprenger. Mainz: Instituts für Geschichtliche Landeskunde an der Universität Mainz e. V., 2015-.",2015,no,yes,,,,,,,,
0262,Die internationale Geschäftskorrespondenz von L. Kniffler & Co. (1859-1876),https://kniffler.ub.rub.de/exist/apps/Kniffler,"Geleitet von Katja Schmidtpott. Bochum: Ruhr-Universität Bochum, 2021.",2022,no,yes,,,,,,,,
0263,Die Kabinettsprotokolle der Bundesregierung,http://www.bundesarchiv.de/cocoon/barch/0000/index.html,"Hg. von verschiedenen Editoren im Auftrag des Bundesarchivs. Koblenz: Bundesarchiv, 2003-.",2003,no,yes,,,,,,,,
0264,Die Korrespondenz von Leo von Thun-Hohenstein,https://thun-korrespondenz.acdh.oeaw.ac.at/,"Geleitet von Brigitte Mazohl. Innsbruck: Institut für Geschichtswissenschaften und Europäische Ethnologie, 2015.",2015,yes,yes,310,yes,yes,yes,Long Nineteenth Century,GER,yes,no
0265,Die Ministerratsprotokolle Österreichs und der österreichisch-ungarischen Monarchie 1848–1918 – Digitale Edition,https://mrp.oeaw.ac.at,"Hg. vom Institut für die Erforschung der Habsburgermonarchie und des Balkanraumes. Wien: Österreichische Akademie der Wissenschaften, 2018-.",2018,yes,yes,343,yes,yes,yes,Long Nineteenth Century,GER,yes,no
0266,Die Predigtmitschriften des Leonhard Millinger,http://diglib.hab.de/edoc/ed000232/start.htm,"Peter Andorfer (Hrsg.). Wolfenbüttel: Herzog August Bibliothek, 2014-2017. (Editiones Electronicae Guelferbytanae 14)",2014,no,yes,,,,,,,,
0267,Die Protokolle des Bayerischen Ministerrats 1945-1962 Online,https://www.bayerischer-ministerrat.de/,Herausgegeben von der Historischen Kommission bei der Bayerischen Akademie der Wissenschaften durch Andreas Wirsching und von der Generaldirektion der Staatlichen Archive Bayerns durch Margit Ksoll-Marcon. München: 2017-.,2017,no,yes,,,,,,,,
0268,Die Relatio Adelberts von Heidenheim und der Text Ilsungs,http://www.forschungsdatenarchiv.escience.uni-tuebingen.de/adlils/,,,yes,no,209,yes,yes,no,Middle Ages,LAT,yes,no
0269,Die Relatio Adelberts von Heidenheim und der Text Ilsungs,https://vergil.uni-tuebingen.de/publikationen/adl_ils_schwaderer/einleitung.html,"Ed. Christian Schwaderer. Tübingen: Universität Tübingen, 2016.",2016,no,yes,,,,,,,,
0270,Die Schatullrechnungen Friedrichs des Großen,https://quellen.perspectivia.net/de/schatullrechnungen/start,"Bearbeitet von Ralf Zimmer. Bonn: perspectivia.net, 2011. Zweite erweiterte Online-Edition, 2018.",2011,no,yes,,,,,,,,
0271,Die Stapfer-Enquête. Edition der Helvetischen Schulumfrage von 1799,http://www.stapferenquete.ch,"Hg. von Schmidt, H.R. / Messerli, A. / Osterwalder, F. / Tröhler, D. Bern: 2015.",2015,no,yes,,,,,,,,
0272,Die Urkunden der Arnulfinger,http://web.archive.org/web/20131004095227/http://www.uni-bonn.de/~uph202/arnulfinger.shtml,"Hg. von Ingrid Heidrich. Bonn: Universität Bonn, 1998-2004.",1998,no,yes,,,,,,,,
0273,Die Urkunden und Akten des Klosters und des Oberamts Königsfelden,https://www.koenigsfelden.uzh.ch,"Herausgegeben von Colette Halter-Pernet, Tobias Hodel und Simon Teuscher. Zürich: Historisches Seminar der Universität Zürich, 2022.",2022,yes,yes,336,yes,yes,yes,Middle Ages,GER,yes,no
0274,Die Weltbeschreibung des Leonhard Millinger,http://diglib.hab.de/edoc/ed000223/start.htm,"Hg. von Peter Andorfer. Wolfenbüttel: Herzog August Bibliothek, 2013. (Editiones Electronicae Guelferbytanae 12)",2013,no,yes,,,,,,,,
0275,Digenis Akritis: Greek and Slavic,http://digenis.obdurodon.org,"Ed. by Robert Romanchuk and Thuy-Linh Pham. Maintained by Robert Romanchuk and David J. Birnbaum. Tallahassee (FL)/Pittsburgh (PA): Florida State University / University of Pittsburgh, 2017.",2017,no,yes,,,,,,,,
0276,digi Florimont - archive numérique du 'Roman de Florimont' d'Aimon de Varennes,http://digiflorimont.huma-num.fr/flsite/florimont.html#,"Projet DigiFlor. Grenoble: Université de Grenoble Alpes, 2017-2019.",2017,no,yes,,,,,,,,
0277,Digitaal Oorkondenboek van Noord-Brabant,http://www.donb.nl/,"Uitgegeven door Geertrui Van Synghel. Den Haag: Huygens ING, 2010-.",2010,no,yes,,,,,,,,
0278,Digital Athenaeus,http://digitalathenaeus.org/,,,yes,no,244,yes,yes,no,Antiquity,GRC,partly,no
0279,"Digital Day Thoughts: A comparative encoding of the quarto and octavo editions of *The Relief; or, Day Thoughts: a Poem* (1754) by Henry Jones.",http://www.scholarsgrotto.com/collections.php,"Ed. by Daniel J. Johnson. s.l.: Scholars’ Grotto, 2014.",2014,no,yes,,,,,,,,
0280,Digital Dinah Craik,http://tapasproject.org/node/443,"Dir. by Karen Bourrier. Calgary (AB): University of Calgary, 2016-.",2016,no,yes,,,,,,,,
0281,Digital Donne: The Online *Variorum*,http://digitaldonne.tamu.edu/index.html,"Kelley Bradley, Meredith Burns, Cristina Cedillo, et.al. College Station (TX): Texas A&M University / Center of Digital Humanities Research (CoDHR), 2005-.",2005,no,yes,,,,,,,,
0282,Digital Edition of Fernando Pessoa. Projects and Publications,http://www.pessoadigital.pt,"Ed. by Pedro Sepúlveda and Ulrike Henny-Krahmer. Lisbon/Cologne: IELT, New University of Lisbon / CCeH, University of Cologne, 2017.",2017,no,yes,,,,,,,,
0283,Digital Edition of the Coptic Old Testament,https://coptot.manuscriptroom.com/biblical-books,"Project Coordinator: Frank Feder. Göttingen: Göttingen Academy of Sciences and Humanities in Lower Saxony, s.a. [probably 2025].",2025,no,yes,,,,,,,,
0284,Digital Edition of the Greek Papyrus P. Torino Cat. 2147,https://chiarasenatore.github.io/Papiro/,"Ed. by Chiara Senatore. Rome: Sapienza University in Rome, Turin: University of Turin, Museo Egizio in Turin, 2025.",2025,no,yes,,,,,,,,
0285,Digital edition of the Old Church Slavonic Codex Suprasliensis,http://suprasliensis.obdurodon.org/,Maintained by David J. Birnbaum. s.l.: 2011-2013.,2011,yes,yes,13,no,no,yes,Middle Ages,CHU,yes,no
0286,Digital Mishnah,http://www.digitalmishnah.org/,,,yes,no,64,yes,no,no,Antiquity,HEB,yes,no
0287,Digital Mishnah,http://www.digitalmishnah.umd.edu/,"Developed by Hayim Lapin, with Travis Brown and Trevor Muñoz. College Park (MD): Maryland Institute for Technology and the Humanities (MITH), 2012-2013.",2012,no,yes,,,,,,,,
0288,Digital Mishnah Project,https://editions.erabbinica.org/exist/apps/mishnah/$app/index.html,"Edited by Hayim Lapin. College Park (MD): Maryland Institute for Technology and the Humanities (MITH), 2018.",2018,no,yes,,,,,,,,
0289,Digital Mitford: The Mary Russell Mitford Archive,https://digitalmitford.org/index.html,"Maintained by Elisa E. Beshero-Bondar. Greensburg (PA): Mary Russell Mitford Society, 2013-.",2013,no,yes,,,,,,,,
0290,Digital Nestle-Aland,http://nestlealand.uni-muenster.de/,,,yes,no,73,yes,no,yes,Antiquity,GRC (NT),not provided,no
0291,Digital Nestle-Aland Prototype (Greek New Testament),https://web.archive.org/web/20250522170337/http://nestlealand.uni-muenster.de/,Published by the Institute for New Testament Textual Research of University of Münster in collaboration with Scholarly Digital Editions and the Deutsche Bibelgesellschaft. Münster / Birmingham / Stuttgart: 2003-2010.,2003,no,yes,,,,,,,,
0292,"Digital Paxton: Digital Collection, Critical Edition, and Teaching Platform",http://digitalpaxton.org/,"Ed. by Will Fenton. Philadelphia: Historical Society of Pennsylvania, 2016.",2016,no,yes,,,,,,,,
0293,Digital Renaissance Editions,https://digitalrenaissance.uvic.ca,"Brett Greatley-Hirsch (Coordinating Editor). Victoria: University of Victoria, 2015.",2015,no,yes,,,,,,,,
0294,Digital Scholarly Edition of Habsburg-Ottoman Diplomatic Sources 1500–1918,https://qhod.net/,"Geleitet von Arno Strohmeyer. Wien/Salzburg: Österreichische Akademie der Wissenschaften / Universität Salzburg, 2020.",2020,yes,yes,344,yes,yes,yes,Early Modern;Long Nineteenth Century,GER; LAT; OTA,yes,no
0295,Digital Schomburg Editions: African American Women Writers of the 19th century,http://digital.nypl.org/schomburg/writers_aa19/,"Managed by Howard Dodson. New York: The Digital Schomburg (The New York Public Library), 1998-1999.",1998,yes,yes,215,yes,no,yes,Long Nineteenth Century,ENG,no,no
0296,Digital Shikshapatri,http://www.shikshapatri.org.uk/,,,yes,no,144,no,no,yes,Long Nineteenth Century,SAN,not provided,no
0297,Digital Statius: The Achilleid,https://achilleid.unige.ch/welcome,"Ed. by Damien Nelis, Valéry Berlincourt, Lavinia Galli Milić, and Jean-Philippe Goldman. Geneva: University of Geneva, 2019.",2019,no,yes,,,,,,,,
0298,Digital Thoreau,http://digitalthoreau.org,"Directed by Paul Schacht. State University of New York at Geneseo, Thoreau Society, Walden Woods Project, s.a. [probably 2014].",2014,no,yes,,,,,,,,
0299,Digital Variants:,http://www.digitalvariants.org,"Hg. von Domenico Fiormonte et al. Edinburgh / Rom: University of Edinburgh / University of Roma Tre, 1996-.",1996,no,yes,,,,,,,,
0300,Digitale Briefausgabe Ernst Kantorowicz,https://data.mgh.de/databases/eka/public/bin/search_mask.html,"Andreas Öffner und Martina Hartmann (Projektleitung). München: Monumenta Germaniae Historiae, 2024.",2024,no,yes,,,,,,,,
0301,Digitale Edition der Briefe Erdmuthe Benignas von Reuß-Ebersdorf (1670-1732),http://erdmuthe.thulb.uni-jena.de,"Herausgegeben von Martin Prell und Julia Schmidt-Funke. Jena: Thüringische Landesbibliothek, 2017.",2017,yes,yes,253,yes,yes,yes,Early Modern,GER,yes,no
0302,Digitale Edition der Handschrift Cod. Guelf. 64 Weiss.,http://diglib.hab.de/edoc/ed000006/startx.htm,"Bearbeitet von Torsten Schaßan, Stefanie Gehrke und Fabian Schwabe. Wolfenbüttel: Herzog-August-Bibliothek, 2007-2010.",2007,yes,yes,1,partly,no,yes,Middle Ages,LAT,yes,no
0303,Digitale Edition der Korrespondenz August Wilhelm Schlegels,http://august-wilhelm-schlegel.de/,"Unter der Leitung von Jochen Strobel, bearbeitet von Claudia Bamberg u.a. Trier: Kompetenzzentrum für elektronische Erschließungs- und Publikationsverfahren in den Geisteswissenschaften, 2014-2021.",2014,no,yes,,,,,,,,
0304,Digitale Edition der Korrespondenzen von Hans Georg und Hermann Nägeli,https://naegeli-briefe.ch,"Ed. by Daniela Kohler, Elias Kreyenbühl, Jesko Reiling. Zürich: Zentralbibliothek Zürich, 2026.",2026,yes,yes,357,yes,yes,yes,Long Nineteenth Century,GER,no,no
0305,Digitale Edition der Missa in E-Dur von Simon Sechter,https://web.archive.org/web/20230610165617/http://www.digital-musicology.at/de-at/edi_sechter.html,"Geleitet von Robert Klugseder, Peter Provaznik. Wien: Institut für Musikwissenschaft der Universität Wien, 2015.",2015,no,yes,,,,,,,,
0306,Digitale Edition des steirisch-landesfürstlichen Marchfutterurbars von 1414/1426,http://mfu.landesarchiv.steiermark.at/,"Bearb. von Matthias P. Perstling. Graz: Karl-Franzens-Universität / Historische Fachinformatik und Dokumentation, 2012.",2012,no,yes,,,,,,,,
0307,Digitale Edition und Kommentierung der Tagebücher des Fürsten Christian II. von Anhalt-Bernburg,http://diglib.hab.de/wdb.php?dir=edoc/ed000228&lang=en,,,yes,no,208,yes,yes,yes,Early Modern,GER,yes,no
0308,Digitale Edition und Kommentierung der Tagebücher des Fürsten Christian II. von Anhalt-Bernburg (1599–1656),http://www.tagebuch-christian-ii-anhalt.de/,"Bearbeitet von Arndt Schreiber, Alexander Zirr, Andreas Herz und Antoine Odier. Unter weiterer Mitarbeit von Maximilian Görmar, Anna-Maria Blank und Maximilian Blatt. Technische Umsetzung von Marcus Baumgarten und Maximilian Görmar. Wolfenbüttel: Herzog August Bibliothek, 2013-.",2013,no,yes,,,,,,,,
0309,Digitale Gesamtausgabe Jeremias Gotthelf,https://gotthelf-digital.ch/,"Hg. von Patricia Zihlmann und Christian von Zimmermann. Bern: Universität Bern, 2025.",2025,no,yes,,,,,,,,
0310,Digitale Marburger Büchner Ausgabe – Georg Büchner Portal,http://buechnerportal.de/,"Projektleitung: Roland Borgards, Burghard Dedner und Thomas Burch. Frankfurt am Main: Goethe Universität Frankfurt am Main, Marburg: Philipps Universität Marburg, Trier: Universität Trier, 2018–2024.",2018,no,yes,,,,,,,,
0311,Digitales Archiv zum Rostocker Liederbuch (DARL),http://www.rostocker-liederbuch.de,"Geleitet von Prof. Dr. Franz-Josef Holznagel. Rostock: Universität Rostock / Hochschule für Musik und Theater Rostock, 2012-.",2012,no,yes,,,,,,,,
0312,Digitalisierte Edition des Ältesten Appenzeller Landbuchs,http://www.ssrq-sds-fds.ch/teiviewer/,,,yes,no,199,yes,no,yes,Early Modern,GER,partly,no
0313,Diplomatische Dokumente der Schweiz (DodiS),http://www.dodis.ch/,"Hg. von der Forschungsstelle der Diplomatischen Dokumente der Schweiz, Kompetenzzentrum für die Geschichte der schweizerischen Aussenpolitik. Bern: Schweizerische Akademie für Geistes- und Sozialwissenschaften, 1997-.",1997,no,yes,,,,,,,,
0314,Divisiekroniek van Cornelius Aurelius,http://resources.huygens.knaw.nl/divisiekroniek/index_html,"Ed. by A. de Hamer. Amsterdam: Huygens ING, 2011.",2011,no,yes,,,,,,,,
0315,Documenta Nepalica – Editions,https://nepalica.hadw-bw.de/nepal/editions,"Geleitet von Prof. Dr. Axel Michaels. Heidelberg: Heidelberger Akademie der Wissenschaften, 2021-.",2021,no,yes,,,,,,,,
0316,Documents linguistiques galloromans,http://www.rose.uzh.ch/docling/,"Édition électronique dirigée par Martin Glessgen. Zürich: Universität Zürich, 2009; troisième édition 2016.",2009,no,yes,,,,,,,,
0317,Documents on the History of Religion and Law of Pre-modern Nepal,https://abhilekha.adw.uni-heidelberg.de/nepal/editions,"Bernd Schneidmüller, Axel Michaels, Astrid Zotter, Christof Zotter et. al. Heidelberg: Heidelberg Academy of Sciences and Humanities, 2013-2019.",2013,no,yes,,,,,,,,
0318,Dokumente zur liechtensteinischen Geschichte zwischen 1900 und 1930,http://www.e-archiv.li/editionHome.aspx?eid=8,"Bearbeitet von Lukas Ospelt, Stefan Frey und Paul Vogt. Vaduz: Liechtensteinisches Landesarchiv, 2015.",2015,no,yes,,,,,,,,
0319,Dokumente zur liechtensteinischen Geschichte zwischen 1928 und 1950,http://www.e-archiv.li/editionHome.aspx?eid=1,"Bearbeitet von Stefan Frey und Lukas Ospelt. Vaduz: Liechtensteinisches Landesarchiv, 2011.",2011,no,yes,,,,,,,,
0320,Domesday Explorer,http://www.domesdaybook.net,"Ed. by John Palmer et al. Chichester: Phillimore / Arts and Humanities Research Council, 2000; ISBN 978-1860771637; CD-ROM.",2000,yes,yes,105,no,not provided,yes,Middle Ages,LAT,not provided,no
0321,Dorothy Wordsworth’s Lake District,https://romantic-circles.org/editions/DW,"Ed. by Michelle Levy, Nicholas Mason and Paul Westover. A Romantic Circles Electronic Edition. College Park (MD): University of Maryland, 2023.",2023,no,yes,,,,,,,,
0322,DSE: The FEB-Web Scholarly Digital Edition,http://feb-web.ru/indexen.htm,"Unter der Leitung von Konstantin Vigursky. Moskau: Fundamental Digital Library Foundation et al., 2002.",2002,no,yes,,,,,,,,
0323,Durham Liber Vitae,http://web.archive.org/web/20170917142323/http://dlv.org.uk/,"Directed by David Rollason and Harold Short. London: Centre for Computing in the Humanities / King´s College London, 2003-.",2003,no,yes,,,,,,,,
0324,E-Sequence: Audiovisuelle digitale Repräsentation von Sequenzen Notkers des Stammlers († 912) aufgrund ausgewählter Handschriften.,https://www.e-sequence.eu,"Hg. von Stefan Morent. Tübingen: Musikwissenschaftliches Institut der Universität Tübingen, 2013.",2013,no,yes,,,,,,,,
0325,e-sequence: Digital Edition of the Saint Gall corpus of Sequences by Notker Balbulus,http://www.e-sequence.eu/en/,,,yes,no,95,no,no,yes,Middle Ages,LAT,not provided,no
0326,Early English Laws,https://earlyenglishlaws.ac.uk/,"Jane Winters (Principal Investigator). London: University of London, 2009. Relaunch 2019.",2009,no,yes,,,,,,,,
0327,Early Holocaust Testimony: Digital edition,https://early-testimony.ehri-project.eu/,"Directed by Michal Frankl, Magdalena Sedlická, Wolfgang Schellenbacher. Amsterdam: European Holocaust Research Center, 2020.",2020,no,yes,,,,,,,,
0328,Early Irish Glossaries Database,http://www.asnc.cam.ac.uk/irishglossaries/,,,yes,no,34,yes,no,yes,Middle Ages,SGA,yes,no
0329,Early Modern Ottoman Culture of Learning: Popular Learning between Poetic Ambitions and Pragmatic Concerns,https://mecmua.acdh.oeaw.ac.at,"Main Researchers: Gisela Procházka-Eisl and Hülya Çelik. Vienna: University of Vienna, 2015.",2015,no,yes,,,,,,,,
0330,Early Music Theory,https://earlymusictheory.org,Hrsg. von Ronald Woodley. Birmingham: Birmingham City University.,2013,no,yes,,,,,,,,
0331,Early Stuart Libels,http://www.earlystuartlibels.net/htdocs/index.html,Ed. by Alastair Bellany and Andrew McRae. Early Modern Literary Studies Text Series I (2005). purl.oclc.org/emls/texts/libels,2005,yes,yes,45,yes,no,yes,Early Modern,ENG,not provided,no
0332,Editing the Eartha M. M. White Collection,https://unfdhi.org/earthawhite,"Project Coordinator: Clayton McCarl. Florida: University of North Florida (UNF), 2016-.",2016,no,yes,,,,,,,,
0333,Édition critique des carnets de prison et de la correspondance privée d’Henri Delescluze à Belle-Île (1851-1853),http://elec.enc.sorbonne.fr/delescluze/,"Ed. by Christine Nougaret et Florence Clavaud. Paris: École nationale des chartes, 2015.",2015,no,yes,,,,,,,,
0334,Édition critique numérique des Mémoires de Léonard Michon,http://journal-michon.symogih.org/index.html,"Réalisée par Rosemonde Letricot. Lyon: LARHRA, s.a [probably 2015].",2015,no,yes,,,,,,,,
0335,Edition der falschen Kapitularien des Benedictus Levita,http://www.benedictus.mgh.de/,"Unter der Leitung von Gerhard Schmitz. München: Monumenta Germaniae Historica, 1998-.",1998,yes,yes,101,no,no,yes,Middle Ages,LAT,yes,no
0336,Edition der Familienkorrespondenz Ferdinands I.,https://ferdinand-korrespondenz.acdh.oeaw.ac.at,"Geleitet von Christopher F. Laferl. Salzburg: Paris Lodron Universität Salzburg (PLUS), 2022-.",2022,no,yes,,,,,,,,
0337,Edition des Briefwechsels zwischen Eduard Spranger und Käthe Hadlich,https://editionen.bbf.dipf.de/exist/apps/briefedition-spranger-hadlich/index.html,"Hrsg. von Karin Priem und Klaus-Peter Horn. Berlin: Bibliothek für Bildungsgeschichtliche Forschung des DIPF, 2017.",2017,no,yes,,,,,,,,
0338,Édition des journaux d'Alexandre Dumas,http://alexandredumas.org/,,,yes,no,219,no,no,yes,Long Nineteenth Century,FRE,no,no
0339,"Edition des rapports du Militärbefehlshaber Frankreich et des Synthèses des rapports des préfets, 1940-1944 / Edition der Lageberichte des Militärbefehlshabers Frankreich und der Synthesen der Berichte der französischen Präfekten, 1940-1944",https://web.archive.org/web/20121124055526/http://www.ihtp.cnrs.fr/prefets/,"Unter der Leitung von Marc Olivier Baruch und Stefan Martens. Paris: Centre national de la recherche scientifique (CNRS) / Deutsches Historisches Institut Paris (DHIP) / Institut d’Histoire du Temps Présent (IHTP), s.a. [wohl vor 2006].",2006,no,yes,,,,,,,,
0340,Édition des testaments enregistrés au parlement de Paris,http://corpus.enc.sorbonne.fr/testaments/,"Marion Chaigne. Paris: École nationale des chartes, s.a. [probablement 2012].",2012,no,yes,,,,,,,,
0341,Édition digitale et étude de la polémique autour de Góngora,https://web.archive.org/web/20240829092906/http://obvil.sorbonne-universite.fr/corpus/gongora/,"Ed. by Mercedes Blanco. Paris: Sorbonne Université-CLEA, 2014-.",2014,no,yes,,,,,,,,
0342,Édition électronique des chartes de l’abbaye de Saint-Denis,http://saint-denis.enc.sorbonne.fr/,"Hg. von Olivier Guyotjeannin und Gautier Poupeau. Paris: École des chartes, 2004. Neu installiert von Florence Clavaud 2010-.",2010,no,yes,,,,,,,,
0343,Édition électronique des œuvres de Jean-Joseph Rabearivelo,https://rabearivelo.huma-num.fr/exist/apps/jjr/index.html,"Clément Plancq. Paris: CNRS LATTICE, 2020-.",2020,no,yes,,,,,,,,
0344,Édition génétique des Caves du Vatican d'André Gide,https://www.dhi.ac.uk/gide-les-caves-du-vatican/data/sommaire/front.htm,"Pascal Mercier, Alain Goulet et al. (éds). Paris: Gallimard, 2001; sans ISBN.",2001,no,yes,,,,,,,,
0345,edition humboldt digital,https://edition-humboldt.de/,"Hg. von Ottmar Ette. Berlin: Berlin-Brandenburgische Akademie der Wissenschaften, 2001-.",2001,yes,yes,251,yes,yes,yes,Early Modern; Long Nineteenth Century,GER; FRE; ENG,yes,10.18716/ride.a.13.4
0346,Edition Ludwig Gumplowicz,http://gams.uni-graz.at/context:lge,"Hg. von Gerald Angermann-Mozetič. Graz: Archiv für die Geschichte der Soziologie in Österreich, 2010.",2010,no,yes,,,,,,,,
0347,Édition numérique des Actes des églises réformées de Bourgogne au XVIIe siècle.,http://synodes-protestants.symogih.org/index.html,"Edited by Yves Krumenacker. Lyon: LARHRA, s.a. [probably 2018].",2018,no,yes,,,,,,,,
0348,Éditions en ligne de l'École des chartes (ELEC): Chroniques latines de Saint-Denis,http://elec.enc.sorbonne.fr/chroniqueslatines/,"Hg. von Pascale Bourgain und Nicolas Legrand. Paris: École des chartes, 2006-.",2006,no,yes,,,,,,,,
0349,Éditions en ligne de l'École des chartes (ELEC): L'édit de Nantes et ses antécédents (1562-1598),http://elec.enc.sorbonne.fr/editsdepacification/,"Hg. von Bernard Barbiche und Gautier Poupeau. Paris: École des chartes, 2004-.",2004,no,yes,,,,,,,,
0350,Éditions en ligne de l'École des chartes (ELEC): L’Obituaire du Saint-Mont (1406),http://elec.enc.sorbonne.fr/obituairestmont/,"Hg. von Marie-José Gasse-Grandjea. Paris: École des chartes, 2004-.",2004,no,yes,,,,,,,,
0351,Éditions en ligne de l'École des chartes (ELEC): Le formulaire d'Odart Morchesne d'après la version du ms BnF fr. 5024,http://elec.enc.sorbonne.fr/morchesne/,"Hg. von Olivier Guyotjeannin, Serge Lusignan und Gautier Poupeau. Paris: École des chartes, 2004-.",2004,no,yes,,,,,,,,
0352,Editions of the Registers of the counts of Holland 1299-1345,http://www.historici.nl/Onderzoek/Projecten/RegistersVanDeHollandseGrafelijkheid1299-1345,,,yes,no,67,no,no,yes,Middle Ages,DUT,not provided,no
0353,Editionsprojekt Karl Gutzkow - Kommentierte digitale Gesamtausgabe,https://www.gutzkow.de/content/index.html,"Hg. von Martina Lauster, Gert Vonhoff et al. Exeter: University of Exeter, Erste Ausgabe 2000-2004, Relaunch 2022-2024.",2000,no,yes,,,,,,,,
0354,Edizione Critica Ipertestuale dello Zibaldone Laurenziano (Pluteo XXIX.8) autografo di Giovanni Boccaccio,http://rmcisadu.let.uniroma1.it/boccaccio/,A cura di Raul Mordenti. Roma: 1996-2004.,1996,yes,yes,131,yes,no,yes,Middle Ages,LAT,not provided,no
0355,Edizione digitale dei documenti dell'abbazia di S. Maria della Grotta di Vitulano (BN). 1200-1250,https://www.monasterium.net/mom/SMG1200-1250/collection,"Von Antonella Ambrosio, Giovanni Araldi, Maria Rosaria Falcone, Paola Massa, Vera Isabell Schwarz-Ricci, Maria Elisabetta Vendemia, Georg Vogeler. Neapel: Dipartimento di Studi Umanistici, 2018.",2018,no,yes,,,,,,,,
0356,Edizione digitale dell'Epistolario di Alcide De Gasperi,https://www.epistolariodegasperi.it/#/,"Ed. by Giuseppe Tognon. Trento: Fondazione Trentina A. De Gasperi, 2019.",2019,no,yes,,,,,,,,
0357,Edizione Digitale di FGrHist 104 [Aristodemo],http://pietroliuzzo.github.io/Aristodemo/,Ed. di Pietro Maria Liuzzo. S.l.: 2016.,2016,no,yes,,,,,,,,
0358,Edizione digitale Lettere di Bellini,https://licodemo.ilc.cnr.it/demo/bellini/build/,"Transcription by Graziella Seminara. Encoding by Angelo Mario Del Grosso, Erica Capizzi, Daria Spampinato, Santa Pellino. Catania: Fondazione Bellini, 2021-.",2021,no,yes,,,,,,,,
0359,Edward Ellerker Williams: Sporting Sketches during a Short Stay in Hindustane (1814),https://romantic-circles.org/editions/sketches/index.html,"Ed. by Tilar Mazzeo. A Romantic Circles Electronic Edition. College Park (MD): University of Maryland, 2002.",2002,no,yes,,,,,,,,
0360,Effectus amoris,http://magyar-irodalom.elte.hu/effectus/,"Tóth Tünde, Szegedi Béla. Budapest: Gépeskönyv, 1998-1999.",1998,yes,yes,277,no,no,yes,Early Modern,HUN; LAT,yes,no
0361,Ein Sermon von Ablass und Gnade: a digital edition,https://editions.mml.ox.ac.uk/editions/ablassgnade6/,"Transcribed by Christiane Rehagen, encoded by Emma Huber. Oxford: Taylor Institution Library, 2018.",2018,no,yes,,,,,,,,
0362,Einstein Archives Online,http://www.alberteinstein.info/,,,yes,no,211,no,no,yes,Modern,ENG; GER; FRE; ITA; LAT; HEB; ARA; JPN; HUN; NNO,not provided,no
0363,El Cancionero digital de Gómez Manrique (páginas 11-44),http://www.realbiblioteca.es/gomez_manrique/cancionero.html,,,yes,no,204,not provided,no,yes,Middle Ages,SPA,not provided,no
0364,Electronic Beowulf 4.0,http://ebeowulf.uky.edu/,"Ed. by Kevin Kiernan with Andrew Prescott. London: British Library, 2000; ISBN 978-0712304948 / 978-0472002603; 2 CD-ROMs. Electronic Beowulf 2.0. London: British Library, 2003; ISBN 978-0712343220. Electronic Beowulf 3.0. London: British Library, 2011; ISBN 978-0712351010; DVD-ROM. Electronic Beowulf 4.1. London: British Library, 2019.",2000,yes,yes,145,no,no,yes,Middle Ages,ANG,not provided,no
0365,Electronic Boethius - Alfred the Great's Old English 'Consolation Book',http://web.archive.org/web/20120226222144/http://beowulf.engl.uky.edu/~kiernan/eBoethius/inlad.htm,"Ed. by Kevin Kiernan. Lexington (KY): University of Kentucky, 2002-2006.",2002,no,yes,,,,,,,,
0366,Electronic Boethius CDROM,http://beowulf.engl.uky.edu/~kiernan/eBoethius/inlad.htm,,,yes,no,70,no,no,no,Middle Ages; Early Modern,ENM,not provided,no
0367,Electronic Variorum Edition of the Quixote,http://www.csdl.tamu.edu:8080/veri/index-en.html,,,yes,no,37,no,no,no,Early Modern,SPA,not provided,no
0368,Electronic Variorum Edition of the Quixote (EVE-DQ),http://cervantes.tamu.edu/V2/CPI/index.html,"Directed by Eduardo Urbina. College Station (TX): Texas A&M University, 1998-.",1998,no,yes,,,,,,,,
0369,"Eleventh-Century Anglo-Saxon Glossary From Ms. Brussels, Royal Library 1650: An Edition and Source Study",http://web.archive.org/web/20060828032335/http://www.wmich.edu/medieval/research/rawl/glossary/,"David W. Porter. Baton Rouge (LA): Southern University, 1995/1996.",1995,no,yes,,,,,,,,
0370,Elisabeth Charlotte (Liselotte) von der Pfalz - Digitale Edition der Heidelberger Briefe,https://digi.ub.uni-heidelberg.de/lld/index.html,"Hrsg. von Universitätsbibliothek Heidelberg. Heidelberg: Universitätsbibliothek, 2023.",2023,no,yes,,,,,,,,
0371,Elizabeth Montagu Correspondence Online,http://emco.swansea.ac.uk/edition/introduction/,"Ed. by Professor Michael Franklin. Swansea: Swansea University, 2020.",2020,no,yes,,,,,,,,
0372,EMA - Erich Mendelsohn Archiv - Der Briefwechsel von Erich und Luise Mendelsohn 1910-1953,http://ema.smb.museum/de/,"Unter der Leitung von Moritz Wullen und Thomas Gaehtgens. Berlin: Kunstbibliothek der Staatlichen Museen Berlin, 2014.",2014,no,yes,,,,,,,,
0373,Emily Dickinson's Archive,http://www.edickinson.org/,,,yes,no,146,yes,no,no,Long Nineteenth Century,ENG,not provided,no
0374,Emily Dickinson's Correspondences,http://rotunda.upress.virginia.edu/edc/,"Ed. Martha Nell Smith and Lara Vetter, with Ellen Louise Hart as consulting editor. Charlottesville: University of Virginia Press, 2008.",2008,yes,yes,147,yes,no,yes,Long Nineteenth Century,ENG,not provided,no
0375,"eMunch - Edvard Munchs Tekster, Digitalt Arkiv",http://www.emunch.no/,"Ed. by Mai Britt Guleng and Hilde Bøe. Oslo: Munch Museum, 2011.",2011,no,yes,,,,,,,,
0376,En el ojo del huracán. Cartas de ultramar a España 1823,http://www.cartas-de-ultramar.net/,,,yes,no,261,yes,yes,yes,Long Nineteenth Century,SPA; CAT,yes,no
0377,Encoding and Representing Repetition in Lyn Hejinian's My Life,https://www.scholarlyediting.org/2015/editions/intro.hejinian.html,"Ed. by Daniel Carter. Austin: University of Texas at Austin, 2015.",2015,no,yes,,,,,,,,
0378,"Engelbert Kaempfer: Amoenitatum Exoticarum Politico-Physico-Medicarum Fasciculi V. Lemgo 1712. Edition, Übersetzung und Kommentar.",http://diglib.hab.de/edoc/ed000081/startx.htm,Hg. von Detlef Haberland und Karl August Neuhausen. Bonn/Wolfenbüttel: 2010ff.,2010,no,yes,,,,,,,,
0379,Enquêtes menées sous les derniers capétiens,https://telma.irht.cnrs.fr/outils/enquetes/index/,"Éds. Elisabeth Lalou, Christophe Jacobs. Paris: Centre de ressources numériques TELMA, 2007. (Ædilis, Publications scientifiques, 4). [En ligne]",2007,no,yes,,,,,,,,
0380,Eötvös József: A falu jegyzóje,http://magyar-irodalom.elte.hu/totnes/eotvos/,,,yes,no,268,no,no,yes,Long Nineteenth Century,HUN,yes,no
0381,EPICAT - Cartes familiars de Catalunya (segles XVI - XIX),https://epicat.uab.cat/,"Dir. by Javier Antón Pelayo. Barcelona: Universitat Autònoma de Barcelona, 2021-.",2021,no,yes,,,,,,,,
0382,epidat ─ Forschungsplattform für jüdische Grabsteinepigraphik,http://www.steinheim-institut.de/cgi-bin/epidat?lang=de,"Hg. von Thomas Kollatz. Essen: Salomon Ludwig Steinheim-Institut, 2006-.",2006,no,yes,,,,,,,,
0383,Epigraphische Sammlung der Universität Graz,http://gams.uni-graz.at/context:epsg,"Geleitet von Peter Mauritsch. Graz: Institut für Alte Geschichte und Altertumskunde, Karl-Franzens-Universität Graz, 2016-.",2016,no,yes,,,,,,,,
0384,ePistolarium: Circulation of Knowledge and Learned Practices in the 17th-century Dutch Republic,http://ckcc.huygens.knaw.nl/epistolarium/,"Ed. by Wijnand Mijnhardt, Frans Blom, Erik-Jan Bos, Martin Bossenbroek, Bas Doppen et. al. Den Haag: 2013.",2013,no,yes,,,,,,,,
0385,Erasmus Darwin. The Temple of Nature (1803),https://romantic-circles.org/editions/darwin_temple/,"Ed. by Martin Priestman. A Romantic Circles Electronic Edition. College Park (MD): University of Maryland, 2006.",2006,no,yes,,,,,,,,
0386,Érdy-kódex,http://sermones.elte.hu/erdy/,,,yes,no,278,no,no,yes,Middle Ages; Early Modern,HUN; LAT,yes,no
0387,Erek - digital,https://digi.ub.uni-heidelberg.de/erd/index.html,"Hrsg. v. Joan Dalmases Paredes. Heidelberg: Universität Heidelberg, 2023-.",2023,no,yes,,,,,,,,
0388,Erich Mühsam - Tagebücher,http://muehsam-tagebuch.de,Hg. von Chris Hirte und Conrad Piens. s.l.: wohl 2011.,2011,no,yes,,,,,,,,
0389,Ernst Toller - Digitale Briefedition,http://www.tolleredition.de/,"Hrsg. von Stefan Neuhaus u.a. Koblenz: Universität Koblenz, 2017.",2017,no,yes,,,,,,,,
0390,Estoria de Espanna Digital,http://estoria.bham.ac.uk/,,,yes,no,271,yes,no,yes,Middle Ages,SPA,yes,no
0391,Estoria de Espanna Digital,https://blog.bham.ac.uk/estoriadigital/,"Ed. Aengus Ward. Birmingham: University of Birmingham, 2016.",2016,no,yes,,,,,,,,
0392,Eugenio Pacelli - Kritische Online-Edition der Nuntiaturberichte von 1917-1929,https://www.pacelli-edition.de/,"Hg. von Hubert Wolf et al. Münster: Westfälische Wilhelms-Universität Münster, 2010.",2010,no,yes,,,,,,,,
0393,Euripides Scholia,http://euripidesscholia.org,"Created by Donald J. Mastronarde. Berkeley (CA): University of California Berkeley, 2010; Beta Version 1. 2020; Version 1.",2010,yes,yes,17,yes,no,yes,Antiquity; Middle Ages,GRC,partly,no
0394,EvQ,https://erquran.org,"Ed. by Shady Hekmat Nasser. Cambridge: Harvard University, 2023.",2023,no,yes,,,,,,,,
0395,Excerpts from the Chronicle of Matthew of Edessa,http://byzantini.st/ChronicleME/,,,yes,no,206,yes,no,yes,Middle Ages,ARM,yes,no
0396,Exile Letters. Korrespondenzen jüdischer Familien zwischen Emigration und Deportation,https://exileletters.de/index.html,"Hg. von Rita Schlautmann-Overmeyer und Simon Dreher. Münster: Universität Münster, Institut für vergleichende Städtegeschichte, 2024.",2024,no,yes,,,,,,,,
0397,Exploring Digital Mary Magdalene,https://maria-magdalena.ub.uni-freiburg.de/,"Dir. by Racha Kirakosian. Boston/Freiburg: Harvard University / Albert-Ludwigs-University, 2021-.",2021,no,yes,,,,,,,,
0398,Expositiones in Psalmos,https://psalmcatenae.acdh-dev.oeaw.ac.at/html/index.html,"Uta Heil et. al. Vienna: Austrian Academy of Sciences, s.a. [probably 2021].",2021,no,yes,,,,,,,,
0399,"Fables: Ancient and Modern. Adapted for the Use of Chilrden by William Godwin, Esq.",https://romantic-circles.org/editions/fables,"Ed. by Suzanne L. Barnett and Katherine Bennett Gustafson. A Romantic Circles Electronic Edition. College Park (MD): University of Maryland, 2014.",2014,no,yes,,,,,,,,
0400,Familiensache? Die Korrespondenz der Kaiserin Eleonora Magdalena (1655–1720),https://kaiserin-eleonora.oeaw.ac.at/,,,yes,no,345,yes,yes,yes,Early Modern,GER,yes,no
0401,Fanchali Jób-kódex,http://www.tankonyvtar.hu/hu/tartalom/tkt/fanchali-job-kodex/adatok.html,,,yes,no,267,yes,no,no,Early Modern,HUN; LAT; SLK,yes,no
0402,Faust Edition,http://beta.faustedition.net/,,,yes,no,216,yes,yes,yes,Early Modern; Long Nineteenth Century,GER,yes,no
0403,Faustedition / Johann Wolfgang Goethe: Faust. Historisch-kritische Edition,http://faustedition.net/,"Herausgegeben von Anne Bohnenkamp-Renken, Silke Henke und Fotis Jannidis. Frankfurt am Main: Freies Deutsches Hochstift, 2018.",2018,no,yes,,,,,,,,
0404,Fausto: uma existência digital,https://web.archive.org/web/20251112104607/http://www.faustodigital.com/,"Dirigida por Jerónimo Pizarro e Carlos Pittella-Leite, com Filipa de Freitas, Patricio Ferrari, Nicolás Barbosa e José Camões. Lisboa/Bogotá: Centro de Estudos de Teatro / Cátedra de Estudios Portugueses Fernando Pessoa, 2016.",2016,no,yes,,,,,,,,
0405,Feldpost - II. Weltkrieg,https://briefsammlung.de/feldpost-zweiter-weltkrieg/,Hg. von der Museumsstiftung Post und Telekommunikation. Berlin: 2009.,2009,no,yes,,,,,,,,
0406,Felicia Dorothea Hemans: The Sceptic. A Hemans-Byron Dialogue (1820),https://romantic-circles.org/editions/sceptic/,"Ed. by Nanora Sweet and Barbara Taylor. A Romantic Circles Electronic Edition. College Park (MD): University of Maryland, 2004.",2004,no,yes,,,,,,,,
0407,Ferdinand Ebner: Gesammelte Werke. Online Edition.,http://wfe.sbg.ac.at/exist/apps/Frontpage/index.html,"Herausgegeben von Richard Hörmann. Salzburg: Universität Salzburg, 2014.",2014,no,yes,,,,,,,,
0408,Ferdinand Gregorovius Poesie und Wissenschaft - Gesammelte deutsche und italienische Briefe,https://gregorovius-edition.dhi-roma.it,"Hg. von Angela Steinsiek. Rom: Deutsches Historisches Institut Rom, 2017-.",2017,no,yes,,,,,,,,
0409,Ferdinand Tönnies-Briefedition | FTBE,https://www.ftbe.de,"Projektleitung: Thomas Burch, Hans-Georg Soeffner, Uwe Dörk, Martin Lätzel. Konstanz: Kommunikations-, Informations-, Medienzentrum (KIM) der Universität Konstanz, 2021-2024.",2024,no,yes,,,,,,,,
0410,Ferruccio Busoni – Briefe und Schriften,https://busoni-nachlass.org/de/Index,"Hg. von Christian Schaper und Ullrich Scheideler. Berlin: Fachbereich Musikwissenschaft der Humboldt-Universität zu Berlin, 2016-.",2016,no,yes,,,,,,,,
0411,Flos - Digital Edition. Leonardo Pisano: Flos super solutionibus quorundam questionum ad numerum et ad geometriam vel ad utrumque pertinentium,https://web.archive.org/web/20220519011710/http://iu.di.unipi.it/flos/,"A cura di Alessandra Giammalva. Pisa: Università di Pisa, 2009.",2009,no,yes,,,,,,,,
0412,Folger Shakespeare Editions,http://www.folgerdigitaltexts.org/,,,yes,no,46,yes,yes,yes,Middle Ages,ENG,not provided,no
0413,Fontes Civitatis Ratisponensis: Das Älteste Bürgeraufnahmebuch der Reichsstadt Regensburg,https://web.archive.org/web/20150923055341/http://bhgw20.kfunigraz.ac.at/bb1.htm,"Bearbeitet von Susanne Kropač nach Vorarbeiten des Projektteams ""Regensburger Bürger/Häuserbuch"". Graz: 1997.",1997,no,yes,,,,,,,,
0414,Fontes Civitatis Ratisponensis: Das Stiftungsbuch des Bruderhauses (Bestand Almosenamt),https://web.archive.org/web/20160609183129/http://bhgw20.kfunigraz.ac.at/editions/ab1488/index.htm,Bearbeitet von Heidrun Boshof. Graz: 2003.,2003,no,yes,,,,,,,,
0415,"Fontes Civitatis Ratisponensis: Die Cameralia des Stadtarchivs Regensburg, Bd. 11: Ausgebbuch, Ausgaben der Stadt Regensburg 1429 - 1435",https://web.archive.org/web/20160609181016/http://bhgw20.kfunigraz.ac.at/editions/c11/index.htm,"Bearbeitet von Matthias P. Perstling. Graz: Karl-Franzens-Universität, 2006.",2006,no,yes,,,,,,,,
0416,Forest Finns' Letters to Gottlund,https://editiot.finlit.fi/exist/apps/gottlund,"Ed. by Maria Niku, Kirsi Keravuori and Marko Myllyaho. Helsinki: Suomalaisen Kirjallisuuden Seura (SKS), 2020.",2020,no,yes,,,,,,,,
0417,Formulae-Litterae-Chartae: Neuedition der frühmittelalterlichen Formulae,https://www.formulae.uni-hamburg.de/edition-und-datenbank.html,"Geleitet von Prof. Dr. Philippe Depreux. Hamburg: Universität Hamburg, 2020-.",2020,no,yes,,,,,,,,
0418,Forschungsdaten Wilhelm Windelband,https://elekpub.bib.uni-wuppertal.de/edition-fgww,"Hg. von Gerald Hartung und Jörn Bohr. Wuppertal: Institut für Grundlagenforschung zur Philosophiegeschichte (IGP), 2022.",2022,no,yes,,,,,,,,
0419,Founders Online,https://founders.archives.gov,"National Historical Publications and Records Commission (NHPRC), in partnership with University of Virginia Press, 2013-.",2013,no,yes,,,,,,,,
0420,"Four Early Chan Texts from Dunhuang – A TEI-based Edition 早期禪宗文獻四部 —— 以TEI標記重訂敦煌寫卷:楞伽師資記,傳法寶紀,修心要論,觀心論",https://zenodo.org/record/1133490#.WuR5t65l_IU,"Ed. by Marcus Bingenheimer 馬德偉, Chang Po-Yung 張伯雍. Taipei: Shin Wen Feng 新文豐, 2018. (Vol. 1: Facsimiles and Diplomatic Transcription 摹寫版 (ISBN: 978-957-17-2274-0), Vol. 2: Parallel, Punctuated and Annotated Edition 對照與點注版 (ISBN: 978-957-17-2275-7), Vol. 3: Calligraphy Practice 抄經版 (ISBN: 978-957-17-2276-4).)",2018,no,yes,,,,,,,,
0421,Francesco Guicciardini: Storia d'Italia,https://guicciardini-storia-italia.huma-num.fr,"Edité par Paola Moreno et Pierre Jodogne. Liège: Liège Université, 2019.",2019,no,yes,,,,,,,,
0422,Franco-Hungarian literary relations in the 20th century/Les relations littéraires entre la France et la Hongrie au XXe siècle,http://frhu20.iti.btk.mta.hu/,"Édité par Anna Tüskés. Institut d’Etudes Littéraires de l'Académie Hongroise des Sciences, 2016-2020.",2016,yes,yes,306,no,no,yes,Modern,FRA; ENG; HUN,yes,no
0423,Frank Wedekinds Korrespondenz digital,https://briefedition.wedekind.h-da.de,"Geleitet von Prof. Dr. Ariane Martin und Prof. Dr. Uta Störl. Mainz/Darmstadt: Editions- und Forschungsstelle Frank Wedekind, 2015-.",2015,no,yes,,,,,,,,
0424,Frankenstein,https://romantic-circles.org/editions/frankenstein/editions.2009.frankenstein,"Ed. by Stuart Curran. A Romantic Circles Electronic Edition. College Park (MD): University of Maryland, 2009.",2009,yes,yes,47,yes,no,yes,Long Nineteenth Century,ENG,not provided,no
0425,Frankenstein Variorum,https://frankensteinvariorum.org,Hrsg. von Elisa Beshero-Bondar and Raffaele Viglianti. Greensburg: University of Pittsburgh Greensburg / Maryland: MITH 2017-.,2017,no,yes,,,,,,,,
0426,"Frankenstein; or, the Modern Prometheus",http://knarf.english.upenn.edu/,,,yes,no,129,no,no,yes,Long Nineteenth Century,ENG,not provided,no
0427,Franz Kafka: Der Process,http://www.textkritik.de/fka/dokumente/process.htm,"Hg. von Roland Reuß in Zusammenarbeit mit Peter Staengle. Basel / Frankfurt a.M.: Stroemfeld, 1997; ISBN 978-3878774945; 12 Hefte + 1 CD-ROM.",1997,no,yes,,,,,,,,
0428,Frederick Douglass Papers - Digital Edition,https://frederickdouglasspapersproject.com/s/digitaledition/page/home,"ed. by John R. McKivigan. Indianapolis (IN): Indiana University, 2016.",2016,no,yes,,,,,,,,
0429,Freischütz Digital,https://edition.freischuetz-digital.de/,"Hrsg. von Joachim Veit, Meinard Müller, Thomas Betzwieser, Gerd Szwillus. Detmold: Musikwissenschaftliches Seminar Detmold/Paderborn, 2015-.",2015,no,yes,,,,,,,,
0430,Friedrich Dürrenmatt: Das Stoffe-Projekt,https://www.fd-stoffe-online.ch/,"Hrsg. von Rudolf Probst und Ulrich Weber. Zürich/Bern: Diogenes Verlag AG / Schweizerisches Literaturarchiv SLA, 2021-.",2021,no,yes,,,,,,,,
0431,"Friedrich Dürrenmatt: Die Physiker. Multimediale Dokumentation zum Text, zur Entstehung und zur Wirkungsgeschichte auf CD-ROM",http://web.archive.org/web/20170201133036/http://www.nb.admin.ch/sla/03131/03132/03574/03655/index.html?lang=en,"Hg. von Rudolf Probst und Beat Zimmerli. Bern: Schweizerisches Literaturarchiv, 2001; ISBN 978-3952237205; CD-ROM.",2001,no,yes,,,,,,,,
0432,From Goslar to Grasmere. William Wordsworth: Electronic Manuscripts,http://collections.wordsworth.org.uk/GtoG/home.asp?page=FrontPage,"Jeff Cowton (Curator), Sally Bushell and Richard Light. Lancaster: Lancaster University, 2008.",2008,no,yes,,,,,,,,
0433,Frühneuzeitliche Geburtsbriefe aus Mainz,https://teaching-dhlab.pages.gitlab.rlp.net/geburtsbriefemainz/home/,"Geleitet von Jaap Geraerts und Monika Barget. Mainz: Leibniz-Institut für Europäische Geschichte (IEG) / Johannes Gutenberg-Universität Mainz, 2021.",2021,no,yes,,,,,,,,
0434,Furnace and Fugue – A Digital Edition of Michael Maier's Atalanta fugiens (1618) with Scholarly Commentary,https://furnaceandfugue.org/,"Ed. by Tara Nummedal and Donna Bilak. Charlottesville: University of Virginia Press, 2020. DOI: https://doi.org/10.26300/bdp.ff.",2020,no,yes,,,,,,,,
0435,Gabriel Harvey's Livy Online,http://abo.annotatedbooksonline.com/#binding-5-1,,,yes,no,148,no,no,yes,Early Modern,ENG,not provided,no
0436,"Galenus' commentary on Hippocrates' ""On the articulations""",http://pom.bbaw.de/cmg/,"Hg. von Christian Brockmann. Berlin: Berlin-Brandenburgische Akademie der Wissenschaften, 2005-2008.",2005,yes,yes,100,no,no,yes,Antiquity,GRC,not provided,no
0437,Galileo Galilei's Notes on Motion,http://www.mpiwg-berlin.mpg.de/Galileo_Prototype/MAIN.HTM,"Hg. von Peter Damerow, Jürgen Renn et al. Berlin / Florenz: Max-Planck-Institut für Wissenschaftsgeschichte / Nationalbibliothek Florenz / Istituto e Museo di Storia della Scienza, 1998-1999.",1998,yes,yes,149,no,no,yes,Early Modern,ITA,not provided,no
0438,Gaul/Raczyński Map,https://atlasfontium.pl/language/en/gaul-raczynski-map,"Ed. by Tomasz Panecki. Warsaw: Polish Academy of Sciences, Institute of History, 2022.",2022,no,yes,,,,,,,,
0439,GeldKunstNetz – Rechnungsbücher der Stettin-Danziger Kaufmannbankiersfamilie Loitz. Kommentierte Online-Edition und Netzwerkanalyse,https://www.geldkunstnetz.gwi.uni-muenchen.de/,"Lipińska, Aleksandra, Schröder-Bornkampf, Bettina, Grulkowski, Marcin, Hristov, Filip, Simonini, Giulia. München: Institut für Kunstgeschichte (Ludwig-Maximilians-Universität München), 2021-.",2021,no,yes,,,,,,,,
0440,Geoffrey Chaucer's Book of the Duchess: a hypertext edition,http://web.archive.org/web/20141204201458/http://www.ucalgary.ca/ucpress/online/pubs/duchess/Websample/titlepge.htm,"Ed. by Murray McGillivray. Calgary (AB): University of Calgary Press, 1997; ISBN 978-1552380369; CD-ROM.",1997,no,yes,,,,,,,,
0441,Geoffrey Chaucer's Book of the Duchess: A Hypertext Edition,http://press.ucalgary.ca/books/9781552380369,,,yes,no,85,yes,no,no,Middle Ages,ENG,not provided,no
0442,Geoffroi Malaterra: *Histoire du Grand Comte Roger et de son frère Robert Guiscard*,https://www.unicaen.fr/puc/sources/malaterra/,"Édité par Marie-Agnès Lucas-Avenel. Caen: Presses universitaires de Caen, 2016.",2016,no,yes,,,,,,,,
0443,Georg Brandes: Digitale Hovedstrømninger,https://www.georgbrandes.dk/,"Lasse Horne Kjældgaard (Projektleder), Jens Bjerring-Hansen (Vice-projektleder) og Jens Bjerring-Hansen (Hovedredaktør). København: Det Danske Sprog- og Litteraturselskab, 2019-.",2019,no,yes,,,,,,,,
0444,Georg Wilhelm Schimper. In Abyssinia. Observations on Tigre.,http://exist.ghil.ac.uk:8079/Schimper/index.html,"Edited by Andreas Gestrich and Dorothea McEwan in collaboration with Stefan Hanß. London: German Historical Institute, 2015.",2015,no,yes,,,,,,,,
0445,"George Etheridge's Encomium on Henry VIII addressed to Elizabeth II, British Library Royal MS 16 C X",http://hellenic-institute.rhul.ac.uk/Research/Etheridge/,,,yes,no,198,yes,no,no,Early Modern,GRC,no,no
0446,Gergei Albert: Árgirus históriája (version 1),http://www.tankonyvtar.hu/en/tartalom/tkt/argirus-historiaja/adatok.html,,,yes,no,272,yes,no,no,Early Modern,HUN; LAT,yes,no
0447,German Heritage in Letters,https://germanletters.org,"Washington DC: German Historical Institute, 2019.",2019,no,yes,,,,,,,,
0448,Gesamtausgabe der Briefe Friedrich Fröbels,https://editionen.bbf.dipf.de/exist/apps/briefedition-friedrich-froebel/index.html,"Hg. von Helmut Heiland. Berlin: Bibliothek für Bildungsgeschichtliche Forschung, 2008.",2008,no,yes,,,,,,,,
0449,GezelleBrOn. Gezelles Brieven Online,https://edities.kantl.be/gezelle/index.htm,"[No responsible editors or project lead mentioned]. Gent: Universiteit Antwerpen/Guido Gezellearchief, Openbare Bibliotheek Brugge/Guido Gezelle Genootschap/KANTL-CTB, 2020–.",2020,no,yes,,,,,,,,
0450,Giovanni Battista Ramusio: Dei viaggi di Messer Marco Polo,http://edizionicafoscari.unive.it/it/edizioni/libri/978-88-6969-00-06/giovanni-battista-ramusio/,"A cura di Samuela Simion e Eugenio Burgio. Edizione critica digitale progettata e coordinata da Eugenio Burgio, Marina Buzzoni e Antonella Ghersetti. Venezia: Università Ca' Foscari, 2015.",2015,no,yes,,,,,,,,
0451,Gli anni della cupola. 1417-1436,http://www.operaduomo.firenze.it/cupola/,"A cura di Margaret Haines. Firenze : Archivio digitale delle fonti dell'Opera di Santa Maria del Fiore, 1994-2004 [project], 2001 [first publication], 2015 [relaunch].",2001,no,yes,,,,,,,,
0452,Glossae in Martianum. Die Glossen zu Martianus Capella im Codex 193 der Kölner Dombibliothek.,http://www.martianus.mueze.lmu.de/index.htm,"Hrsg. von Monika Isépy und Bernd Posselt. München: Münchener Zentrum für Editionswissenschaft, 2010.",2010,no,yes,,,,,,,,
0453,Glossae in Persium - Die Persius-Glossen der sogenannten Tradition B,http://www.persius.mueze.lmu.de/ghtm/gfr.htm,"Hg. von Martin Hellmann, Stefan Ullrich und Claudia Wiener. München: Münchener Zentrum für Editionswissenschaft, 2010-2011.",2010,no,yes,,,,,,,,
0454,Glossae Scripturae Sacrae-electronicae (Gloss-e): Gloses et commentaires de la Bible latine au Moyen Âge,https://gloss-e.irht.cnrs.fr,"Ed. by Martin Morard. Paris: Institut de recherche et d'histoire des textes, 2016.",2016,no,yes,,,,,,,,
0455,Glossae.net,http://www.glossae.net,,,yes,no,48,yes,no,yes,Middle Ages,LAT,not provided,no
0456,GlossViBe,https://gams.uni-graz.at/glossvibe,"Ed. by Berhard Bauer. Graz: Zentrum für Informationsmodellierung, 2023.",2023,no,yes,,,,,,,,
0457,Goetgevonden - De resoluties van de Staten-Generaal,https://goetgevonden.nl/,"Project Leadership: Lex Heerma van Voss and Joris Oddens. Amsterdam: Huygens Institute for Dutch History and Culture, 2019-2024.",2024,no,yes,,,,,,,,
0458,Gottfried Keller: Sämtliche Werke,http://www.gottfriedkeller.ch/hkka/projekt.php,"Unter der Leitung von Walter Morgenthaler. Basel / Frankfurt a.M. / Zürich: Stroemfeld Verlag / Verlag Neue Zürcher Zeitung, 1996-.",1996,no,yes,,,,,,,,
0459,Gottfried Semper. Critical and Commented Edition,https://semper-edition.ch/,"Geleitet von Philip Ursprung, Sonja Hildebrand und Michael Gnehm. Zürich/Mendrisio: ETH Zürich und der USI Mendrisio, 2020.",2020,yes,yes,322,yes,yes,yes,Long Nineteenth Century,GER,yes,no
0460,Gottfried Wilhelm Leibniz: Naturwissenschaftlich- medizinisch-technische Schriften – Reihe VIII der Akademieausgabe,https://www.leibnizedition.de/reihen/reihe-viii/,"Hg. von der Berlin-Brandenburgischen Akademie der Wissenschaften und der Российская Академия Наук; In Zusammenarbeit mit dem Centre National de la Recherche Scientifique, der Gottfried Wilhelm Leibniz Bibliothek Hannover und der Herzog August Bibliothek Wolffenbüttel. Berlin et.al.: BBAW et al., s.a. [before 2007].",2007,no,yes,,,,,,,,
0461,Göttinger Statuten (kundige bok 2),http://kundigebok.stadtarchiv.goettingen.de/kb2Web/html/,,,yes,no,150,yes,no,no,Middle Ages,GMH,not provided,no
0462,Grabbe-Portal,http://www.grabbe-portal.de,"Unter der Leitung von Bernd Füllner, Thomas Burch und Detlev Hellfaier. Detmold / Düsseldorf / Trier: Lippischen Landesbibliothek Detmold / Heinrich-Heine-Institut Düsseldorf / Kompetenzzentrum für elektronische Erschließungs- und Publikationsverfahren in den Geisteswissenschaften, 2011.",2011,no,yes,,,,,,,,
0463,GramsciProject,https://web.archive.org/web/20240406223822/http://www.gramsciproject.org/,"Coordinated by Michele Filippini, Christian Morbidoni, and Eleonora Forenza. Bologna/Rome/Ancona: University of Bologna / Roma Tre University / Marche Polytechnic University, 2022-.",2022,no,yes,,,,,,,,
0464,Grundtvigs Vaerker (The complete works of N.F.S. Grundtvig),http://grundtvigsvaerker.dk,"Centerledere: Katrine Frøkjær Baunvig (2018-), Michael Schelde (2009-2018). Udgaveledere: Johnny Kondrup (2010-2012), Klaus Nielsen (2013-2019), Krista Stinne Greve Rasmussen (2020-). Aarhus: Grundtvig Centeret ved Aarhus Universitet, 2010.",2010,yes,yes,309,yes,partly,yes,Long Nineteenth Century,DAN,no,no
0465,Gyöngyössi János művei,http://deba.unideb.hu/deba/gyongyossi/,,,yes,no,283,yes,no,yes,Long Nineteenth Century,HUN,yes,no
0466,hallerNet,http://www.hallernet.org/,"Geleitet von Martin Stuber, Peter Dängeli und Patrick Sahle. Bern/Köln: Universität Bern, Cologne Center for eHumanities (CCeH), 2019-.",2019,no,yes,,,,,,,,
0467,Hannah Arendt. Kritische Gesamtausgabe,https://www.arendteditionprojekt.de,"Koordiniert von Hannah Gerlach und Dr. Ingo Kieslich. Berlin: Freie Universität Berlin, 2023-.",2023,no,yes,,,,,,,,
0468,Hans Werner Henzes künstlerisches Netzwerk. Digitale Briefedition,https://henze-digital.zenmem.de,"Geleitet von Prof. Dr. Antje Tumat. Paderborn: Universität Paderborn, Musikwissenschaftliches Seminar Detmold/Paderborn, 2023.",2023,no,yes,,,,,,,,
0469,Hanslick Online,https://hanslick.acdh.oeaw.ac.at/,Hrsg. von Alexander Wilfing. Wien: Österreichischen Akademie der Wissenschaften/ Institut für kunst- und musikhistorische Forschungen 2014-,2014,yes,yes,351,yes,yes,yes,Long Nineteenth century,GER,yes,no
0470,"Harry Graf Kessler, Das Tagebuch 1880-1937. Online-Ausgabe.",https://edview.dla-marbach.de,"Hg. von Roland S. Kamzelak und Ulrich Ott, Stuttgart, Deutsches Literaturarchiv Marbach, 2004-2009. Relaunch: Hg. von Roland S. Kamzelak. Marbach am Neckar: Deutsche Schillergesellschaft, 2019.",2004,no,yes,,,,,,,,
0471,Hartmann von Aue - Portal,http://hvauep.uni-trier.de/,"Hg. von Roy A. Boggs et al. Fort Myers (FL): Florida Gulf Coast University, 2003-2006.",2003,no,yes,,,,,,,,
0472,Hasidic Stories,https://www.hasidic-stories.org/,"Project Leaders: Marcin Wodziński, Uriel Gellman and Gadi Sagiv. Ra'anana: Open University of Israel, 2024.",2024,no,yes,,,,,,,,
0473,Hearth Tax Digital,http://gams.uni-graz.at/context:htx,"Ed. by Andrew Wareham et. al. Graz/London: Zentrum für Informationsmodellierung / Roehampton University / British Academy, 2019.",2019,no,yes,,,,,,,,
0474,Heimskringla,http://omacl.org/Heimskringla/,,,yes,no,18,no,no,yes,Middle Ages,NON,no,no
0475,Heinrich Heine Portal,http://www.heine-portal.de/Projekte/HHP/start,"Hg. vom Heinrich-Heine-Institut. Düsseldorf / Trier: Heinrich-Heine-Institut der Landeshauptstadt Düsseldorf / Kompetenzzentrum für elektronische Erschließungs- und Publikationsverfahren in den Geisteswissenschaften, 2002-2006.",2002,no,yes,,,,,,,,
0476,Heinrich Wölfflin Gesammelte Werke,https://hwgw.humanitiesconnect.pub/index.html,"Gesamt-Projektleitung Tristan Weddigen, Oskar Bätschmann und Joris van Gastel. Druckausgabe Zürich: Universität Zürich (UZH), 2017-. Digitale Edition unter der Leitung von Elisa Bastianello u.a., Florenz: Biblioteca Hertziana, 2017-.",2024,no,yes,,,,,,,,
0477,Heinrich-Heine Portal,http://www.heine-portal.de,,,yes,no,49,partly,no,yes,Long Nineteenth Century,GER,not provided,no
0478,Heinricus de Antwerpe: Tractatus de captione urbis Brandenburg,https://web.archive.org/web/20151226035209/http://golm.rz.uni-potsdam.de/hva/Default.htm,"Hg. von Thilo Köhn. Potsdam: Universität Potsdam, 1998.",1998,no,yes,,,,,,,,
0479,Henrik Ibsens Skrifter,http://www.ibsen.uio.no/forside.xhtml,,,yes,no,50,yes,yes,yes,Long Nineteenth Century,NOR,not provided,no
0480,Henrik Ibsens skrifter (Henrik Ibsen's Writings),http://www.ibsen.uio.no/,"Directed by Vigdis Ystad. Oslo: University of Oslo, 1998-.",1998,no,yes,,,,,,,,
0481,Henry III Fine Rolls Project,http://www.finerollshenry3.org.uk/,,,yes,no,20,no,no,yes,Middle Ages,LAT,no,no
0482,Henry III Fine Rolls Project,http://www.frh3.org.uk/,"Directed by David Carpenter, David Crook and Harold Short. London: King's College, 2005-.",2005,no,yes,,,,,,,,
0483,Henry Parlands Skrifter. Digital textkritisk utgåva,http://parland.sls.fi,"Utg. Per Stam & Elisa Veit. Helsinki: Svenska litteratursällskapet i Finland, 2018-.",2018,no,yes,,,,,,,,
0484,Herman Bangs breve,https://bangsbreve.dk,"Redaktion Gert Posselt. København: Det Danske Sprog- og Litteraturselskab, 2015-.",2015,no,yes,,,,,,,,
0485,Herman Melville's Typee,http://rotunda.upress.virginia.edu/melville/,"Ed. by John Bryant. Charlottesville (VA): University of Virginia Press, 2006. Revised 2009.",2006,yes,yes,151,yes,no,yes,Long Nineteenth Century,ENG,not provided,no
0486,"Hermann Bahr – Arthur Schnitzler: Briefwechsel, Aufzeichnungen, Dokumente (1891–1931)",https://schnitzler-bahr.acdh.oeaw.ac.at/,,,yes,no,332,yes,yes,yes,Long Nineteenth Century; Modern,GER,partly,no
0487,"Hermann Bahr, Arthur Schnitzler: Briefwechsel, Aufzeichnungen, Dokumente 1891-1931.",https://bahrschnitzler.acdh.oeaw.ac.at/index.html,"Hg. von Kurt Ifkovits und Martin Anton Müller. Wien: Österreichische Akademie der Wissenschaften, 2018.",2018,no,yes,,,,,,,,
0488,Hermann Burger: Lokalbericht. Digitale Edition,http://www.lokalbericht.ch/,"Herausgegeben von Peter Dängeli, Magnus Wieland, Irmgard M. Wirtz, Simon Zumsteg. Bern: Schweizerisches Literaturarchiv Bern (SLA), 2016.",2016,no,yes,,,,,,,,
0489,Hesperia - Banco de datos de lenguas paleohispanicas,http://hesperia.ucm.es/index.php,"Directed by Javier de Hoz. Madrid: Universidad Complutense de Madrid, 2005.",2005,no,yes,,,,,,,,
0490,Het Geraardsbergse handschrift,http://geraardsbergen.huygens.knaw.nl/,"Hg. von Herman Brinkman und Peter Boot. Den Haag: Huygens Instituut, 2003.",2003,no,yes,,,,,,,,
0491,Het Gruuthusehandschrift,https://www.kb.nl/themas/middeleeuwen/het-gruuthusehandschrift,"Ed. by Herman Brinkman und Ike de Loos. Den Haag: Koninklijke Bibliotheek, 2017.",2017,no,yes,,,,,,,,
0492,Hexenregister des Claudius Musiel Hexenverfolgungen im Trierer Land zwischen 1586 und 1594. Elektronische Edition,http://www.rmnet.uni-trier.de/cgi-bin/RMnetIndex.tcl?hea=qf&for=qfhxmusiel,"Hg. von Dr. Rita Voltmer. Trier: Universität Trier, 2005.",2005,no,yes,,,,,,,,
0493,Hildegardis Bingensis: Liber epistolarum | Hildegard von Bingen: Das Buch der Briefe,https://liberepistolarum.mni.thm.de/home,"Projektleitung: Mechthild Dreyer, Thomas Stäcker, Andreas Kuczera, Mainz: Johannes Gutenberg-Universität Mainz, Akademie der Wissenschaften und der Literatur | Mainz, Darmstadt: TU Darmstadt, 2020-2023.",2023,no,yes,,,,,,,,
0494,Historische Methode und Arbeitstechnik der Magdeburger Zenturien. Edition ausgewählter Dokumente,http://diglib.hab.de/edoc/ed000086/start.htm,"Hrsg. von Harald Bollbuck, unter Mitarbeit von Carsten Nahrendorf und Inga Hanna Ralle. Wolfenbüttel: Herzog August Bibliothek, 2012.",2012,no,yes,,,,,,,,
0495,Historische Rechtsquellen,http://www.e-archiv.li/editionHome.aspx?eid=2,"Bearbeitet von Paul Vogt, Olga Anrig, Katharina Arnegger, Claudius Gurt u.a. Vaduz: Liechtensteinisches Landesarchiv, 2001-.",2001,no,yes,,,,,,,,
0496,"History in the Making: preparation of a genetic edition, dataset and hypertext of Part III, Chapter 1 of Flaubert's L'Education Sentimentale",http://www.hull.ac.uk/hitm/,,,yes,no,98,no,no,no,Long Nineteenth Century,FRE,not provided,no
0497,"Hitler, Mein Kampf. Eine kritische Edition",https://www.mein-kampf-edition.de,"Herausgegeben von Christian Hartmann, Thomas Vordermayer, Othmar Plöckinger und Roman Töppel. München: Institut für Zeitgeschichte, 2022.",2022,no,yes,,,,,,,,
0498,Homburger Kur- und Badelisten,https://www.lagis-hessen.de/de/klhg,"Niklas Alt, Stefan Aumann, Simon Alexander Göllner, Prof. Dr. Holger Gräf, Dr. Astrid Krüger, Heike Purucker, Dr. Kai Umbach. Bad Homburg/Marburg: Stadtarchiv Bad Homburg / Hessisches Landesamt für geschichtliche Landeskunde, 2021.",2021,no,yes,,,,,,,,
0499,Homer Multitext,http://www.homermultitext.org/,"Ed. by Casey Dué and Mary Ebbott. Houston: University of Houston, 2014. Relaunch 2019",2014,no,yes,,,,,,,,
0500,Hugh of Saint Victor’s De quinque septenis (On the Five Sevens) and Its Versification in Samuel Presbiter’s De oratione dominica (On the Lord’s Prayer),http://scholarlyediting.org/2016/editions/intro.dunning.html,"Ed. by Andrew Dunning. Scholarly Editing 37, 2016.",2016,no,yes,,,,,,,,
0501,Hugo Schuchardt Archiv - Korrespondenz,http://schuchardt.uni-graz.at/korrespondenz/einleitung,"Hg. von Bernhard Hurch. Graz: Universität Graz, Institut für Sprachwissenschaft, 2004-.",2004,no,yes,,,,,,,,
0502,Hugo von Montfort - Das poetische Werk,http://gams.uni-graz.at/me,"Unter der Leitung von Wernfried Hofmeister. Graz: Institut für Germanistik / Karl-Franzens-Universität Graz, 2007-2010.",2007,no,yes,,,,,,,,
0503,Huldrych Zwingli Briefe: Digitale Texte,http://www.irg.uzh.ch/static/zwingli-briefe/,"Realisiert durch Christian Moser. Zürich: Universität Zürich, 2011.",2011,no,yes,,,,,,,,
0504,Hungarus Digitalis. Digitale Quellenedition - Königreich Ungarn,http://www.univie.ac.at/digihung,"Unter der Leitung von Andrea Seidler. Wien: Universität Wien, 2008-.",2008,no,yes,,,,,,,,
0505,Huon d'Auvergne Digital Archive,https://www.huondauvergne.org/,"Edited by Leslie Zarker Morgan and Stephen P. McCormick. Lexington (VA): Washington and Lee University, 2017; Version 1.0.",2017,no,yes,,,,,,,,
0506,Hyperdonat,http://hyperdonat.ens-lyon.fr/,"Bruno Bureau, Maud Ingarao, Christian Nicolas, Emmanuelle Raymond (éds). Lyon: Université Lyon III / ENS de Lyon, 2007-2011.",2007,yes,yes,91,yes,no,no,Antiquity,LAT,not provided,no
0507,HyperNietzsche,http://www.hypernietzsche.org,"Hg. von der Association HyperNietzsche. Paris: École normale supérieure, 2001.",2001,no,yes,,,,,,,,
0508,Hypertexto del Orlando Furioso,http://stel3.ub.edu/orlando/,"Dirección María de las Nieves Muñiz Muñiz. Barcelona: Universitat de Barcelona, 2006.",2006,no,yes,,,,,,,,
0509,I testimoni della Vita Nova,http://vitanova.unipv.it/,,,yes,no,128,yes,no,yes,Middle Ages,ITA,not provided,no
0510,IAA - Inscriptiones Alborum Amicorum,http://iaa.bibl.u-szeged.hu/index.php?page=home,"Ed. by Miklós Latzkovits et al. Szeged: University of Szeged, 2003-2019.",2003,no,yes,,,,,,,,
0511,Il progetto [Francesco] Maurolico,http://web.archive.org/web/20080412023610/http://www.dm.unipi.it/pages/maurolic/,"Hg. von Pier Daniele Napolitani. Pisa: Università di Pisa, 1999-2006.",1999,no,yes,,,,,,,,
0512,ILTweb Digital Dante Project,http://dante.ilt.columbia.edu,"Ed. by the Institute for Learning Technologies. New York (NY): Columbia University, 1992-.",1992,no,yes,,,,,,,,
0513,In Mozart's Words,http://letters.mozartways.com/,,,yes,no,152,yes,no,yes,Early Modern,GER,not provided,no
0514,In Mozart's Words [Correspondence],https://www.mozartiana.org/mozartletters/,"Ed. by Cliff Eisen et al. Sheffield: HRI Online, 2011; ISBN 978-0955787676.",2011,no,yes,,,,,,,,
0515,In Search of the Drowned: Testimonies and Testimonial Fragments of the Holocaust,https://lts.fortunoff.library.yale.edu/,,,yes,no,318,partly,no,yes,Modern; Contemporary,ENG,yes,no
0516,In Transition: Selected Poems by the Baroness Elsa von Freytag-Loringhoven,http://digital.lib.umd.edu/transition/,"Ed. by Tanya Clement. College Park (MD): University of Maryland, 2009.",2009,no,yes,,,,,,,,
0517,Industriegeschichte privat: Die Familie Engels in Briefen (1791–1858),https://familie-engels-briefe.de,"Hg. von Wolfgang Lukas, Fabian Etling und Ulrich Rummel. Wuppertal: Bergische Universität Wuppertal, 2021-.",2021,yes,yes,356,yes,partly,yes,Long Nineteenth Century [1789 - 1914],GER,yes,_No response_
0518,Inquisitions post Mortem - Mapping the Medieval Countryside,http://www.inquisitionspostmortem.ac.uk/,"By Michael Hicks (Principal Investigator) et al. Winchester: University of Winchester, 2015.",2015,no,yes,,,,,,,,
0519,Inscriptiones Alborum Amicorum,http://iaa.bibl.u-szeged.hu/index.php,,,yes,no,197,no,no,yes,Early Modern; Long Nineteenth Century,LAT; GER; ENG; HEB; FRE; GRE,yes,no
0520,Inscriptiones Graecae,http://telota.bbaw.de/ig/,"Geleitet von Prof. Dr. Peter Funke. Berlin: Berlin-Brandenburgische Akademie der Wissenschaften, 2013-.",2013,no,yes,,,,,,,,
0521,Inscriptiones Graecae in Croatia Repertae (IGCR),http://www.ffzg.unizg.hr/klafil/dokuwiki/doku.php/z:epidoc-hrvatska,,,yes,no,86,yes,no,yes,Antiquity,GRC,not provided,no
0522,Inscriptions of Aphrodisias Project,http://insaph.kcl.ac.uk/index.html,"Betreut von Gabriel Bodard et al. London: King's College London / Centre for Computing in the Humanities, 2005-.",2005,yes,yes,92,yes,yes,yes,Antiquity,GRC,partly,no
0523,Inscriptions of Greek Cyrenaica - Greek Verse Inscriptions of Cyrenaica,https://igcyr.unibo.it,"Edited by Catherine Dobias-Lalou. Bologna: CRR-MM / Alma Mater Studiorum Università di Bologna, 2017; ISBN 9788898010684. http://doi.org/10.6092/UNIBO/IGCYRGVCYR",2017,yes,yes,311,yes,yes,yes,Antiquity,GRC,yes,no
0524,Inscriptions of Israel/Palestine,http://www.stg.brown.edu/projects/Inscriptions/index.shtml,,,yes,no,116,yes,yes,no,Antiquity,HEB; ARC; GRC; LAT,not provided,no
0525,Inscriptions of Roman Cyrenaica,http://ircyr.kcl.ac.uk/,,,yes,no,93,yes,no,no,Antiquity,GRC; LAT,not provided,no
0526,Inscriptions of Roman Tripolitania,http://irt.kcl.ac.uk/irt2009/,,,yes,no,94,yes,no,no,Antiquity,LAT,not provided,no
0527,Inscriptions of Roman Tripolitania (2021),https://irt2021.inslib.kcl.ac.uk/,,,yes,no,333,yes,yes,yes,Antiquity,LAT; GRC,yes,no
0528,Inscriptions of the Northern Black Sea (IOSPE),http://iospe.kcl.ac.uk/corpus/index.html,,,yes,no,24,yes,yes,yes,Antiquity,GRC; LAT,not provided,no
0529,"Internet-Edition der Handschriften zu Adalbert Stifters ""Witiko""",https://www.uibk.ac.at/germanistik/stifter/witiko/,"Hg. von Wolfgang Wiesmüller unter Mitarbeit von Sieglinde Klettenhammer und Isabella König-Mayr. Innsbruck: Universität Innsbruck, 1999-2008.",1999,no,yes,,,,,,,,
0530,Intibah Edition and Transcription,http://courses.washington.edu/otap/intibah/intibah.html,,,yes,no,153,not provided,no,no,Early Modern; Long Nineteenth Century,OTA,not provided,no
0531,IOSPE - Ancient Inscriptions of the Northern Black Sea,http://iospe.kcl.ac.uk/index.html,"Directed by Askold Ivantchik and Irene Polinskaya. London: King's College London, 2011.",2011,no,yes,,,,,,,,
0532,IRT - The Inscriptions of Roman Tripolitania,https://irt2021.inslib.kcl.ac.uk/en/,"2009 version: By J. M. Reynolds and J. B. Ward-Perkins, enhanced electronic reissue by Gabriel Bodard and Charlotte Roueché. 2009; ISBN 978-1-897747-23-0. 2021 version: By J. M. Reynolds, C. M. Roueché, G. Bodard, C. Barron and others. 2021; ISBN 978-1-912466-25-2.",2009,no,yes,,,,,,,,
0533,Isaac Israëls’s letters to Jo van Gogh-Bonger,https://israelsletters.org/,"Edited by Hans Luijten. Amsterdam: Van Gogh Museum and Huygens Institute for Dutch History and Culture, 2025.",2025,no,yes,,,,,,,,
0534,Jacob Burckhardt,http://burckhardtsource.org/,"Project lead by Maurizio Ghelardi. Pisa: Scuola Normale Superiore, 2015.",2015,yes,yes,221,yes,no,yes,Long Nineteenth Century,ITA; GER; ENG; FRE,yes,no
0535,"Jacques de Fonteny's Livre d'Enigmes - Manuscript of an Early 17th-Century Para-Emblematic, Illustrated Sonnet Sequence.",http://diglib.hab.de/edoc/ed000166/start.htm,"Ed. by Gerhard F. Strasser, assist. by Eva Christina Glaser. Wolfenbüttel: Herzog August Bibliothek, 2012.",2012,no,yes,,,,,,,,
0536,Jahrrechnungen der Stadt Basel 1535 bis 1610 – digital,http://gams.uni-graz.at/context:srbas,"Hg. von Susanna Burghartz. Basel/Graz: ZIM-ACDH, 2015.",2015,no,yes,,,,,,,,
0537,James Mill's Common Place Books,http://www.intellectualhistory.net/mill/,,,yes,no,71,yes,no,no,Early Modern; Long Nineteenth Century,ENG,not provided,no
0538,Jane Addams Digital Edition,https://digital.janeaddams.ramapo.edu/,"Ed. by Dr. Cathy Moran, Victoria Sciancalepore, and Stacy Pratt McDermott. Mahwah (NJ): School of Humanities and Global Studies (SHGS), Ramapo College of New Jersey, 2015-.",2015,yes,yes,254,no,no,yes,Modern,ENG,yes,no
0539,Jane Austen's Fiction Manuscripts,http://www.janeausten.ac.uk/index.html,"Ed. by Kathryn Sutherland et al. London: Centre for Computing in the Humanities / King's College London, 2011.",2011,yes,yes,107,yes,no,yes,Long Nineteenth Century,ENG,not provided,http://ride.i-d-e.de/issues/issue-5/jane-austens-fiction-manuscripts/
0540,Je chante ung chant,http://jechante.exeter.ac.uk/archive/index.html,,,yes,no,210,yes,yes,no,Middle Ages,FRO,yes,no
0541,Jean Donneau de Visé: Les Nouvelles nouvelles,http://nouvellesnouvelles.yale.edu/,"Ed. by Claude Bourqui, Christophe Schuwey et al. Fribourg (Switzerland): University of Fribourg, 2014–.",2014,no,yes,,,,,,,,
0542,Jean Paul – Sämtliche Briefe ... digital,https://www.jeanpaul-edition.de/start.html,"Überarbeitet und herausgegeben von Markus Bernauer, Norbert Miller und Frederike Neuber. Berlin: Berlin-Brandenburger Akademie der Wissenschaften, 2018.",2018,no,yes,,,,,,,,
0543,Jean Paul – Sämtliche Briefe digital,https://www.jeanpaul-edition.de/,,,yes,no,298,yes,yes,yes,Long Nineteenth Century,GER,partly,no
0544,Jean Paul Portal,https://www.uni-wuerzburg.de/forschung/jean-paul-portal/,"Unter der Leitung von Helmut Pfotenhauer. Würzburg: Arbeitsstelle Jean-Paul-Edition am Institut für deutsche Philologie, 2012-.",2012,no,yes,,,,,,,,
0545,Jerilderie Letter,http://www.nma.gov.au/collections/collection_interactives/jerilderie_letter,,,yes,no,154,no,no,no,Long Nineteenth Century,ENG,not provided,no
0546,"Joannes Antonides van der Goes, Ystroom (1671)",https://deystroom.huygens.knaw.nl,"Jan Bloemendal, met bijdragen van Boukje Thijs. Amsterdam: Huygens ING, 2015.",2015,no,yes,,,,,,,,
0547,Johann Caspar Lavater Online Briefedition,https://www.jclavater-briefwechsel.ch,"Geleitet von Ursula Caflisch-Schnetzler und Davide Giuriato. Zürich: Universität Zürich / Forschungsstiftung Johann Caspar Lavater, 2022-.",2022,no,yes,,,,,,,,
0548,Johann Christian Senckenberg (1707–1772): Digitale Edition der Tagebücher,http://senckenberg.ub.uni-frankfurt.de,"Geleitet von Dr. Angela Hausinger und Dr. Mathias Jehn. Frankfurt a. M.: Goethe-Universität / Universitätsbibliothek Johann Christian Senckenberg, 2010-.",2010,no,yes,,,,,,,,
0549,Johann Christian Senckenberg: Digital Edition of the Diaries,http://senckenberg.ub.uni-frankfurt.de/s/startpage,,,yes,no,218,yes,yes,yes,Early Modern,GER; LAT,yes,no
0550,Johann Georg Hamann: Kommentierte Briefausgabe,https://www.hamann-ausgabe.de,"Hg. von Leonard Keidel und Janina Reibold, auf Grundlage der Vorarbeiten Arthur Henkels, unter Mitarbeit von Gregor Babelotzky, Konrad Bucher, Christian Großmann, Carl Friedrich Haak, Luca Klopfer, Johannes Knüchel, Isabel Langkabel und Simon Martens. Heidelberg: Theodor Springmann Stiftung, 2020ff.",2020,yes,yes,308,yes,no,yes,Early Modern,GER,yes,no
0551,Johann Georg Sulzers Korrespondenzen,http://www.sulzer-digital.de/briefe/index.html,"Hg. von Elisabeth Décultot und Jana Kittelmann, unter Mitarbeit von Baptiste Baumann und Christoph Wernhard. Halle (Saale): Martin-Luther-Universität Halle-Wittenberg, 2020-.",2020,no,yes,,,,,,,,
0552,Johann Wolfgang von Goethe - Briefwechsel mit Friedrich Wilhelm Riemer,https://ores.klassik-stiftung.de/ords/f?p=408,"Hg. von Héctor Canal und Jutta Eckle, unter Mitarbeit von Uta Grießbach, Annette Mönnich und Florian Schnee. Weimar: Klassik Stiftung Weimar, Goethe- und Schiller-Archiv, 2020.",2020,no,yes,,,,,,,,
0553,Johannes Serranus' Dictionarium Latinogermanicum,http://diglib.hab.de/edoc/ed000215/start.htm,Jonathan West (Hrsg.): Wolfenbüttel: 2015. (Editiones Electronicae Guelferbytanae 16),2015,no,yes,,,,,,,,
0554,Johannes Tinctoris: Complete Theoretical Works,http://earlymusictheory.org/Tinctoris/,,,yes,no,243,yes,yes,yes,Middle Ages; Early Modern,LAT,yes,no
0555,Johannes Tinctoris: Complete Theoretical Works,http://earlymusictheory.org/Tinctoris/#,"Ed. by Ronald Woodley, Jeffrey J. Dean, and David Lewis. Birmingham: Birmingham Conservatoire, 2013-.",2013,no,yes,,,,,,,,
0556,John Barclay: Argenis,http://www.chlt.org/sandbox/colloquia/argenis/index.html,,,yes,no,155,no,no,no,Early Modern,LAT,not provided,no
0557,John Brougham's Columbus Burlesque,https://www.scholarlyediting.org/issues/39/john-broughams-columbus-burlesque,"Ed. by Laura L. Mielke and Rachel Linnea Brown. Kansas: University of Kansas, 2022.",2022,no,yes,,,,,,,,
0558,John Foxe's Book of Martyrs,https://web.archive.org/web/20110913155818/http://www.hrionline.ac.uk/johnfoxe/,"Hg. von David G. Newcombe und Michael Pidd. Oxford: Oxford University Press, 2001; ISBN 0197262252; CD-ROM. Ed. by David Loades et al. Sheffield: University of Sheffield / HRI Online Publications, 2004; Version 1.0. 2011; Version 2.0.",2001,no,yes,,,,,,,,
0559,John Foxe's The Acts and Monuments Online,http://www.johnfoxe.org/,,,yes,no,111,yes,no,no,Early Modern,GRC; LAT; ENM,not provided,no
0560,John Foxe's The Acts and Monuments Online,https://www.dhi.ac.uk/foxe/,"The Unabridged Acts and Monuments Online or TAMO. Mark Greengrass and David Loades (Project Directors). Version 2.0. Sheffield: HRI Online Publications, 2011.",2011,no,yes,,,,,,,,
0561,John Keats. A Rediscovered Letter by John Keats (1818),https://web.archive.org/web/20231204152929/https://romantic-circles.org/editions/keats/index.html,"Ed. by Dearing Lewis. A Romantic Circles Electronic Edition. College Park (MD), 1998.",1998,no,yes,,,,,,,,
0562,John Langhorne: Solyman and Almena - An Oriental Tale,http://web.archive.org/web/20080616091917/http://www.historiker.de/projekte/orient/,"Hg von Rudolf Beck, Axel Kammerer, Andreas Jall und Silke Bauer. Augsburg: Universität Augsburg, 2000.",2000,no,yes,,,,,,,,
0563,John Quincy Adams Diary,https://www.masshist.org/publications/jqadiaries/index.php,"[No responsible editors or project lead mentioned]. Boston: Massachusetts Historical Society, s.a. [probably 2017].",2017,no,yes,,,,,,,,
0564,Jonathan Swift Archive,http://jonathanswiftarchive.org.uk/index.html,,,yes,no,31,yes,yes,yes,Early Modern,ENG,partly,no
0565,Journal of Emily Shore,http://rotunda.upress.virginia.edu/EmilyShore/make-page.xqy,"Ed. by Barbara Timm Gates. Charlottesville (VA): University of Virginia Press, 2006.",2006,yes,yes,156,yes,no,yes,Long Nineteenth Century,ENG,not provided,no
0566,József Attila összes tanulmánya és cikke,http://magyar-irodalom.elte.hu/ja/,,,yes,no,269,no,no,yes,Modern,HUN,yes,no
0567,József Attila összes tanulmánya és cikke. Szövegek 1930-1937,http://textus.elte.hu/ja/,"Közzéteszi: Horváth Iván (főszerkesztő), Fuchs Anna (szerkesztő), Bognár Péter, Buda Borbála Sára, Devescovi Balázs, Golden Dániel (sajtó alá rendezők), Király Péter (programozó).Budapest: Bölcsészettudományi Kar, Eötvös Loránd Tudományegyetem, 2012; 1.0. kiadás.",2012,yes,yes,270,no,no,yes,Modern,HUN,yes,no
0568,Julian Bond Papers Project,https://bondpapersproject.org/,"Ed. by Deborah McDowell, Laura Baker and James Perla. Charlottesville: University of Virginia, s.a. [probably 2022].",2022,no,yes,,,,,,,,
0569,Justus Lipsius' De Bibliothecis Syntagma,http://diglib.hab.de/edoc/ed000001/start.htm,"Thomas Stäcker (Hrsg.). Wolfenbüttel: 2017. (Editiones Electronicae Guelferbytanae, 17)",2017,no,yes,,,,,,,,
0570,Kabinettsprotokolle der Landesregierung von Nordrhein-Westfalen,https://kabinettsprotokolle.landesarchiv-nrw.de/,"Redaktionelle und technische Betreuung durch Martin Schlemmer. Düsseldorf: Landesarchiv NRW, s.a. [letzte Änderung 2016].",2008,no,yes,,,,,,,,
0571,Kaiser Leopold I.: Digitale Edition des Sepolcro „Il Sagrifizio d'Abramo“,https://web.archive.org/web/20221001072227/http://www.digital-musicology.at/sagrifizio/de/index.html,"Ed. von Paul Gulewycz. Wien: Österreichische Akademie der Wissenschaften (ÖAW), Abteilung Musikwissenschaft, 2016",2016,no,yes,,,,,,,,
0572,Kaiserchronik digital,https://doi.org/10.11588/edition.kcd,"Hrsg. von Mark Chinca, Helen Hunter, Jürgen Wolf, Christopher Young. Heidelberg: Universitätsbibliothek, 2018. DOI: https://doi.org/10.11588/edition.kcd.",2018,no,yes,,,,,,,,
0573,Kalevalan Aino,http://aino.finlit.fi/omeka,"Niina Hämäläinen, Sakari Katajamäki ja Maria Niku. Helsinki: Suomalaisen Kirjallisuuden Seura (SKS), 2017.",2017,no,yes,,,,,,,,
0574,Kalila and Dimna Edition,https://kalila-and-dimna.fu-berlin.de,"Principal Investigator: Beatrice Gruendler. Berlin: Freie Universität Berlin, 2018-2027.",2018,no,yes,,,,,,,,
0575,Kant – Opus Postumum Online Edition,http://telota.bbaw.de/kant_op/index.html,"Geleitet von Prof. Dr. Volker Gerhardt und Dr. Jacqueline Karl. Berlin: Berlin-Brandenburgische Akademie der Wissenschaften, 2013.",2013,no,yes,,,,,,,,
0576,Kant’s gesammelte Schriften online – Die Akademie-Ausgabe als Digitale Edition,https://kant-digital.bbaw.de/uebersicht.html,"Projektleitung: Volker Gerhardt und Marcus Willaschek, Berlin: Berlin-Brandenburgische Akademie der Wissenschaften, 2024.",2024,no,yes,,,,,,,,
0577,Karl Barth Gesamtausgabe,https://kbga.karl-barth.ch/texts/,"Hg. von Peter Zocher. Basel: Karl Barth-Archiv, 2022.",2022,no,yes,,,,,,,,
0578,Karl Kraus 1933: Dritte Walpurgisnacht,https://kraus1933.ace.oeaw.ac.at,"Hrsg. von Bernhard Oberreither. Wien: Österreichische Akademie der Wissenschaften, 2019-.",2019,no,yes,,,,,,,,
0579,Karl Kraus: Rechtsakten der Kanzlei Oskar Samek. Wissenschaftliche Edition,https://kraus.wienbibliothek.at/,"Hg. v. Johannes Knüchel und Isabel Langkabel unter Mitarbeit von Laura Untner, Andrea Ortner, Ingo Börner und Vanessa Hannesschläger. Wien: Ludwig Boltzmann Institut for Digital History / Wienbibliothek im Rathaus / Austrian Centre for Digital Humanities and Cultural Heritage, 2022.",2022,no,yes,,,,,,,,
0580,Karl Wiesinger: Digitale Edition der Tagebücher (1961–1973),http://gams.uni-graz.at/context:wiesinger,"Neundlinger, Helmut (Hrsg.). Mit Selina Galka, Georg Hofer, Helmut Klug, Elisabeth Steiner und Michaela Thoma-Stammler. Graz: Zentrum für Informationsmodellierung, 2020.",2020,no,yes,,,,,,,,
0581,Kassák Lajos: The Horse Dies the Birds Fly Away / A ló meghal a madarak kirepülnek,http://digiphil.hu/context:alomeghal,,,yes,no,264,yes,no,yes,Modern,HUN; ENG; DEU; FRA; ITA; SRP; POL; SLK; FIN; RON; EST; SPA,no,no
0582,Kazinczy Ferenc összes művei,http://deba.unideb.hu/deba/kazinczy_muvei/,,,yes,no,280,yes,no,yes,Long Nineteenth Century,HUN; LAT; DEU,yes,no
0583,Keltische Götternamen in den Inschriften der römischen Provinz Germania Inferior,https://gams.uni-graz.at/context:fercan,"Hrsg. von Wolfgang Spickermann. Graz: Karl-Franzens-Universität Graz / Zentrum für Informationsmodellierung, 2018-.",2018,no,yes,,,,,,,,
0584,Key Documents of German-Jewish History,http://jewish-history-online.net/,"Dir. by Prof. Dr. Miriam Rürup. Hamburg: Institute for the History of German Jews (IGdJ), 2015-.",2015,yes,yes,222,yes,no,yes,Early Modern; Long Nineteenth Century; Modern; Contemporary,GER,yes,no
0585,Kinship and Longing: Keywords for Black Louisiana,https://www.scholarlyediting.org/issues/41/kinship-and-longing/,"Ed. by Jessica Marie Johnson et al.. Baltimore: John Hopkins University, 2024.",2024,no,yes,,,,,,,,
0586,Kitāb ʿAyn al-Naẓar fī ʿIlm al-Jadal by Shams al-Dīn al-Samarqandī (d. 722/1322),https://pages.ceres.rub.de/ayn-al-nazar/#fnref-idm258,"Ed. by Walter Edward Young and Frederik Elwert. Bochum: Center for Religious Studies, 2019.",2019,no,yes,,,,,,,,
0587,Klaus Mollenhauer Gesamtausgabe (KMG),https://mollenhauer-edition.de/index.html,"Hrsg. von Cornelie Dietrich, Klaus-Peter Horn und Hans-Rüdiger Müller. Göttingen: Niedersächsische Staats- und Universitätsbibliothek Göttingen, 2018-2024.",2024,no,yes,,,,,,,,
0588,kleist-digital,https://.kleist-digital.de/,"Hg. v. Günter Dunz-Wolff. Hamburg: 2014-. Relaunch, Version 3: 2021.",2014,no,yes,,,,,,,,
0589,Klemperer Online: Tagebücher 1918–1959,https://doi.org/10.1515/klemp,"Hrsg. von Walter Nowojski und Christian Löser. Berlin/Boston: Walter de Gruyter GmbH, 2019.",2019,no,yes,,,,,,,,
0590,Kofler aural - Genetische Edition „AM SCHREIBTISCH“,https://gams-staging.uni-graz.at/context:kofleraural#,"Hrsg. von Wolfgang Straub und Claudia Dürr unter Mitarbeit von Helmut W. Klug, Elisabeth Raunig, Isabel Langkabel und Maximilian Vogeltanz. Wien: Universität Wien, Klagenfurt: Kärntner Literaturarchiv (Universität Klagenfurt), Graz: Institut für Digitale Geisteswissenschaften der Universität Graz, 2022-2025.",2022,no,yes,,,,,,,,
0591,Kolb-Proust Archive for Research,http://www.library.uiuc.edu/kolbp/,"Ed. by Caroline Szylowicz. Urbana (IL): University of Illinois at Urbana-Champaign, 1994-2006.",1994,no,yes,,,,,,,,
0592,Kommentierte Online-Edition der fünf Reisetagebücher Hans Posses (1939 -1942),https://editionhansposse.gnm.de,"Geleitet von Dr. Susanna Brogi. Nürnberg: Germanisches Nationalmuseum, 2018-.",2018,no,yes,,,,,,,,
0593,Koptische Ostraka Online,https://www.koptolys.gwi.uni-muenchen.de,"Geleitet von Prof. Dr. Günter Burkard. Konzeption und Inhalte: Dr. Suzana Hodak. Technische Umsetzung: IT-Gruppe Geisteswissenschaften der LMU München. München: Ludwig-Maximilians-Universität München, 2017-.",2017,no,yes,,,,,,,,
0594,Korespondencja Jana Lechonia i Kazimierza Wierzyńskiego. Naukowa Edycja Cyfrowa,https://tei.nplp.pl/categories/korespondencja-jana-lechonia-i-kazimierza-wierzynskiego,,,yes,no,341,yes,yes,yes,Modern; Contemporary,POL; ENG,yes,no
0595,Korespondencja Mieczysława Grydzewskiego i Kazimierza i Haliny Wierzyńskich. Naukowa Edycja Cyfrowa,https://tei.nplp.pl/categories/korespondencja-mieczyslawa-grydzewskiego-i-kazimierza-i-haliny-wierzynski,,,yes,no,342,yes,yes,yes,Modern; Contemporary,POL; ENG,yes,no
0596,Kosztolányi Dezső: Aranysárkány,http://digiphil.hu/context:aranysarkany,,,yes,no,265,yes,no,yes,Modern,HUN,partly,no
0597,Kosztolányi Dezső: Édes Anna,http://magyar-irodalom.elte.hu/gepesk/kd/edesanna/,,,yes,no,262,no,no,yes,Modern,HUN,yes,no
0598,Kosztolányi Dezső: Édes Anna,http://digiphil.hu/context:edesanna,,,yes,no,263,yes,no,yes,Modern,HUN,partly,no
0599,Kosztolányi Dezső: Esti Kornél,http://digiphil.hu/context:estikornel,,,yes,no,266,yes,no,yes,Modern,HUN,partly,no
0600,Kritische Ausgabe der Werke von Richard Strauss - Online-Plattform,http://www.richard-strauss-ausgabe.de,"Hg. von Hartmut Schick. München: Bayerische Akademie der Wissenschaften, 2016-.",2016,no,yes,,,,,,,,
0601,Kritische Gesamtausgabe der Schriften und Briefe Andreas Bodensteins von Karlstadt,http://diglib.hab.de/edoc/ed000216/start.htm,"Herausgegeben von Thomas Kaufmann. Teil I (1507-1518), Wolfenbüttel: Herzog August Bibliothek, 2012; Teil II (1519-1520), Wolfenbüttel: Herzog August Bibliothek, 2017.",2012,no,yes,,,,,,,,
0602,Kritische Online-Edition der Tagebücher Michael Kardinal von Faulhabers (1911–1952),http://www.faulhaber-edition.de/index.html,"Verantwortet von Andreas Wirsching und Hubert Wolf. München: Institut für Zeitgeschichte, 2015-.",2015,no,yes,,,,,,,,
0603,Kritische Robert Walser-Ausgabe,https://kwae.kritische-walser-ausgabe.ch/kwae.html,"Konzept und Entwicklung: Matthias Sprünglin. Zürich: Universität Zürich, Basel: Stiftung für eine Kritische Robert Walser-Ausgabe, 2025.",2025,yes,yes,358,yes,no,yes,Modern [1914 - 1965],GER,yes,_No response_
0604,Kroniek van Kampen,https://kroniekvankampen.huygens.knaw.nl,"Ed. by Peter Bakker. Amsterdam: Huygens ING, 2017.",2017,no,yes,,,,,,,,
0605,Kuno Raeber Lyrik - Historisch-Kritische Online-Edition,https://kunoraeber.ch/lyrik/,"Hrsg. von Walter Morgenthaler. Basel: [Institution der Publikation unklar], 2017.",2017,no,yes,,,,,,,,
0606,Künstlike Werltspröke und Eyn schön rimbökelin (WSRB). Digitale Edition mittelniederdeutscher Spruchsammlungen des 16. Jahrhunderts,https://purl.uni-rostock.de/wsrb/edition,,,yes,no,359,yes,yes,yes,Middle Ages; Early Modern,GER,yes,no
0607,Kurländische Güterurkunden,https://dbs.herder-institut.de/kurlaendische-gueterurkunden/,"Bearbeitet von Daphne Schadewaldt. Marburg: Herder-Institut, 2003, 2018-2023.",2003,no,yes,,,,,,,,
0608,"L’année 1437 dans la pratique de Pierre Christofle, notaire du Châtelet d’Orléans",http://elec.enc.sorbonne.fr/christofle/index.html,"Par Kouky Fianu avec la collaboration d’Anne Fortier. Paris: École nationale des chartes, 2016.",2016,no,yes,,,,,,,,
0609,L'edizione digitale del Liber Privilegiorum Sanctae Montis Regalis Ecclesiae,https://web.archive.org/web/20241009192827/http://vatlat3880.altervista.org/,"A cura da Serena Falletta. Palermo: Università degli Studi di Palermo, 2008.",2008,no,yes,,,,,,,,
0610,L’Orlando Furioso e la sua traduzione in immagini,http://www.orlandofurioso.org/,,,yes,no,224,no,no,no,Early Modern,ITA,no,no
0611,L'Ospital d'Amours by Achille Caulier,https://web.archive.org/web/20181231104508/http://toisondor.byu.edu:80/ospital/toc.htm,"Ed. by Jesse D. Hurlbut. Provo (UT): Brigham Young University, before 2002.",2002,no,yes,,,,,,,,
0612,La correspondance du chancelier Antoine Du Bourg (1535-1538),http://elec.enc.sorbonne.fr/dubourg/,"Ed. by Olivier Poncet. Paris: École nationale des chartes, 2012.",2012,no,yes,,,,,,,,
0613,La Dama Boba,http://damaboba.unibo.it/,"Bajo la dirección de Marco Presotto. Barcelona/Bologna: PROLOPE / Università di Bologna, CRR-MM, 2015; ISBN 9788898010257. doi:10.6092/UNIBO/LADAMABOBA",2015,yes,yes,260,yes,no,yes,Early Modern,SPA,yes,https://ride.i-d-e.de/issues/issue-5/damaboba/
0614,La Entretenida Digital Edition,http://entretenida.outofthewings.org/index.html,"Ed. by John O’Neill, Paul Spence et al. London: King's College, 2014.",2014,yes,yes,25,no,no,yes,Early Modern,SPA,not provided,no
0615,La Famiglia dell'Antiquario,http://www.intratext.com/X/ITA0763.HTM,,,yes,no,22,no,no,yes,Early Modern,ITA,not provided,no
0616,La Harpe et la Russie (1783-1795),http://lumieres.unil.ch/projets/la-harpe,"Ed. by Béatrice Lovis, Danièle Tosato-Rigo et. al. Lausanne: Lumières.Lausanne, 2019.",2019,no,yes,,,,,,,,
0617,Lament of St. Anselm,http://library.trinity.edu/lament/index.html,,,yes,no,257,yes,no,yes,Middle Ages,ENM,yes,no
0618,Lateinisch-mittelniederdeutscher Psalter mit Kommentar Cod. Guelf. 81.10 Aug. 2°,http://diglib.hab.de/mss/81-10-aug-2f/start.htm,Diplomatische Teiledition. Hg. von Ursula Kundert unter Mitarbeit von Hanne Grießmann. Wolfenbüttel: 2015–2017.,2015,no,yes,,,,,,,,
0619,Lautréamont / Ducasse,http://www.phalese.fr/Maldoror/index.php?title=Accueil,,,yes,no,157,no,yes,no,Long Nineteenth Century,FRE,not provided,no
0620,Lazarraga eskuizkribua: edizioa eta azterketa,http://www.ehu.eus/monumenta/lazarraga/index.html,"Edited by Gidor Bilbao, Ricardo Gómez, Joseba A. Lakarra, Julen Manterola, Céline Mounole and Blanca Urgell. Vitoria-Gasteiz: University of the Basque Country (UPV/EHU), 2011 (Version 1.0, 2010; version 1.2, 2011)",2010,yes,yes,315,no,no,yes,Early Modern,BAQ; SPA,partly,no
0621,LdoD Archive: Collaborative Digital Archive of the Book of Disquiet,https://ldod.uc.pt,"Manuel Portela and António Rito Silva. Coimbra: Centre for Portuguese Literature at the University of Coimbra, 2017.",2017,no,yes,,,,,,,,
0622,Le Cartulaire de la seigneurie de Nesle,http://www.cn-telma.fr/nesle/index/,"Xavier Hélary, Christophe Jacobs, éds. Orléans: Institut de Recherche et d'Histoire des Textes, 2006.",2006,yes,yes,158,not provided,no,no,Middle Ages,LAT; FRM,not provided,no
0623,Le Petit Thalamus de Montpellier,http://thalamus.huma-num.fr/index.html,"Édition critique numérique du manuscrit AA9 des Archives municipales de Montpellier dit Le Petit Thalamus. Vincent Challet, Gilda Caiti-Russo, Philippe Martel. Marseille: TGIR / Huma-Num, 2014ff.",2014,no,yes,,,,,,,,
0624,Le Roman du Mont Saint-Michel (IXe-XIIe siècle),https://www.unicaen.fr/services/puc/sources/gsp/,"Ed. by Catherine Bougy. Caen: Université de Caen, 2007-2013.",2007,no,yes,,,,,,,,
0625,Le sanctoral du lectionnaire de l'office dominicain (1254-1256),http://elec.enc.sorbonne.fr/sanctoral/,"Ed. by Anne-Élisabeth Urfels-Capot. Paris: École nationale des chartes, 2008-2011.",2008,no,yes,,,,,,,,
0626,"Lebenswelten, Erfahrungsräume und politische Horizonte der ostpreußischen Adelsfamilie Lehndorff vom 18. bis in das 20. Jahrhundert",https://lebenswelten-lehndorff.bbaw.de/index.xql,"Bearbeitet von Gabi Huch. Berlin: Berlin-Brandenburgische Akademie der Wissenschaften, 2019.",2019,no,yes,,,,,,,,
0627,Leggo Manzoni,https://projects.dharc.unibo.it/leggomanzoni/,"Conceived by Paola Italia and Francesca Tomasi. Project Coordinator: Giulia Raboni. Bologna: University of Bologna, Parma: University of Parma, 2019.",2019,no,yes,,,,,,,,
0628,Leigh Hunt Online: The Letters,https://digital.lib.uiowa.edu/leighhunt/,"By Sid Huttner (Principal Investigator), Colleen Kelley, Anne Covell, Nana Holtsnider and Juli McLoone (Project Managers). Iowa City (IA): The University of Iowa Libraries, 2008-2011.",2008,no,yes,,,,,,,,
0629,Lelki énekekről régi magyarok,http://magyar-irodalom.elte.hu/gepesk/eloszo/,,,yes,no,292,no,no,yes,Early Modern,HUN,yes,no
0630,Les Bibliothèques Virtuelles Humanistes,http://www.bvh.univ-tours.fr/#,,,yes,no,133,yes,no,yes,Early Modern,MIX,not provided,no
0631,Les comptes des consuls de Montferrand (1273–1319),http://elec.enc.sorbonne.fr/montferrand/,"Ed. by R. Anthony Lodge. Paris: École nationale des chartes, 2006-2011.",2006,no,yes,,,,,,,,
0632,Les Cours d’Antoine Desgodets,http://www.desgodets.net,,,yes,no,207,yes,yes,yes,Early Modern,FRE,yes,no
0633,Les dossiers de Bouvard et Pécuchet,http://www.dossiers-flaubert.fr,"Dir. Stéphanie Dord-Crouslé. Lyon: Institut d’histoire des représentations et des idées dans les modernités (IHRIM), 2007-.",2007,no,yes,,,,,,,,
0634,Les manuscrits arabes des lettres de Paul de Tarse,https://web.archive.org/web/20190904032200/http://wp.unil.ch:80/nt-arabe/edition-electronique/,Rédigé par Sara Schulthess et Claire Clivaz. Lausanne: 2016.,2016,no,yes,,,,,,,,
0635,Les manuscrits de Madame Bovary,http://www.bovary.fr/,"Yvan Leclerc, Danielle Girard, Marie Durel. Rouen: Centre Flaubert, 2009.",2009,yes,yes,214,no,no,yes,Long Nineteenth Century,FRE,partly,no
0636,Les Manuscrits de Stendhal,http://stendhal.demarre-shs.fr/,"Cécile Meynard et Thomas Lebarbé (éds). Grenoble: Université de Grenoble / Bibliothèque municipale de Grenoble, 2009.",2009,no,yes,,,,,,,,
0637,Les Pensées de Blaise Pascal,http://www.penseesdepascal.fr,,,yes,no,255,no,no,yes,Early Modern,FRE,partly,no
0638,Lessings Übersetzungen,http://diglib.hab.de/edoc/ed000146/start.htm,"Lessing-Akademie Wolfenbüttel (Hrsg.). Wolfenbüttel: Herzog August Bibliothek, 2011. (Editiones Electronicae Guelferbytanae, 8)",2011,no,yes,,,,,,,,
0639,"Letitia Elizabeth Landon's ""Verses"" and The Keepsake for 1829",https://romantic-circles.org/editions/lel/index.html,"Ed. by Terence Hoagwood, Kathryn Ledbetter and Martin M. Jacobsen. A Romantic Circles Electrinic Edition. College Park (MD): University of Maryland, 1998.",1998,no,yes,,,,,,,,
0640,Letters 1916-1923,http://letters1916.maynoothuniversity.ie/,"Edited by Susan Schreibman. Dublin: Trinity College, 2013.",2013,no,yes,,,,,,,,
0641,Letters of 1916,http://dh.tcd.ie/letters1916/,,,yes,no,230,yes,no,no,Modern,ENG,yes,no
0642,Letters of Clemency from the Chancery of Brittany,http://web.archive.org/web/20080221092434/http://palissy.humana.univ-nantes.fr/cete/txt/Remission/index.en.html,Hg. von Nicole Dufournaud und Jean-Daniel Fekete. Nantes: ca. 1998-2000.,1998,no,yes,,,,,,,,
0643,Letters of William Herle Project,http://www.livesandletters.ac.uk/herle/index.html,"Hg. von Robyn Adams. London: A.H.R.C. / Centre for Editing Lives and Letters, 2006.",2006,yes,yes,27,yes,no,yes,Early Modern,ENG,not provided,no
0644,Lettres d'Yves de Chartres,http://telma-chartes.irht.cnrs.fr/yves-de-chartres,"Geneviève Giordanengo. Orléans: Institut de recherche et d’histoire des textes (CNRS - IRHT), 2021.",2021,no,yes,,,,,,,,
0645,Lexicon Leponticum,https://lexlep.univie.ac.at,"Ed. David Stifter, Martin Braun, Corinna Salomon, Michela Vignoli et al. Vienna: University of Vienna, 2012-.",2012,yes,yes,324,no,no,yes,Antiquity,Lepontic; Cisalpine Gaulish; Etruscan; Camunic; Ligurian; Venetic; Sabellic,yes,no
0646,Li livres de jostice et de plet,http://elec.enc.sorbonne.fr/josticeetplet/,"Direction scientifique, édition: Graziella Pastore. Paris: École des chartes, 2016.",2016,no,yes,,,,,,,,
0647,Liber Glossarum,http://liber-glossarum.huma-num.fr/,"Anne Grondeux (project coordination) et al. Huma-Num, 2016.",2016,no,yes,,,,,,,,
0648,Liber Matriculae - Il libro della matricola dei notai di Vercelli,http://scrineum.unipv.it/LM/home.html,,,yes,no,5,no,no,no,Middle Ages; Early Modern,LAT,yes,no
0649,Liber Matriculae - Il libro della matricola dei notai di Vercelli (sec. XIV-XVIII),http://www.librinlinea.it/titolo/liber-matriculae-il-libro-della-matric/TO00906900,"A cura di Antonio Olivieri. Vercelli: Comune di Vercelli, 1999.",1999,no,yes,,,,,,,,
0650,Liber...censualium (1187) (BayHStA HL Freising 6),http://www.bayerische-landesbibliothek-online.de/liber-censualium-edition-evangelientext,"Erstellt von Adelheid Krah unter Mitarbeit von Hans Hummer und Julia Langmeier. München: Bayerische Landesbibliothek Online, 2011.",2011,no,yes,,,,,,,,
0651,Libraria: Éditions d’inventaires anciens de bibliothèques médiévales,https://web.archive.org/web/20200116142323/http://www.libraria.fr/editions-inventaires,"Anne-Marie Turcan-Verkerk, Richard Walter et al. (éds). Paris: Institut de recherche et d’histoire des textes (IRHT), 2009.",2009,no,yes,,,,,,,,
0652,Livingstone Online,http://www.livingstoneonline.ucl.ac.uk,,,yes,no,130,yes,yes,no,Long Nineteenth Century,ENG,not provided,no
0653,Livingstone Online - Explore the manuscripts of David Livingstone,https://www.livingstoneonline.org/index.php,"Co-directed by Adrian S. Wisnicki and Megan Ward. Washington D.C.: University of Maryland Libraries, 2004-2019.",2004,no,yes,,,,,,,,
0654,Livingstone's 1871 Field Diary,http://livingstone.library.ucla.edu/1871diary/manuscript1.htm,,,yes,no,90,yes,yes,no,Long Nineteenth Century,ENG,not provided,no
0655,Livingstone's 1871 Field Diary,https://livingstoneonline.org/spectral-imaging/livingstones-1871-field-diary,"Project lead by Adrian S. Wisnicki. Los Angeles (CA): UCLA Library, 2011.",2011,no,yes,,,,,,,,
0656,Lord Byron and his Times,http://lordbyron.org/,"Ed. by David Hill Radcliffe. Blacksburg (VA): Center for Applied Technologies in the Humanities (CATH), 2011.",2011,no,yes,,,,,,,,
0657,Louis Ginzberg: Legenden der Juden. Digitale Edition.,https://www.ginzberg.ethz.ch/index.html,"Projektleitung: Andreas Kilcher und Joanna Nowotny. Zürich: ETH Zürich, 2021.",2021,no,yes,,,,,,,,
0658,Louise Dumont an Gustav Lindemann – Eine digitale Briefedition,https://web.archive.org/web/20180412224235/http://www.louise-dumont.de/,"Unter der Leitung von Gertrude Cepl-Kaufmann. Düsseldorf: Moderne im Rheinland, 2013.",2013,no,yes,,,,,,,,
0659,Lublin w Dokumencie,https://teatrnn.pl/lublin-w-dokumencie/,"Ed. by Marcin Pytel and Emil Majuk. Lublin: ""Grodzka Gate – NN Theatre"" Centre and State Archive Lublin, 2010.",2010,no,yes,,,,,,,,
0660,Ludvig Holbergs Skrifter,http://holbergsskrifter.dk/,"Managed by Eiliv Vinje, Peter Zeeberg and Karen Skovgaard-Petersen. Kopenhagen/Bergen: Society for Danish Language and Literature / University of Bergen, 2015.",2015,no,yes,,,,,,,,
0661,Ludwig von Ficker Gesamtbriefwechsel,https://edition.ficker-gesamtbriefwechsel.net,"Hg. von Markus Ender, Ingrid Fürhapter, Ulrike Tanzer und Joseph Wang-Kathrein in Zusammenarbeit mit Anton Unterkircher. Innsbruck: Forschungsinstitut Brenner-Archiv der Universität Innsbruck, 2022-.",2022,no,yes,,,,,,,,
0662,Lyrik des deutschen Mittelalters,http://www.ldm-digital.de/,"Hg. von Manuel Braun, Sonja Glauch und Florian Kragl. Erlangen und Stuttgart, 2012-.",2012,no,yes,,,,,,,,
0663,M. Valerii Martialis Epigrammaton Liber IV,http://www.curculio.org/Martial/Martial04.html,,,yes,no,78,no,no,yes,Antiquity,LAT,not provided,no
0664,Maamme kirja - digitaalinen editio,https://maammekirja.sls.fi/,"Toimittaneet Reeta Holopainen, Sakari Katajamäki ja Ossi Kokko. Helsinki: Suomalaisen Kirjallisuuden Seura / Svenska litteratursällskapet i Finland, 2018.",2018,no,yes,,,,,,,,
0665,Mabel Dodge Luhan's “Whirling around Mexico”: A Selection,https://www.scholarlyediting.org/issues/39/mabel-dodge-luhans-whirling-around-mexico-a-selection,"Ed. by Christina Taylor Gibson. Towson: Towson University, 2022.",2022,no,yes,,,,,,,,
0666,"Mächtekongresse 1818–1822. Digitale Edition der Dokumente zu den Kongressen von Aachen (1818), Troppau (1820), Laibach (1821) und Verona (1822)",https://maechtekongresse.acdh.oeaw.ac.at/,"Hrsg. von Karin Schneider unter Mitarbeit von Stephan Kurz. Wien: Österreichische Akademie der Wissenschaften, 2018.",2018,yes,yes,303,yes,yes,yes,Long Nineteenth Century,FRA; ENG; GER,yes,no
0667,Madelaine et Georges de Scudéry: Artamène ou le Grand Cyrus,http://www.artamene.org/,"Bearbeitet von Claude Bourqui, Alexandre Gefen et al. Neuchâtel: Université de Neuchâtel, 2002-2006.",2002,no,yes,,,,,,,,
0668,Magistri Guillelmi Autissiodorensis Summa de officiis ecclesiasticis,http://guillelmus.uni-koeln.de/,"Hg. von Franz Fischer. Köln: Thomas Institut, 2007-2013. ISBN 978-3-00-065835-8",2007,yes,yes,245,partly,no,yes,Middle Ages,LAT,yes,no
0669,Magyar írók levelezése,http://deba.unideb.hu/deba/levelezes/,,,yes,no,285,yes,no,yes,Long Nineteenth Century,HUN; LAT; DEU,yes,no
0670,Magyar Museum,http://deba.unideb.hu/deba/magyar_museum/,,,yes,no,289,yes,no,yes,Long Nineteenth Century,HUN,partly,no
0671,Maironis – The Voices of Spring A DIGITAL ARCHIVE AND A SCHOLARLY EDITION,http://www.pb.flf.vu.lt/,"General Editor: Paulius V. Subačius, Vilnius: Vilnius University Press, 2020.",2020,no,yes,,,,,,,,
0672,Manuscrito digital de Juan Goytisolo,http://goytisolo.unibe.ch/,"Directed by Bénédicte Vauthier, Bern: Universität Bern, 2013.",2013,no,yes,,,,,,,,
0673,"Margit-legenda (Szent Margit élete, 1510)",http://deba.unideb.hu/deba/Margit-legenda_Szent_Margit_elete_1510/index.html,,,yes,no,287,yes,no,yes,Middle Ages,HUN; LAT,yes,no
0674,Maria Edgeworth Letter Project,https://mariaedgeworth.org/,"Ed. by Susan Egenolf, Meredith Hale, Hilary Havens, Jessica Richard, and Robin Runia. Knoxville: University of Tennessee, in collaboration with Texas A+M University, Wake Forest University, and Xavier University, Louisiana, s.a. [probably 2025].",2025,no,yes,,,,,,,,
0675,Maria Jane Jewsbury: The Oceanides,https://romantic-circles.org/editions/oceanides/,"Ed. by Judith Pascoe. A Romantic Circles Electronic Edition. College Park (MD): University of Maryland, 2003.",2003,no,yes,,,,,,,,
0676,MarineLives,http://www.marinelives.org/,"Directed by Colin Greenstreet and Jill Wilcox. [no hosting institution declared], 2014ff.",2014,no,yes,,,,,,,,
0677,Mark Twain in His Times,http://etext.lib.virginia.edu/railton/index2.html,"Directed by Stephen Railton. Charlottesville (VA): University of Virginia, 1996-2007.",1996,no,yes,,,,,,,,
0678,Mark Twain Project,http://www.marktwainproject.org/homepage.html,,,yes,no,51,yes,not provided,no,Long Nineteenth Century,ENG,not provided,no
0679,Mark Twain Project Online,http://marktwainproject.org,"Ed. by the Mark Twain Project. Berkeley (CA): University of California Berkeley, 2007-.",2007,no,yes,,,,,,,,
0680,"Mark Twain: April Fool, 1884",https://www.scholarlyediting.org/2017/editions/aprilfools/intro.html,"Ed. by Leslie Myrick and Christopher Ohge. Berkeley: University of California, 2017.",2017,no,yes,,,,,,,,
0681,Marsden Online Archive,https://marsdenarchive.otago.ac.nz/,"No responsible editor named. Dunedin (NZ): University of Otago, ca. 2014.",2014,no,yes,,,,,,,,
0682,Martha Ballard's Diary Online,http://dohistory.org/diary/index.html,"Ed. by Robert R. McCausland and Cynthia MacAlman McCausland. Rockland (ME): Picton Press, 2003; ISBN 978-0897254267; CD-ROM.",2003,yes,yes,159,no,no,yes,Early Modern; Long Nineteenth Century,ENG,not provided,no
0683,"Mary Darby Robinson. A Letter to the Women of England, on the Injustice of Mental Subordination (1799)",https://romantic-circles.org/editions/robinson/index.html,"Ed. by Adriana Craciun, Anne Irmen Close, Megan Musgrave and Orianne Smith. A Romantic Circles Electronic Edition. College Park (MD): University of Maryland, 1998.",1998,no,yes,,,,,,,,
0684,Mary Shelley: The Last Man (1826),https://romantic-circles.org/editions/mws/lastman/index.html,"Ed. by Steven Jones. A Romantic Circles Electronic Edition. College Park (MD): University of Maryland, 1997.",1997,no,yes,,,,,,,,
0685,Mary Shelley. The Mortal Immortal (1833),https://romantic-circles.org/editions/mws/immortal/index.html,"Ed. by Michael Eberle-Sinatra. A Romantic Circles Electronic Edition. College Park (MD): University of Maryland, 1997.",1997,no,yes,,,,,,,,
0686,Matrikelbücher der Kunstakademie München,http://matrikel.adbk.de/,Hg. von der Akademie der Bildenden Künste München. München: 2008-2015.,2008,no,yes,,,,,,,,
0687,May Bragdon Diaries,https://maybragdon.lib.rochester.edu/,"Ed. by Nora Dimmock et al. Rochester: University of Rochster Libraries, 2016.",2016,no,yes,,,,,,,,
0688,MEGAdigital – Online-Abteilung der historisch-kritischen Gesamtausgabe von Karl Marx und Friedrich Engels,https://megadigital.bbaw.de/,Hg. von der Berlin-Brandenburgischen Akademie der Wissenschaften (BBAW). Berlin: 2010.,2010,yes,yes,337,yes,no,yes,Long Nineteenth Century,GER; ENG; FRE; ITA; SPA; RUS,yes,no
0689,Melville Electronic Library. A Critical Archive,https://melville.electroniclibrary.org,"Ed. by John Bryant. New York: Digital Research Center at Hofstra University, 2008-.",2008,no,yes,,,,,,,,
0690,Melville's Marginalia Online,http://melvillesmarginalia.org/,"Ed. by Steven Olson-Smith, Peter Norberg, and Dennis C. Marnon. Boise (ID): Boise State University, 2008-2012.",2008,no,yes,,,,,,,,
0691,Memoiren der Gräfin Schwerin (1684-1732),https://gams.uni-graz.at/context:mgs,"Projektleitung: Ines Peper, Graz: Karl-Franzens-Universität Graz, 2026.",2026,no,yes,,,,,,,,
0692,"Menschen en Bergen, proza-gedicht",http://menschenenbergen.huygens.knaw.nl/path,"Ed. by Jan-Willem van der Weij. Den Haag: Huygens Instituut, 2009.",2009,no,yes,,,,,,,,
0693,Michel Eyquem de Montaigne: Les «Essais»,http://web.archive.org/web/20100812052807/http://web.me.com/guyjacqu/pernon-editions/accueil.html,Hg. von Guy de Pernon. s.l.: 2003-2005.,2003,no,yes,,,,,,,,
0694,Mikszáth Kálmán összes művei 39,http://digiphil.hu/context:mkk39,,,yes,no,295,yes,no,yes,Modern,HUN,partly,no
0695,Mikszáth Kálmán összes művei 42,http://digiphil.hu/context:mkk42,,,yes,no,296,yes,no,yes,Modern,HUN,partly,no
0696,Mill Marginalia Online,https://millmarginalia.org/,"Ed. by Albert D. Pionke and Emma Annette Wilson. Tuscaloosa: University of Alabama Libraries, 2016.",2016,no,yes,,,,,,,,
0697,Milton Reading Room,https://www.milton.host.dartmouth.edu/reading_room/contents/text.shtml,"Ed. by Thomas H. Luxon. Hanover (NH): Dartmouth College, 1997-.",1997,no,yes,,,,,,,,
0698,Mini Lazarillo. Edición mínima del Lazarillo de Tormes,http://minilazarillo.github.io,"Equipo Mini Lazarillo [group of students]. New York: Columbia University, 2016.",2016,no,yes,,,,,,,,
0699,"Mittelalterlabor. Transkription der Handschrift Graz, UB, Ms. 1609.",http://gams.uni-graz.at/context:malab,Unter Mitarb. v. Astrid Böhm u. Elisabeth Raunig hrsg. v. Helmut W. Klug. April 2019. hdl.handle.net/11471/521.60 (GAMS. 521.60.),2019,no,yes,,,,,,,,
0700,Mitteldeutsche Selbstzeugnisse der Zeit des Dreißigjährigen Krieges,http://www.mdsz.thulb.uni-jena.de/sz/index.php,"Hg. von Hans Medick und Norbert Winnige. Erfurt / Jena: Thüringer Universitäts- und Landesbibliothek Jena, 2008.",2008,no,yes,,,,,,,,
0701,"Mittelfränkische Urkunden, 1300 bis 1330 – Edition",http://www.rmnet.uni-trier.de/cgi-bin/RMnetIndex.tcl?hea=qf&for=qmfranku,"Hg. von Dr. Andrea Rapp unter Mitwirkung von Sabine Bender und Ruth Rosenberger. Trier: Universität Trier, 2003.",2003,no,yes,,,,,,,,
0702,"Montaigne (Michel de), Essais (1588)",http://xtf.bvh.univ-tours.fr/xtf/view?docId=tei/B330636101_S1238/B330636101_S1238_tei.xml,"Marie-Luce Demonet. Les Bibliothèques Virtuelles Humanistes / Université Tours, 2015-.",2015,no,yes,,,,,,,,
0703,Montedite - Édition en ligne des pensées de Montesquieu,https://www.unicaen.fr/services/puc/sources/Montesquieu/,"Directed by Carole Dornier. Caen: Presses universitaires de Caen, 2013.",2013,no,yes,,,,,,,,
0704,Monumenta Asiae Minoris Antiqua XI - Monuments from Phrygia and Lykaonia,http://mama.csad.ox.ac.uk,"Peter Thonemann and Charles Crowther. Oxford: University of Oxford / Centre for the Study of Ancient Documents, Version 1.0, 2012.",2012,no,yes,,,,,,,,
0705,Moralische Wochenschriften,http://gams.uni-graz.at/context:mws?locale=de,"Klaus-Dieter Ertler, Alexandra Fuchs, Michaela Fischer und Elisabeth Hobisch. Graz: Zentrum für nformationsmodellierung in den Geisteswissenschaften, 2011.",2011,no,yes,,,,,,,,
0706,Mozart Briefe und Dokumente - Online Edition,https://dme.mozarteum.at/briefe-dokumente/,Hg. von der Internationalen Stiftung Mozarteum. Salzburg: 2006-.,2006,no,yes,,,,,,,,
0707,Mozart-Libretti - Online-Edition,http://dme.mozarteum.at/DME/libretti-edition/index.php,"Project lead by Ulrich Leisinger and Iacopo Cividini. Salzburg: Stiftung Mozarteum Salzburg, 2006ff.",2006,no,yes,,,,,,,,
0708,MS Junius 11 - Bodleian Digital Texts 1,https://web.archive.org/web/20120416043831/http://www.evellum.com/index.php?option=com_content&view=article&id=19:about-evellum&catid=29:home&Itemid=198,"Ed. by Bernard J. Muir. Oxford: Bodleian Library, 2004; ISBN 978-1851240845; DVD-ROM.",2004,no,yes,,,,,,,,
0709,Musil Online,http://musilonline.at/,,,yes,no,246,no,no,yes,Long Nineteenth Century; Modern,GER,no,no
0710,MUSIL ONLINE,https://edition.onb.ac.at/context:musil,"Hg. von Walter Fanta und Artur R. Boelderl. Wien: Österreichische Nationalbibliothek, Klagenfurt: Robert-Musil-Institut/Kärntner Literaturarchiv, 2025.",2025,no,yes,,,,,,,,
0711,musique deoque,https://www.mqdq.it/,"Project lead by Paolo Mastandrea, Raffaele Perrelli, Gilberto Biondi, Loriano Zurli and Valeria Viparelli. s.l.: 2005-.",2005,no,yes,,,,,,,,
0712,Mystische Bücher in der Bibliothek der Kartause Erfurt. Digitale Edition,https://making-mysticism.org/edition/1.0/html/,"Hg. von Marieke Abram, Susanne Bernhardt und Gilbert Fournier. Freiburg: Universitätsbibliothek, Version 1.0, 10.05.2022.",2022,yes,yes,320,yes,yes,yes,Middle Ages,LAT,yes,no
0713,Nachlass Franz Brümmer,http://bruemmer.staatsbibliothek-berlin.de/nlbruemmer/,"Verantwortet von Roland Berbig und Jutta Weber. Berlin: Staatsbibliothek Berlin, 2007-.",2007,no,yes,,,,,,,,
0714,Narragonien digital. Digitale Textausgaben von europäischen 'Narrenschiffen' des 15. Jahrhunderts.,http://www.narragonien-digital.de,"Hg. von Brigitte Burrichter und Joachim Hamm. Würzburg: Julius-Maximilians-Universität Würzburg, 2021-.",2021,no,yes,,,,,,,,
0715,Nero-Middleton Cartulary,http://individual.utoronto.ca/emrecordkeeping/,"Ed. by Jonathan Herold. Toronto (ON): University of Toronto, 2004-.",2004,no,yes,,,,,,,,
0716,Netzwerke der Nonnen. Edition und Erschließung der Briefsammlung aus Kloster Lüne (ca. 1460-1555),http://diglib.hab.de/edoc/ed000248/start.htm,"Bearbeitet von Eva Schlotheuber, Henrike Lähnemann, Simone Schultz-Balluff, Edmund Wareham, Philipp Trettin und Lena Vosding unter Mitarbeit von Philipp Stenzig, Timo Bülters und Konstantin Winters. Technische Umsetzung von Wolfgang Seifert und Torsten Schaßan. Wolfenbüttel: Herzog August Bibliothek, 2016-.",2016,no,yes,,,,,,,,
0717,Neue Mozart-Ausgabe: Digitalisierte Version,http://dme.mozarteum.at/DME/nma/nmapub_srch.php?l=1,Hg. von der Internationalen Stiftung Mozarteum. Salzburg: 2006-.,2006,no,yes,,,,,,,,
0718,New Letters from Charles Brown to Joseph Severn (1821-1842),https://web.archive.org/web/20230727030607/https://romantic-circles.org/editions/brownsevern/,"Ed. by Grant F. Scott and Sue Brown. A Romantic Circles Electronic Edition. College Park (MD): University of Maryland, 2007.",2007,no,yes,,,,,,,,
0719,Niccolò Canussio: De restitutione patriae,http://www.fondazionecanussio.org/patria.htm,,,yes,no,52,no,no,yes,Middle Ages,LAT,not provided,no
0720,Nietzsche Source,http://www.nietzschesource.org/,"Ed. by Paolo D'Iorio. Paris: École Normale Supérieure, 2009.",2009,yes,yes,33,yes,yes,yes,Long Nineteenth Century; Modern,GER,yes,http://ride.i-d-e.de/issues/issue-1/nietzschesource/
0721,Nietzsche: Werke,https://www.degruyter.com/view/serial/16016?rskey=VXSmtn&result=7,"Hg. von Marie-Luise Haase und Martin Stingelin. Berlin / New York: de Gruyter, 1995-.",1995,no,yes,,,,,,,,
0722,Nobody by Mary Robinson,https://romantic-circles.org/Editions/Publication/nobody-comedy-two-acts-1794,"Ed. by Terry F. Robinson. A Romantic Circles Electronic Edition. College Park (MD): University of Maryland, 2013.",2013,no,yes,,,,,,,,
0723,"Norse Romanticism: Themes in British Literature, 1760-1830",https://romantic-circles.org/editions/norse/index.html,"Ed. by Robert W. Rix. A Romantic Circles Electronic Edition. College Park (MD): University of Maryland, 2012.",2012,no,yes,,,,,,,,
0724,Notes from Egypt,https://notesfromegypt.info/index.html,Ed. by Frank Grieshaber. 2017-.,2017,no,yes,,,,,,,,
0725,Notker III. von St. Gallen: De interpretatione. Elektronische Teiledition,http://www.edkomp.uni-muenchen.de/Notker/Demo-CD/edition_frame.html,"Hg. von Harald Saller. München: Graduiertenkolleg Textkritik, 2004.",2004,no,yes,,,,,,,,
0726,Nürnberger Briefbücher,http://lme70.informatik.uni-erlangen.de:8060/exist/apps/nuernberger-briefbuecher/index.html,"Projektleitung: Klaus Herbers, Peter Fleischmann, Mechthild Habermann, Andreas Maier; FAU Erlangen-Nürnberg; 2019.",2019,no,yes,,,,,,,,
0727,O Pasquineiro da Roça: Edição dos Panfletos de Eulálio Motta,http://www.eulaliomotta.uefs.br/index.php,"Patrício Nunes Barreiros. Salvador: Universidade Federal da Bahia, 2013.",2013,no,yes,,,,,,,,
0728,Ödön von Horváth: Historisch-kritische Ausgabe – Digitale Edition,http://gams.uni-graz.at/horvath-edition,,,yes,no,256,yes,yes,yes,Modern,GER,yes,no
0729,Ödön von Horváth: Historisch-kritische Ausgabe – Digitale Edition,http://gams.uni-graz.at/context:ohad,"Hg. von Klaus Kastberger. Graz: Zentrum für Informationsmodellierung, 2016.",2016,no,yes,,,,,,,,
0730,"OEPF 2.0: Old English Poetry in Facsimile, Restorative Editions",https://oepoetryfacsimile.org/,"Ed. by Martin Foys et al. Madison (WI): Center for the History of Print and Digital Culture, University of Wisconsin-Madison, 2019-.",2019,no,yes,,,,,,,,
0731,Ogham in 3D,http://ogham.celt.dias.ie/,"Nora White (Pricipal Investigator). Dublin: Dublin Institute for Advanced Studies, 2015.",2015,no,yes,,,,,,,,
0732,Ogier von Dänemark / Ogier van Denemerken.,https://ogier.huygens.knaw.nl,"Edition der Handschrift Heidelberg. Universitätsbibliothek Cpg 363 mit einer Rekonstruktion des mittelniederländischen Textes und einer deutschen Übersetzung. Amand Berteloot mit Unterstützung von Klaus-Dieter Luitjens. Amsterdam/Heidelberg: Huygnes ING/Universitätsbibliothek Heidelberg, 2019.",2019,no,yes,,,,,,,,
0733,Olive Schreiner Letters Online,http://www.oliveschreiner.org/,"Ed. by Liz Stanley et al. Edinburgh/Leeds/Sheffield: University of Edinburgh / Leeds Beckett University / HRI Digital, 2012-.",2012,yes,yes,160,partly,no,yes,Long Nineteenth Century,ENG,not provided,no
0734,Online Chopin Variorum Edition,http://www.ocve.org.uk/index.html,"Directed by John Rink. London/Cambridge: King's College London / University of Cambridge, 2003-2017.",2003,yes,yes,110,partly,no,no,Long Nineteenth Century,ENG; FRE; GER; POL,not provided,no
0735,Online Electronic Variorum of the Works of Rabindranath Tagore,http://rabindranathtagore-150.gov.in/online-voriourum.html,,,yes,no,161,no,no,no,Long Nineteenth Century; Modern,BEN,not provided,no
0736,Online-Edition der Protokolle der Fraktionen des Deutschen Bundestags,https://fraktionsprotokolle.de/,"Geleitet von Dr. Sven Jüngerkes. Berlin: Kommission für Geschichte des Parlamentarismus und der politischen Parteien (KGParl), 2017-.",2017,no,yes,,,,,,,,
0737,Online.Swift,https://www.online-swift.de/index.html,"Ed. Kirsten Juhas et. al. Münster: Ehrenpreis Centre for Swift Studies, 2011-.",2011,no,yes,,,,,,,,
0738,Open Arabic Periodical Editions (OpenArabicPE),https://openarabicpe.github.io/,,,yes,no,340,yes,yes,yes,Long Nineteenth Century; Modern,ARA,yes,no
0739,Opera Aesthetica Szerdahelyana / Szerdahely György Alajos esztétikai írásai,http://deba.unideb.hu/deba/szerdahely/,,,yes,no,282,yes,no,yes,Long Nineteenth Century,LAT,yes,no
0740,Ordonnances de l'hôtel du roi,http://www.cn-telma.fr/ordonnances/index/,,,yes,no,162,not provided,no,no,Middle Ages,FRO,not provided,no
0741,Ordonnances de l'hôtel du roi,https://telma.irht.cnrs.fr/outils/ordonnances/index/,"Elisabeth Lalou. Orléans: Institut de Recherche et d'Histoire des Textes, 2006.",2006,no,yes,,,,,,,,
0742,Oregon Petrarch Open Book Project,http://petrarch.uoregon.edu/,,,yes,no,112,yes,no,yes,Middle Ages,ITA,yes,no
0743,Original und Kopie des ›Rappoltsteiner Parzifal‹ - Handschriftliche Überlieferung und Textgenese im 14. Jahrhundert,http://www.parzival.unibe.ch/rapp/#/,"Hrsg. von Michael Stolz. Bern: Universität Bern, 2019.",2019,no,yes,,,,,,,,
0744,Orlando Furioso Hypertext,http://stel.ub.edu/orlando/,,,yes,no,74,no,no,yes,Early Modern,ITA,not provided,no
0745,Orpheus,http://deba.unideb.hu/deba/orpheus/,,,yes,no,288,yes,no,yes,Long Nineteenth Century,HUN,partly,no
0746,Orwell Diaries,http://orwelldiaries.wordpress.com/,Published by The Orwell Price. s.l.: 2008-2012.,2008,no,yes,,,,,,,,
0747,P. Ovidii Nasonis Heroides I,http://www.curculio.org/Ovid/h01.html,,,yes,no,79,no,no,yes,Antiquity,LAT,not provided,no
0748,P.S. Post Scriptum: A Digital Archive of Ordinary Writing,http://ps.clul.ul.pt/,,,yes,no,297,yes,yes,yes,Early Modern,PRT; SPA,yes,no
0749,Paesi novamente retrovati – Newe unbekanthe landte: Eine digitale Edition früher Entdeckerberichte.,http://diglib.hab.de/edoc/ed000145/start.htm,"Norbert Ankenbauer (Hrsg.). Wolfenbüttel: Herzog August Bibliothek, 2012. (Editiones Electronicae Guelferbytanae, 10)",2012,no,yes,,,,,,,,
0750,Paganico: statuti della comunitá (secolo XV),https://web.archive.org/web/20050217022521/http://www.gol.grosseto.it/puam/arcstato/paganico/pagcop.htm,A cura di Silvia Cappelli e Franca Doccini. Grosseto: 1997.,1997,no,yes,,,,,,,,
0751,Paippalāda Recension of the Atharvaveda,https://www.atharvaveda-online.uzh.ch/home/paippalada-recension,"Ed. by Thomas Zender, Oliver Hellwig and Robert Leach. Zürich: University of Zurich, 2020.",2017,no,yes,,,,,,,,
0752,"Paolo Bufalini's Notebook, 1981–1991 - The digital edition",http://projects.dharc.unibo.it/bufalini-notebook/,"Ed. by Francesca Giovannetti, Marilena Daquino and Francesca Tomasi. Bologna: Digital Humanities Advanced Research Center (/DH.ARC), 2018.",2018,no,yes,,,,,,,,
0753,Paper Bullets: The Civil War Letters of John and Phebe Miller,https://www.scholarlyediting.org/issues/41/paper-bullets/,"Ed. by Samantha Misa. Albany: University of New York at Albany, 2024.",2024,no,yes,,,,,,,,
0754,Papers of General Nathanael Greene,https://web.archive.org/web/20090103134016/http://adh.sc.edu/ng/ng-table.html,"Ed. by Dennis M. Conrad. Providence (RI): Rhode Island Historical Society, 1999-2003.",1999,no,yes,,,,,,,,
0755,Partonopeus de Blois,https://hridigital.shef.ac.uk/partonopeus/,,,yes,no,19,partly,no,yes,Middle Ages,FRO,not provided,no
0756,Partonopeus de Blois - An Electronic Edition,https://www.dhi.ac.uk/partonopeus/,"Ed. by Penny Eley et al. Sheffield: HriOnline, 2005.",2005,no,yes,,,,,,,,
0757,Parzival-Projekt,http://www.parzival.unibe.ch/home.html,"Unter der Leitung von Michael Stolz. Bern: Universität Bern, 2007-.",2007,yes,yes,117,yes,no,yes,Middle Ages,GMH,not provided,no
0758,Patristic Text Archive (PTA),https://pta.bbaw.de,,,yes,no,339,yes,yes,yes,Antiquity,GRC; LAT; SYC; XCL,yes,no
0759,Paul Klee – Bildnerische Form- und Gestaltungslehre,http://www.kleegestaltungslehre.zpk.org/ee/ZPK/Archiv/2011/01/25/00001/,"Fabienne Eggelhöfer und Marianne Keller Tschirren. Bern: Zentrum Paul Klee, s.a. [wohl 2012].",2012,no,yes,,,,,,,,
0760,Percy Bysshe Shelley: The Devil's Walk,http://www.rc.umd.edu/editions/shelley/devil/index.html,,,yes,no,119,no,no,no,Long Nineteenth Century,ENG,not provided,no
0761,Percy Bysshe Shelley. On the Medusa of Leonardo da Vinci in the Florentine Gallery (1819),https://romantic-circles.org/editions/shelley/medusa/index.html,"Ed. by Neil Fraistat and Melissa Jo Sites. A Romantic Circles Electronic Edition. College Park (MD): University of Maryland, 1997.",1997,no,yes,,,,,,,,
0762,Percy Bysshe Shelley. The Devil's Walk (1812),https://romantic-circles.org/editions/shelley/devil/index.html,"Ed. by Neil Fraistat and Donald H. Reiman. A Romantic Circles Electronic Edition. College Park (MD): University of Maryland, 1997.",1997,no,yes,,,,,,,,
0763,Personen der Moderne Basis,https://pmb.acdh.oeaw.ac.at/,,,yes,no,331,yes,yes,yes,Long Nineteenth Century; Modern,GER,yes,no
0764,Peter Handke: Notizbücher. Digitale Edition,http://edition.onb.ac.at/handke-notizbuecher,"Geleitet von Ulrich von Bülow, Bernhard Fetz und Katharina Pektor. Deutsches Literaturarchiv Marbach / Österreichische Nationalbibliothek: Wien, 2022-.",2022,yes,yes,321,yes,yes,yes,Contemporary,GER,yes,no
0765,"Petrarchive - An edition of Petrarch’s songbook, Rerum vulgarium fragmenta. Bloomington (IN): Indiana University, 2013.",http://dcl.slis.indiana.edu/petrarchive/,"Edited by H. Wayne Storey and John A. Walsh. Bloomington: Indiana University, 2013-2018.",2013,no,yes,,,,,,,,
0766,Petrus de Ebulo: *De rebus Siculis Carmen*,https://eng-bup.unibas.it/library/DH,"A cura di Fulvio Delle Donne. Potenza: Basilicata University Press, 2020. ISBN 978-88-31309-02-8.",2020,no,yes,,,,,,,,
0767,"Petrus de Prece, Adhortatio",http://web.unibas.it/bup/evt2/pdp/index.html#/imgTxt%3Fd=text_prose%26amp;p=frontespizio%26amp;s=frontediz%26amp;e=interpretative%26amp;ce=critical,"A cura di Martina Pavoni. Potenza: Basilicata University Press, 2020.",2020,no,yes,,,,,,,,
0768,Petrus Plaoul - Editio Critica Commentarii in libris Sententiarum,https://scta.info/resource/peter-plaoul,"Ed. by Jeffrey C. Witt. Boston (MA): Boston College, 2011.",2011,no,yes,,,,,,,,
0769,"Pfarrherren, Dichterinnen, Forscher – Lebenszeugnisse einer Zürcher Familie des 19. Jahrhunderts.",https://pfarrherren.ch,"Hg. von Regine Schindler. Zürich: Schweizerisches Institut für Kinder- und Jugendmedien, 2007-2011.",2007,no,yes,,,,,,,,
0770,Philipp Hainhofer: Das Große Stammbuch,https://stammbuch.hab.de/,"Hrsg. von Sabine Jagodzinski und Martin de la Iglesia. Wolfenbüttel: Herzog August Bibliothek, 2024.",2024,no,yes,,,,,,,,
0771,Philipp Hainhofer: Reiseberichte & Sammlungsbeschreibungen 1594–1636,https://hainhofer.hab.de/,"Hrsg. von Michael Wenzel. Transkription und Kommentar von Ursula Timann und Michael Wenzel. Wolfenbüttel: Herzog August Bibliothek, 2020-.",2020,no,yes,,,,,,,,
0772,Phineas Fletcher's Sylva Poetica,http://www.philological.bham.ac.uk/sylva/,,,yes,no,96,no,no,yes,Early Modern,LAT,not provided,no
0773,"Physicians' Lives in the Shenandoah Valley Henkel Family Letters, 1786-1907",http://www.nlm.nih.gov/hmd/digicolls/henkel/index.html,"Ed. by Jim Labosier. Bethesda (MD): U.S. National Library of Medicine, 2010.",2010,no,yes,,,,,,,,
0774,Pico della Mirandola: De hominis dignitate,http://www.brown.edu/Departments/Italian_Studies/pico/index.html,,,yes,no,115,no,no,yes,Middle Ages,LAT,not provided,no
0775,Piers Plowman Electronic Archive,https://piers.chass.ncsu.edu/,"Vol. 1: Corpus Christi College Oxford MS 201 (F), ed. by Robert Adams, Hoyt N. Duggan, Eric Eliason, Ralph Hanna, John Price-Wilkin and Thorlac Turville-Petre. SEENET Series A.1. Ann Arbor (MI): University of Michigan Press for The Society for Early English and Norse Electronic Texts, 2000; ISBN 9780472002757; CD-ROM. 2014; Web-Edition.; Vol. 2: Cambridge, Trinity College MS B.15.17 (W), ed. by Thorlac Turville-Petre and Hoyt Duggan. SEENET Series A.2. Ann Arbor (MI): University of Michigan Press for The Society for Early English and Norse Electronic Texts, 2000; ISBN 9780472003037; CD-ROM. 2014; Web-Edition.; Vol. 3: MS Oriel College, Oxford 79 (O), ed. by Katherine Heinrichs. SEENET Series A.5. Medieval Academy of America / Boydell and Brewer / The Society for Early English and Norse Electronic Texts, 2004; ISBN 9781843840251; CD-ROM. 2014; Web-Edition.; Vol. 4: MS Laud Misc. 581, Bodleian Library S.C. 987 (L), ed. by Hoyt N. Duggan and Ralph Hanna. SEENET Series A.6. Medieval Academy of America / Boydell and Brewer / The Society for Early English and Norse Electronic Texts, 2004; ISBN 9781843840268; CD-ROM. 2014; Web-Edition.; Vol. 5: British Library MS Additional 35287 (M), ed. by Eric Eliason and Thorlac Turville-Petre. SEENET Series A.7. Medieval Academy of America / Boydell and Brewer / The Society for Early English and Norse Electronic Texts, 2005; ISBN 9781843840510; CD-ROM. 2014; Web-Edition.; Vol. 6: San Marino, Huntington Library, MS Hm 128 (Hm and Hm2), ed. by Michael Calabrese, Hoyt N. Duggan, and Thorlac Turville-Petre. SEENET series A.9. Medieval Academy of America / Boydell and Brewer / The Society for Early English and Norse Electronic Texts, 2008; ISBN 9781843840923; CD-ROM. 2014; Web-Edition.; Vol. 7: London, British Library, MS Lansdowne 398 and Oxford, Bodleian Library, MS Rawlinson Poetry 38 (R), ed. by Robert Adams. SEENET Series A.10. Medieval Academy of America / Boydell and Brewer / The Society for Early English and Norse Electronic Texts, 2011; ISBN 9781843840947; CD-ROM. 2014; Web-Edition.; Vol. 8: Cambridge, Cambridge University Library, MS Gg.4.31 (G), ed. by Judith Jefferson. SEENET Series A.11. Medieval Academy of America / Boydell and Brewer / The Society for Early English and Norse Electronic Texts, 2014; Web-Edition.",2000,no,yes,,,,,,,,
0776,Pietro Mellini's Inventory in verse 1681,http://www.getty.edu/research/mellini/,"Edited by Murtha Baca and Nuria Rodríguez Ortega. Los Angeles: Getty Research Institute, 2015.",2015,yes,yes,196,no,no,yes,Early Modern,ITA,not provided,no
0777,Pioneer Lives,https://web.archive.org/web/20190925233050/http://digital.lib.uiowa.edu:80/pioneers/,"[no editors named]. Iowa City (IA): University of Iowa Libraries, 2014.",2014,no,yes,,,,,,,,
0778,Poems by Anna Laetitia Aikin,http://www.rc.umd.edu/editions/contemps/barbauld/poems1773/,,,yes,no,120,no,no,no,Early Modern,ENG,not provided,no
0779,Presidential Recordings Digital Edition,https://prde.upress.virginia.edu,"Ed. by Marc J. Selverstone et. al. Charlottesville: University of Virginia Press / Rotunda, 2014.",2014,no,yes,,,,,,,,
0780,Princeton Dante Project,https://dante.princeton.edu/,"Ed. by Robert Hollander. Princeton: Princeton University, 1997-1999.",1997,no,yes,,,,,,,,
0781,private voices: The Corpus of American Civil War Letters,https://altchive.org/,"Dir. by Michael Ellis, Michael Montgomery, and Stephen Berry. Springfield (MO)/ Columbia (SC): Missouri State University / University of South Carolina, 2017-.",2017,no,yes,,,,,,,,
0782,Probstuecke digital,https://web.archive.org/web/20200809032709/http://probstuecke-digital.de/,"Ed. by Niels Pfeffer and Klaus Rettinghaus. Freiburg: Musikhochschule Freiburg, 2019.",2019,no,yes,,,,,,,,
0783,Procès-verbaux de la Commission des Monuments historiques de 1848 à 1950,http://elec.enc.sorbonne.fr/monumentshistoriques/,"Ed. by Jean-Daniel Pariset. Paris: École nationale des chartes, 2014.",2014,no,yes,,,,,,,,
0784,Progetto Pico / Pico Project,https://web.archive.org/web/20250913124312/https://www.brown.edu/Departments/Italian_Studies/pico/,"Ed. by Pier Cesare Bori et al. Providence (RI) / Bologna: Brown University / Università di Bologna, before 2003.",2003,no,yes,,,,,,,,
0785,Progetto VaSto- 'Storia Fiorentina',https://dharc-org.github.io/progetto-vasto/,"A cura di Dario Brancato. Bologna: Università di Bologna / Digital Humanities Advanced Research Centre (/DH.arc), 2020.",2020,no,yes,,,,,,,,
0786,Project CARDS / Project FLY,http://alfclul.clul.ul.pt/cards-fly/index.php,"Coordinated by Rita Marquilhas. Lisbon: Centro de Linguística da Universidade de Lisboa, 2012-.",2012,no,yes,,,,,,,,
0787,Project Tarsian: First Corinthians in Vaticanus Arabicus 13,http://tarsian.vital-it.ch/,,,yes,no,229,yes,yes,yes,Middle Ages,ARA,yes,no
0788,Protokoll des Religionskolloquiums in Vilnius am 14. Juni 1585,http://diglib.hab.de/edoc/ed000004/start.htm,"Bearbeitet von Jolanta Gelumbeckaite, Christian Heitzmann und Thomas Stäcker. Wolfenbüttel: Herzog August Bibliothek, 2006.",2006,no,yes,,,,,,,,
0789,Protokolle des Bayerischen Staatsrats,https://www.bayerischer-staatsrat.de,Hrsg. von der Historischen Kommission bei der Bayerischen Akademie der Wissenschaften. Bearb. von Reinhard Stauber (Bd. 1) bzw. Esteban Mauerer (Bd. 2). München: s.a. [nach 2008].,2008,yes,yes,316,yes,yes,yes,Long Nineteenth Century,GER,partly,no
0790,Protokolle des Duisburger Notgerichts von 1537-1545 – Elektronische Edition,http://www.rmnet.uni-trier.de/cgi-bin/RMnetIndex.tcl?hea=qf&for=qnotgeru,"Hg. von Prof. Dr. Arend Mihm. Duisburg: Universität Duisburg-Essen, 2005.",2005,no,yes,,,,,,,,
0791,Ptolemaeus Arabus et Latinus (PAL),https://ptolemaeus.badw.de,"Directed by Dag Nikolaus Hasse. München: Bayerische Akademie der Wissenschaften, 2013-.",2013,no,yes,,,,,,,,
0792,"Quellen und Dokumente zu Leben, Werk und literarischen Bezügen des Malers, Unternehmers und Diplomaten Peter Paul Rubens (1577-1640)",http://diglib.hab.de/edoc/ed000083/startx.htm,"Hg. von Nils Büttner und Ulrich Heinen. Wolfenbüttel: Herzog August Bibliothek, 2011.",2011,no,yes,,,,,,,,
0793,"Quellen zur habsburgisch-osmanischen Diplomatie in der Neuzeit – Die Internuntiatur des Johann Rudolf Schmid zum Schwarzenhorn (1649): Reisebericht, Instruktionen, Korrespondenz, Berichte",http://gams.uni-graz.at/context:dipko,"Geleitet von Arno Strohmeyer. Graz: Zentrum für Informationsmodellierung, 2019-.",2019,no,yes,,,,,,,,
0794,Queste del saint Graal,http://txm.ish-lyon.cnrs.fr/bfm/,"Édition numérique interactive du manuscrit de Lyon (Bibliothèque municipale, P.A. 77). Edité par Christiane Marchello-Nizia et Alexei Lavrentiev. Lyon: Institut des Sciences de l'Homme (ISH), 2013.",2013,no,yes,,,,,,,,
0795,Queste del Saint Graal,http://txm.bfm-corpus.org/?command=documentation&path=/GRAAL,,,yes,no,53,yes,yes,yes,Middle Ages,FRM,yes,no
0796,"Queste del saint Graal. Manuscrit Lyon, Bibliothèque municipale, P.A. 77",https://web.archive.org/web/20121028151551/http://txm.risc.cnrs.fr/txm/,Edition par Christiane Marchello-Nizia. Lyon: 2010.,2010,no,yes,,,,,,,,
0797,Quijote Interactivo,http://quijote.bne.es/libro.html,,,yes,no,68,no,no,no,Early Modern,SPA,no,no
0798,Reading in the Alps. Private book ownership in the Catholically dominated Central Alps 1750–1800.,https://rita.acdh.oeaw.ac.at,"Hg. von Michael Span und Michael Prokosch. Wien/Innsbruck: Österreichische Akademie der Wissenschaften / Universität Innsbruck, 2017-.",2017,no,yes,,,,,,,,
0799,Regensburger Wappen- und Porträtbücher,https://gams.uni-graz.at/context:rpb-volumes,"Unter der Supervision von Walter Koch, Ingo Kropač und Johannes Stigler, durchgeführt von Martina Bürgermeister, Stefanie Friedl, Carina Kargl, Angelika Rossmaier und Elisabeth Steiner. Graz: Zentrum für Informationsmodellierung / Austrian Centre for Digital Humanities, 2012.",2012,no,yes,,,,,,,,
0800,Régi Magyar Exemplumadatbázis/ Database of Old Hungarian Exempla,http://sermones.elte.hu/exemplumadatbazis/,,,yes,no,279,no,no,yes,Middle Ages; Early Modern,HUN; LAT,yes,no
0801,Registers van de Hollandse grafelijkheid 1299-1345,http://resources.huygens.knaw.nl/registershollandsegrafelijkheid,"Ed. by J.W.J. Burgers. The Hague: Huygens Instituut, s.a. [before 2014].",2014,no,yes,,,,,,,,
0802,Registers van de Hollandse grafelijkheid 1299-1345,http://www.historici.nl/Onderzoek/Projecten/RegistersVanDeHollandseGrafelijkheid1299-1345/index_html,"The registers of the Counts of Holland in the Hainaut period, 1299-1345. Project lead by J.W.J. Burgers. Huygens ING / HIstorici.nl, s.a. [not after 2014].",2014,no,yes,,,,,,,,
0803,"Registres del'Academie, Juin 1746-Aout 1786",http://akademieregistres.bbaw.de/index.html,"Bearbeitet von Vera Enke, Wolfgang Knobloch, Wolf-Hagen Krauth, Markus Schnöpf und Stefan Wiederkehr. Berlin: Berlin-Brandenburgischen Akademie der Wissenschaften (BBAW), 2012.",2012,no,yes,,,,,,,,
0804,Rejestr kontrybucji diecezji poznańskiej z 1561 r.,https://exist.lhdb.kul.pl/exist/apps/1561/index.html,"Ed. by Lukasz Poznański. Wrocław: University of Wrocław, 2024.",2024,no,yes,,,,,,,,
0805,"Relationen vom russischen Hof - Berichte europäischer Diplomaten, 1690-1730",https://quellen.perspectivia.net/de/russische_relationen/start,"Herausgegeben von Lorenz Erren und Franziska Schedewie. Bonn: Max Weber Stiftung, 2016.",2016,no,yes,,,,,,,,
0806,Religiöse Friedenswahrung und Friedensstiftung in Europa (1500-1800): Digitale Quellenedition frühneuzeitlicher Religionsfrieden,http://tueditions.ulb.tu-darmstadt.de/e000001/,"Hrsg. von Irene Dingel. Darmstadt: 2013. Darmstädter Digitale Editionen (DDE) 1, 2018.",2018,no,yes,,,,,,,,
0807,Renan Source,http://www.renansource.org,,,yes,no,347,partly,partly,yes,Long Nineteenth Century,FRE,yes,no
0808,Restauration de l'église Saint-Germain-des-Prés,http://elec.enc.sorbonne.fr/saintgermaindespres/,"Édition par by Philippe Plagnieux et Élisabeth Parinet. Paris: École nationale des chartes, 2015.",2015,no,yes,,,,,,,,
0809,"Revolutionary Duchess: The Elbeuf Letters, 1788-1794",https://revolutionaryduchess.exeter.ac.uk/,"Ed. by Colin Jones, Alex Fairfax-Chomeley and Simon Macdonald. London: Queen Mary University of London, 2023.",2023,no,yes,,,,,,,,
0810,"Richard Brinsley Peake: Presumption; or, The Fate of Frankenstein (1823)",https://romantic-circles.org/editions/peake/,"Ed. by Stephen C. Behrendt. A Romantic Circles Electronic Edition. College Park (MD): University of Maryland, 2001.",2001,no,yes,,,,,,,,
0811,Richard Brome Online,https://www.dhi.ac.uk/brome/,"General Editor Richard Cave. London: Royal Holloway, University of London, 2010.",2010,no,yes,,,,,,,,
0812,Richard Minne en Frits Van den Berghe F. Een tong van lijntses. Geannoteerde leeseditie van de Brieven van Pierken (1931-1935),https://web.archive.org/web/20111219021517/http://www.kantl.be:80/ctb/pub/index.htm,"Bezorgd door Vincent Neyt. Gent: Centrum voor Teksteditie en Bronnenstudie (CTB) / KANTL, 2002; ISBN 978-9072474449; CD-ROM.",2002,no,yes,,,,,,,,
0813,Richard Wagner Schriften | RWS Digital,https://www.wagner-schriften.de/,"Hg. von Ulrich Konrad. Mainz: Akademie der Wissenschaften und der Literatur Mainz, Würzburg: Institut für Musikforschung der Universität Würzburg, 2025.",2025,no,yes,,,,,,,,
0814,Rijmkroniek van Holland (366-1305),http://www.historici.nl/Onderzoek/Projecten/Rijmkroniek,"Ed. by J. W. J. Burgers. Den Haag: Rijks Geschiedkundige Publicatiën (Grote Serie 251), 2004.",2004,no,yes,,,,,,,,
0815,Rimay János ifjúkori versgyűjteménye,http://www.tankonyvtar.hu/hu/tartalom/tkt/rimay-janos-ifjukori/,,,yes,no,276,no,no,no,Early Modern,HUN,yes,no
0816,Rimay János ifjúkori versgyűjteménye,https://regi.tankonyvtar.hu/hu/tartalom/tkt/rimay-janos-ifjukori/adatok.html,"Tóth Tünde, Horváth Viktor. Budapest: ELTE BTK BIÖP–Bibliopolisz, 2007.",2007,no,yes,,,,,,,,
0817,Rimay János verseinek fragmentumi,http://magyar-irodalom.elte.hu/gepesk/rimay/,,,yes,no,275,no,no,yes,Early Modern,HUN,yes,no
0818,Robert Southey and Milleniarianism: Documents Concerning the Prophetic Movements of the Romantic Era,https://romantic-circles.org/editions/southey_prophecy,"Ed. by Tim Fulford. A Romantic Circles Electronic Edition. College Park (MD): University of Maryland, 2012.",2012,no,yes,,,,,,,,
0819,Robert Southey: Wat Tyler. A Dramatic Poem,https://romantic-circles.org/editions/wattyler/,"Ed. by Matt Hill. A Romantic Circles Electronic Edition. College Park (MD): University of Maryland, 2004.",2004,no,yes,,,,,,,,
0820,Roman de la Rose - Digital Surrogates of Medieval Manuscripts,https://web.archive.org/web/20080820101548/http://rose.mse.jhu.edu/pages/main_frameset.htm,"Directed by Stephen G. Nichols and Cynthia Requardt. Baltimore (MD): Milton S. Eisenhower Library of The Johns Hopkins University / The Pierpont Morgan Library, 1998-2001.",1998,no,yes,,,,,,,,
0821,Roman Inscriptions of Britain,https://romaninscriptionsofbritain.org/,"Ed. by Scott Vanderbilt. Nottingham: University of Nottingham, 2014-2019",2014,yes,yes,233,yes,no,yes,Antiquity,ENG,partly,no
0822,"Romualdus Beneventanus, Chronicon",http://www1.unipa.it/paolo.monella/romualdus/,,,yes,no,312,yes,yes,no,Middle Ages,LAT,yes,no
0823,Romualdus Beneventanus: Chronicon,https://www.paolomonella.it/romualdus/,"Ed. by Paolo Monella. Palermo: Università degli Studi di Palermo, 2020.",2020,no,yes,,,,,,,,
0824,Rostocker Matrikelportal - Datenbankedition der Immatrikulationen an der Universität Rostock 1419-1945,http://matrikel.uni-rostock.de,"Bearbeitet von Karsten Labahn, Doreen Brandt und Robert Stephan im Auftrag des Rektors der Universität Rostock. Rostock: Universität Rostock, 2010-.",2010,no,yes,,,,,,,,
0825,Rostocker Urgichten des 16. Jahrhunderts in Fällen von Zauberei und Hexerei. Digitale Methoden und Lehrkonzepte auf der Testbank,https://opendata.uni-halle.de/handle/1981185920/13873,"Katrin Moeller, Andreas Müller und Anne Purschwitz. Halle: Historisches Datenzentrum Sachsen-Anhalt, 2019.",2019,no,yes,,,,,,,,
0826,Rudolf Carnap Digital,https://valep.vc.univie.ac.at/valepPlus/project/62,"Ed. by Lois M. Rendl and Roman Jordan. Wien: Institut Wiener Kreis (Universität Wien), 2022.",2022,no,yes,,,,,,,,
0827,S’écrire au XIXe siècle. Une correspondance familiale,http://correspondancefamiliale.ehess.fr/index.php,"Ed. by Cécile Dauphin and Danièle Poublan. Paris: Centre de Recherches Historiques (CRH) / Ecole des Hautes Etudes En Sciences Sociales (EHESS), 2015.",2015,no,yes,,,,,,,,
0828,Sachsenspiegel Online,http://www.sachsenspiegel-online.de/cms/,"Bearbeitet von Björn Dittrich. Wolfenbüttel: Herzog-August-Bibliothek, 2004.",2004,no,yes,,,,,,,,
0829,Saint Patrick's Confessio,http://www.confessio.ie/#,"ed. by Anthony Harvey and Franz Fischer. Dublin: Royal Irish Academy, 2011.",2011,yes,yes,4,yes,yes,yes,Antiquity,LAT,partly,no
0830,Sammlung Schweizerischer Rechtsquellen online (Portal XML/TEI),https://www.ssrq-sds-fds.ch/online/tei/,Hg. von der Rechtsquellenstiftung des Schweizerischen Juristenvereins. St. Gallen: 2018-.,2018,no,yes,,,,,,,,
0831,Samuel Beckett - Digital Manuscript Project,https://www.beckettarchive.org/,"Directed by Dirk Van Hulle and Mark Nixon. Brussels: University Press Antwerp et al., 2011.",2011,no,yes,,,,,,,,
0832,Samuel Beckett Digital Manuscript Project,http://www.beckettarchive.org/login.html,,,yes,no,16,yes,no,yes,Contemporary,ENG,not provided,no
0833,Samuel Hahnemann - Digitale kritische Edition - Krankenjournal DF5,https://www.hahnemann-edition.de/index.html,"Bearbeitet von Arnold Michalowski und Florian Barth. Stuttgart: Institut für Geschichte der Medizin der Robert Bosch Stiftung, 2020.",2020,yes,yes,313,yes,yes,yes,Long Nineteenth Century,FRE; GER,yes,no
0834,Samuel Taylor Coleridge & Robert Southey. The Fall of Robespierre (1822),https://romantic-circles.org/editions/robespierre/,"Ed. by Daniel E. White, with Sarah Copland and Stephen Osadetz. A Romantic Circles Electronic Edition. College Park (MD): University of Maryland, 2007.",2007,no,yes,,,,,,,,
0835,Samuel Taylor Coleridge & William Wordsworth. Lyrical Ballads (1798-1805),https://romantic-circles.org/editions/LB/,"Ed. by Ron Tetreault and Bruce Graver. A Romantic Circles Electronic Edition. College Park (MD): University of Maryland, 2003.",2003,no,yes,,,,,,,,
0836,Samuel Taylor Coleridge: The Wanderings of Cain,https://romantic-circles.org/editions/cain/,"Ed. by Nikki Santilli. A romantic Circles Electronic Edition. College Park (MD): University of Maryland, 2003.",2003,no,yes,,,,,,,,
0837,Sappho’s Poems,http://inamidst.com/stuff/sappho/,Sean B. Palmer. s.l.: 2008-.,2008,yes,yes,223,no,yes,yes,Antiquity,GRC,no,no
0838,SAWS Dynamic Library,https://ancientwisdoms.ac.uk/library/,,,yes,no,335,yes,yes,yes,Antiquity; Middle Ages,ARA; GRC; LAT; SPA,yes,no
0839,"SAWS Kekaumenos, Consilia et Narrationes",https://ancientwisdoms.ac.uk/library/kekaumenos-consilia-et-narrationes/index.html,"Ed. by Charlotte Roueché. London: King's College London, 2013.",2013,yes,yes,334,yes,yes,yes,Middle Ages,GRC,yes,no
0840,Schenker Documents Online,http://www.schenkerdocumentsonline.org,"Directed by Marilyn Deegan. London: Centre for Computing in the Humanities / King's College London, 2010-.",2010,yes,yes,109,yes,no,yes,Long Nineteenth Century; Modern,GER,not provided,no
0841,"schleiermacher digital: Briefwechsel, Tageskalender, Vorlesungen von Friedrich Schleiermacher 1808–1834",https://schleiermacher-digital.de,"Eine Publikation des Akademienvorhabens »Schleiermacher in Berlin 1808–1834« der Berlin-Brandenburgischen Akademie der Wissenschaften. Berlin: BBAW, 2020 (Version 1.0).",2020,no,yes,,,,,,,,
0842,Schnitzler Critical Digital Edition,https://www.arthur-schnitzler.de/edition/genetisch,,,yes,no,307,yes,no,yes,Long Nineteenth Century; Modern,GER,yes,no
0843,Scholarly Digital Editions of Slovenian Literature,http://nl.ijs.si/e-zrc/index-en.html,"Directed by Matija Ogrin and Tomaž Erjavec. Ljubljana: Scientific Research Centre of the Slovenian Academy of Sciences and Arts, 2004-2007.",2004,no,yes,,,,,,,,
0844,Schopenhauer’s Library: Annotations and marks in his Spanish books,http://www.schopenhauer.uni.wroc.pl/,"José Luis Losada Palenzuela. Wrocław: University of Wrocław, 2017.",2017,yes,yes,225,yes,yes,yes,Long Nineteenth Century,SPA,no,no
0845,"Schriftstellerinnen aus der Sammlung Varnhagen – Briefe, Werke, Relationen",https://schriftstellerinnen-varnhagen.eu/en/the-varnhagen-collection,"Jadwiga Kita-Huber und Jörg Paulus (Projektleitung). Krakow: Uniwersytet Jagielloński w Krakowie, Weimar: Bauhaus-Universität Weimar, 2023–.",2023,no,yes,,,,,,,,
0846,"Science and Art, a Farce, in Two Acts",https://www.scholarlyediting.org/2017/editions/scienceart/script.html#page_info,"Ed. by Rebecca Nesvet. Wisconsin: University of Wisconsin Green Bay, 2017.",2017,no,yes,,,,,,,,
0847,SCRIPTA: Site Caennais de Recherche Informatique et de Publication des Textes Anciens,http://www.unicaen.fr/scripta,"Resp. Pierre Bauduin. Caen: MRSH-CNRS-Université de Caen, 2013-.",2013,no,yes,,,,,,,,
0848,Secrets of Craft and Nature in Renaissance France. A Digital Critical Edition and English Translation of BnF Ms. Fr. 640,https://edition640.makingandknowing.org/#/,"Pamela H. Smith, Naomi Rosenkranz, Tianna Helena Uchacz, Tillmann Taape, Clément Godbarge, Sophie Pitman, Jenny Boulboullé, Joel Klein, Donna Bilak, Marc Smith, and Terry Catapano, eds. New York: The Making and Knowing Project, 2020.",2020,no,yes,,,,,,,,
0849,Selbstzeugnisse der Frühen Neuzeit in der Herzog August Bibliothek. Digitale Edition des Diariums von Herzog August dem Jüngeren.,http://selbstzeugnisse.hab.de/,"Hrsg. von Inga Hanna Ralle. Techn. Konzeption und Begleitung David Maus. Metadaten, Recherche und Korrektur Jaqueline Krone. Projektbegleitung Prof. Dr. Ulrike Gleixner. Gefördert durch das Niedersächsische Ministerium für Wissenschaft und Kultur. Wolfenbüttel: Herzog August Bibliothek, 2015–2017.",2015,no,yes,,,,,,,,
0850,Selections from the Revue des Colonies (July 1834 and July 1835): From the Prospectus to the Bill for Immediate Abolition,https://www.scholarlyediting.org/issues/40/selections-from-the-revue-des-colonies-july-1834-and-july-1835,"Ed. by Maria Beliaeva Solomon. Maryland: University of Maryland, 2022.",2022,no,yes,,,,,,,,
0851,Septuaginta LXX,http://septuaginta.net/,,,yes,no,163,no,no,yes,Antiquity,GRC,not provided,no
0852,Sermones.net: Édition électronique d'un corpus de sermons latins médiévaux,http://www.sermones.net,"Directed by Nicole Bériou. Lyon: Université Lyon 2, 2011.",2011,no,yes,,,,,,,,
0853,Sexti Propertii Elegiae,http://www.curculio.org/Propertius/index.html,,,yes,no,80,no,no,yes,Antiquity,LAT,not provided,no
0854,siddham - The South Asia Inscriptions Database,http://siddham.uk/,"Provided by the ""research project Beyond Boundaries: Religion, Region, Language and the State"" [no persons named]. London: British Library, 2017.",2017,no,yes,,,,,,,,
0855,Sigismundus de Pyzdry: Principia in Sententiarum Quaestio in Principium I Sententiarum,https://www.dhcluj.ro/digitaleditions/?file=SPPSQ1,"Ed. by Mihai Maga. Cluj-Napoca: Babeș-Bolyai University, 2020.",2020,no,yes,,,,,,,,
0856,Sirat Bani Hilal Digital Archive,http://www.siratbanihilal.ucsb.edu/start-0,,,yes,no,164,no,no,no,Middle Ages,ARA,not provided,no
0857,Société du comte de la Lippe (1742-1747),http://lumieres.unil.ch/projets/lippe,"Ed. by Béla Kapossy, Danièle Tosato-Rigo, François Rosset et. al. Lausanne: Lumières.Lausanne, 2013.",2013,no,yes,,,,,,,,
0858,Songs of the Victorians,https://web.archive.org/web/20161105075326/http://www.songsofthevictorians.com/,"Designed and developed by Joanna Swafford. Charlottesville (VA): University of Virginia, 2012.",2012,no,yes,,,,,,,,
0859,Søren Kierkegaards Skrifter,http://sks.dk/forside/indhold.asp,,,yes,no,165,partly,no,yes,Long Nineteenth Century,DAN,not provided,no
0860,Søren Kierkegaards Skrifter,http://sks.dk,"Ed. by Karsten Kynde. Copenhagen: Søren Kierkegaard Research Centre, 2007; Version 1.1; ISBN 978-87-993510-3-9. 2014; Version 1.8.1; ISBN 978-87-993510-4-6.",2007,no,yes,,,,,,,,
0861,Speculum: Digital Edition of Zrcalo člověčaskogo spasenja,https://gams.uni-graz.at/context:speculum,"Ed. by Martina Kramarić and Gerlinde Schneider. Graz: University of Graz, 2024.",2024,no,yes,,,,,,,,
0862,Spohr Briefe,https://www.spohr-briefe.de,"Hg. von Karl Traugott Goldbach. Kassel: Spohr Museum, 2019.",2019,no,yes,,,,,,,,
0863,St. Gall Monatery Plan - Codex Sangallensis 1092: Content and Context,http://www.stgallplan.org/,"Ed. by Patrick Geary and Bernard Frischer. Charlottesville (VA): University of Virginia / Institute for Advanced Technology in the Humanities, 2007-2012.",2007,no,yes,,,,,,,,
0864,St. Louis Circuit Court Records,http://digital.wustl.edu/stlcourtrecords/index.html,"No single responsible editor named. Washington: University St. Louis, 2012.",2012,no,yes,,,,,,,,
0865,Stammbuch der Walpurgisherren und Bierrufer,https://walpurgisherren.editionenportal.de/projekt,"Sebastian Ringeis unter redaktioneller Begleitung von Holger Berg. Jena: Thüringer Universitäts- und Landesbibliothek Jena, 2019.",2019,no,yes,,,,,,,,
0866,"Stanislaus de Scarbimiria: Recommendacio rectoris Universitatis, Ottonis, scholastici Cracoviensis",https://www.dhcluj.ro/digitaleditions/?file=SSRR1,"Ed. by Mihai Maga. Cluj-Napoca: Babeș-Bolyai University, 2016.",2016,no,yes,,,,,,,,
0867,Staribacher  – Tagebücher,https://staribacher.acdh.oeaw.ac.at,"Hg. von Remigio Gazzari, Gustav Graf, Maria Mesner, Maria Steiner, Thomas Tretzmüller und Matthias Trinkaus. Wien: Österreichische Akademie der Wissenschaften, 2019.",2019,yes,yes,352,yes,yes,yes,Modern,GER,no,no
0868,Stationers’ Register Online,https://stationersregister.online,"Ed. by Giles Bergel, Ian Gadd, James Cummings, and Pip Willcox. Oxford: University of Oxford, 2011-.",2011,no,yes,,,,,,,,
0869,Statuti Ascoli,https://statutiascoli.it/,"Michela Parma and Fabio Mariani, 2025.",2025,no,yes,,,,,,,,
0870,Statuti di Vicenza del 1264,http://vicenza.statutacommunis.org/,"Coordinato dal prof. Gianmaria Varanini. Verona: Università degli Studi di Verona, 2006-2007.",2006,no,yes,,,,,,,,
0871,"Stefan Heym: ""Ahasver"" Digitale Edition",https://www.stefan-heym-digital.de/,"Hg. von Bernadette Malinowski, Michael Ostheimer, Tobias Frank, Christoph Grube in Zusammenarbeit mit Thomas Burch, Claudia Bamberg u. Julia Fischer. Chemnitz: Technische Universität Chemnitz, Trier: Trier Center for Digital Humanities (Universität Trier), 2025.",2025,no,yes,,,,,,,,
0872,Stephanus Galdeti: Contra scismaticos Pars 3,https://www.dhcluj.ro/digitaleditions/?file=EGCS1_3,"Ed. by Mihai Maga. Cluj-Napoca: Babeș-Bolyai University, 2024.",2024,no,yes,,,,,,,,
0873,Sterling Family Papers,http://www.lib.umd.edu/dcr/collections/sterling/index.jsp,"Ed. by Catherine Coker, Elizabeth Feil, Michael Maggioncalda, Jennifer Muter, Gulnar Nagashybayeva, and Lucile Smith under the supervision of Susan Schreibman. College Park (MD): University of Maryland, University Libraries, 2004.",2004,no,yes,,,,,,,,
0874,Stijn Streuvels: De teleurgang van den Waterhoek (The decline of the Waterhoek),http://web.archive.org/web/20111221024740/http://www.kantl.be:80/ctb/vanhoutte/projects/teleurgang.htm,"Ed. by Marcel De Smedt and Edward Vanhoutte. Amsterdam/Gent: Amsterdam University Press / KANTL, 2000; ISBN 978-9053564411; CD-ROM.",2000,no,yes,,,,,,,,
0875,Stijn Streuvels: De teleurgang van den Waterhoek (The decline of the Waterhoek) CDROM,http://ctb.kantl.be/publicaties/de-teleurgang-van-den-waterhoek-elektronisch-kritische-editie-electronic-c,,,yes,no,166,partly,no,yes,Modern,DUT,yes,no
0876,Streuvels en zijn uitgevers – brieven,http://edities.kantl.be/streuvels/,"Joke Debusschere (et al.). Gent: KANTL/CTB, 2014.",2014,yes,yes,239,yes,no,yes,Modern,DUT; GER,yes,no
0877,Suda On Line: Byzantine Lexicography,https://www.cs.uky.edu/%7Eraphael/sol/sol-html/,"Directed by David Whitehead (Senior Editor) and Raphael Finkel (Technical Director). Stoa Consortium, 2000-2014.",2000,no,yes,,,,,,,,
0878,Sulpiciae Conquestio,http://www.curculio.org/Sulpiciae/index.html,,,yes,no,81,no,no,yes,Antiquity,LAT,not provided,no
0879,SVEA-Pommern - Karten und Texte der Schwedischen Landesaufnahme von Pommern 1692-1709,http://www.svea-pommern.de/,"Unter der Leitung von Stefan Kroll und Reinhard Zölitz. Rostock: Universität Rostock, 2007-2010.",2007,no,yes,,,,,,,,
0880,"Szabó Lőrinc: Föld, erdő, isten; Kalibán; Fény, fény, fény; A sátán műremekei; Te meg a világ; Különbéke; Harc az ünnepért; Régen és most",http://krk.szabolorinc.hu/dokumentumok.htm,,,yes,no,293,no,no,yes,Modern,HUN,yes,no
0881,Tabula Salomonis,https://tabula.libripendis.eu,"Coordinated by Carine van Rhijn. Utrecht: Utrecht University, 2023.",2023,no,yes,,,,,,,,
0882,Tagebücher Anna Maria Preiswerk-Iselin,https://www.geovistory.org/project/924033,"Geleitet von Claudia Opitz-Belakhal. Basel: Universität Basel, 2022-.",2022,no,yes,,,,,,,,
0883,Tagebücher von Andreas Okopenko. Digitale Edition,https://edition.onb.ac.at/okopenko,"Digitale Edition, hrsg. von Roland Innerhofer, Bernhard Fetz u.a. Wien: Österreichische Nationalbibliothek und Universität Wien. Version 1.1, 15.1.2019.",2019,yes,yes,304,yes,yes,yes,Modern,GER,yes,https://ride.i-d-e.de/issues/issue-17/okopenko/
0884,Teatro de Autores Portugueses do Séc. XVI,http://www.cet-e-quinhentos.com,"Centro de Estudos de Teatro: Teatro de Autores Portugueses do Séc. XVI - Base de dados textual [on-line], 2010.",2010,no,yes,,,,,,,,
0885,Teatro de Autores Portugueses do Séc. XVII,http://www.cet-e-seiscentos.com,"Centro de Estudos de Teatro, Teatro de Autores Portugueses do Séc. XVII – uma biblioteca digital, 2010.",2010,no,yes,,,,,,,,
0886,Testaments de guerre de Poilus parisiens (1914-1918): une édition critique,http://elec.enc.sorbonne.fr/testaments-de-poilus/,"Édition par Christine Nougaret et Florence Clavaud. Paris: École nationale des chartes, 2017.",2017,no,yes,,,,,,,,
0887,"Teutsche Academie der Bau-, Bild- und Mahlerey-Künste, Joachim von Sandrart, Nürnberg 1675/1679/1680: Wissenschaftlich kommentierte Online-Edition",http://ta.sandrart.net/de/,"Hrsg. von Thomas Kirchner, Alessandro Nova, Carsten Blüm, Anna Schreurs und Thorsten Wübbena. Frankfurt: Kunstgeschichtliches Institut der Goethe-Universität Frankfurt am Main, 2008–2012.",2008,yes,yes,234,yes,yes,yes,Early Modern,GER,yes,no
0888,The (De)collected War of the Worlds,https://decollected.net/,"Ed. by Madeline B. Gangnes. Gainesville: University of Florida, 2019-.",2019,no,yes,,,,,,,,
0889,The (New) Internet Shakespeare Editions,http://internetshakespeare.uvic.ca/index.html,"Michael Best (coordinating editor). Victoria (CA): University of Victoria, 1996-.",1996,no,yes,,,,,,,,
0890,The [Samuel] Hartlib Papers,https://www.dhi.ac.uk/hartlib/,"Ed. by Judith Crawford et al. Ann Arbor (MI) / Sheffield: HRIOnline, 1996 / 2002; ISBN 978-0835723682 / ISBN 978-0954260805; CD-ROMs. Relaunch as online edition (Version 3.0), 2013.",1996,no,yes,,,,,,,,
0891,The *Chronicle* of Matthew of Edessa,https://editions.byzantini.st/ChronicleME/#/,"Dir. by Tara L. Andrews. Vienna: University of Vienna, Faculty of of Historical and Cultural Studies, 2015-.",2015,no,yes,,,,,,,,
0892,The *Liber pharetrae* Project,http://web.wlu.ca/history/cnighman/LP/index.html,"Ed. by Chris Nighman. Waterloo (Ontario): Wilfrid Laurier University, 2014-2020.",2014,no,yes,,,,,,,,
0893,The *Lucula noctis* Project,http://web.wlu.ca/history/cnighman/LN/index.html,"Ed. by Chris Nighman. Waterloo (Ontario): Wilfrid Laurier University, 2015-.",2015,no,yes,,,,,,,,
0894,The 1916 Diary of Dorothy Stopford Price,https://web.archive.org/web/20200322165045/https://dh.tcd.ie/pricediary/,"Directed by Susan Schreibman. Dublin: Trinity College, 2014.",2014,no,yes,,,,,,,,
0895,The Aberdeen Bestiary,http://www.abdn.ac.uk/bestiary/,"Ed. by Iain Beavan, Michael Arnott et al. Aberdeen: University of Aberdeen, 1996-. Relaunch 2015.",1996,yes,yes,77,no,no,yes,Middle Ages,LAT,no,no
0896,The Adams Papers,http://rotunda.upress.virginia.edu/founders/ADMS.html,"Ed. Sara Martin. Charlottesville: University of Virginia Press / Rotunda, 2008–2020.",2008,yes,yes,167,partly,no,yes,Early Modern; Long Nineteenth Century,ENG,not provided,no
0897,The Alcalá Account Book Project,http://drapier.dho.ie/node/232,,,yes,no,168,not provided,no,no,Early Modern,SPA,not provided,no
0898,The Alexander Graham Bell Family Papers,https://www.loc.gov/collections/alexander-graham-bell-papers/about-this-collection/,Presented by the Library of Congress. Washington D.C.: 2000.,2000,no,yes,,,,,,,,
0899,The Algernon Charles Swinburne Project,http://swinburnearchive.indiana.edu/swinburne/,"Ed. by John A. Walsh et al. Bloomington (IN): Indiana University / Digital Culture Lab, 1997-2012.",1997,no,yes,,,,,,,,
0900,The Ambrose Bierce Project,http://www.ambrosebierce.org/,"Ed. by Craig A. Warren. State College (PA): Pennsylvania State University, 2008-2010.",2008,no,yes,,,,,,,,
0901,The André Gide Editions Project,http://hridigital.shef.ac.uk/gide,,,yes,no,169,partly,no,yes,Long Nineteenth Century; Modern,FRE,not provided,no
0902,The annotated Utrecht Psalter,http://psalter.library.uu.nl,"[No responsible editor named]. Utrecht: Utrecht University Library, 2015.",2015,no,yes,,,,,,,,
0903,The Arden Shakespeare CD-ROM,http://purl.oclc.org/emls/04-2/rev_siem.html,"Ed. by Jonathan Bate. Walton-on-Thames: Arden Shakespeare, 1997; ISBN 978-0174434707; CD-ROM.",1997,no,yes,,,,,,,,
0904,The Athanasius Kircher [Correspondence] Project,https://web.stanford.edu/group/kircher/,"Ed. by Michael John Gorman and Nick Wilding. Florence / Stanford (CA) et al.: Museo Galileo / Stanford University, 1998-2003.",1998,no,yes,,,,,,,,
0905,The Auchinleck manuscript,http://auchinleck.nls.uk/index.html,"Ed. by David Burnley and Alison Wiggins. Edinburgh: National Library of Scotland, 2003-2004.",2003,yes,yes,54,no,no,yes,Middle Ages,ENM,yes,no
0906,The Augsburg Web Edition of Llull's Electoral Writings,http://www.math.uni-augsburg.de/stochastik/llull/,,,yes,no,63,no,no,yes,Middle Ages,LAT,not provided,no
0907,The Augsburg Web Edition of Llull's Electoral Writings,https://www.math.uni-augsburg.de/htdocs/emeriti/pukelsheim/llull/,"Hg. von M. Drton, G. Hägele, D. Haneberg, F. Pukelsheim und W. Reif. Augsburg: Universität Augsburg, 2001-2016.",2001,no,yes,,,,,,,,
0908,The Banks of Wye by Robert Bloomfield,https://romantic-circles.org/editions/wye,"Ed. by Tim Fulford. A Romantic Circles Electronic Edition. College Park (MD): University of Maryland, 2012.",2012,no,yes,,,,,,,,
0909,The Benjamin Marston Diaries Project,https://preserve.lib.unb.ca/marston/20231127201353/https://web.lib.unb.ca/Texts/marston/,"Ed. by Lisa Charlong et al. Fredericton (NB): The Electronic Text Centre at the University of New Brunswick Libraries, 1996.",1996,no,yes,,,,,,,,
0910,The Benjamin Marston Diary Project,http://www.lib.unb.ca/Texts/marston/,,,yes,no,170,partly,no,no,Early Modern,ENG,not provided,no
0911,The Bevan Family Letters,http://rth.org.uk/collections/bevan-dewar-letters,"Project lead by Nick Tyson et al. Hove: Regency Town House, 2009.",2009,yes,yes,171,no,no,yes,Long Nineteenth Century,ENG,not provided,no
0912,The Book of Ben Sira,http://www.bensira.org/,,,yes,no,39,no,no,yes,Antiquity,HEB,not provided,no
0913,The Book of Margery Kempe:,https://english.selu.edu/kempe/index.php,"Ed. by Joel W. Fredell. Hammond: Southeastern Louisiana University, 2015.",2015,no,yes,,,,,,,,
0914,The Booker T. Washington Papers Digital Edition,https://rotunda.upress.virginia.edu/founders/BTWN.html,"Ed. by Louis R. Harlan and Raymond W. Smock. Charlottesville: University of Virginia Press, Rotunda, 2021.",2021,no,yes,,,,,,,,
0915,The Bosworth Letters,https://web.archive.org/web/20151028175207/http://bosworthletters.vtcath.org/,"Ashley Taylor Hughes. Blacksburg: Center for Applied Technologies in the Humanities (CATH), 2016.",2016,no,yes,,,,,,,,
0916,The Burnet Psalter,http://www.abdn.ac.uk/diss/historic/collects/bps/index.html,,,yes,no,172,no,no,yes,Middle Ages,LAT,not provided,no
0917,The Cambridge Edition of the Works of Ben Jonson,https://universitypublishingonline.org/cambridge/benjonson/,"Ed. by David Bevington et al. Cambridge: Cambridge University Press, 2012.",2012,no,yes,,,,,,,,
0918,The Canterbury Roll: A Digital Edition,http://canterburyroll.canterbury.ac.nz/,"Ed. by Chris Jones, Chris Thomson, Maree Shirota, Elisabeth Rolston, Thandi Parker, and Jennifer Middendorf. Canterbury: University of Canterbury, 2017.",2017,no,yes,,,,,,,,
0919,The Canterbury Tales Project,http://www.textualcommunities.usask.ca/web/canterbury-tales,,,yes,no,173,no,no,no,Middle Ages,ENM,not provided,no
0920,The Canterbury Tales Project: The Hengwrt Chaucer Digital Facsimile,http://www.sd-editions.com/hengwrt/index.html,"Ed. by Estelle Stubbs. Leicester: De Montfort University, 2000; ISBN 978-1953961060 [individual license] / 978-1953961087 [institutional license]; CD-ROM.",2000,no,yes,,,,,,,,
0921,The Canterbury Tales Project: The Miller's Tale on CD-ROM,http://www.sd-editions.com/miller/index.html,"Ed. by Peter Robinson. Birmingham: University of Birmingham, 2004; ISBN 978-1953961028 [individual license] / 978-1953961087 [institutional license]; CD-ROM.",2004,no,yes,,,,,,,,
0922,The Canterbury Tales Project: The Nun's Priest's Tale on CD-ROM,http://www.sd-editions.com/NP/index.html,"Ed. by Paul Thomas. Birmingham: University of Birmingham, 2006; ISBN 0-953961-03-6 [individual license] / 0-953961-09-5 [institutional license]; CD-ROM.",2006,no,yes,,,,,,,,
0923,The Carlyle Letters Online,https://carlyleletters.dukeupress.edu/,"Ed. by Brent E. Kinser. Durham (NC): Duke University Press, 2007-.",2007,no,yes,,,,,,,,
0924,The Casebooks Project,http://www.magicandmedicine.hps.cam.ac.uk/,"Lauren Kassell (ed.), with Michael Hawkins, Robert Ralley and John Young. Cambridge: Cambridge University, 2013.",2013,yes,yes,55,yes,no,yes,Middle Ages; Early Modern,ENG; LAT,not provided,no
0925,The Charette Project 2,http://web.archive.org/web/*/http://lancelot.baylor.edu/,"Ed. by Karl D. Uitti, Gina Greco et al. Waco (TX): Baylor University, 1991-2006.",1991,no,yes,,,,,,,,
0926,The Charles Brockden Brown Electronic Archive and Scholarly Edition,http://brockdenbrown.cah.ucf.edu/,"Ed. by Mark L. Kamrath et al. Orlando (FL): University of Central Florida, 1998-.",1998,no,yes,,,,,,,,
0927,The Charles Harpur Critical Archive,http://charles-harpur.org/,"Ed. by Paul Eggert. Sydney: Sydney University Press, 2015-.",2015,yes,yes,259,yes,no,yes,Long Nineteenth Century,ENG,yes,no
0928,The Chymistry of Isaac Newton,http://webapp1.dlib.indiana.edu/newton/index.jsp,"Ed. by William R. Newman. Bloomington (IN): Indiana University, 2005-.",2005,no,yes,,,,,,,,
0929,The Civil War & Reconstruction Governors of Mississippi Digital Documentary Edition,https://cwrgm.org/,"Dir. by Susannah J. Ural. Hattiesburg (MS): Dale Center for the Study of War & Society at the University of Southern Mississippi (USM), 2021.-.",2021,no,yes,,,,,,,,
0930,The Collected Letters of Bertrand Russell: An Electronic Edition,https://russell.humanities.mcmaster.ca/our-work/collected-letters/,"Ed. by Nicholas Griffin, James Chartrand et al. Hamilton (ON): McMaster University, 2006-.",2006,no,yes,,,,,,,,
0931,The Collected Letters of Robert Southey - Part Five (1816-1818),https://romantic-circles.org/editions/southey_letters/Part_Five/index.html,"Ed. by Tim Fulford, Ian Packer and Lynda Pratt. A Romantic Circles Electronic Edition. College Park (MD): University of Maryland, 2016.",2016,no,yes,,,,,,,,
0932,The Collected Letters of Robert Southey - Part Four (1810-1815),https://romantic-circles.org/editions/southey_letters/Part_Four/index.html,"Ed. by Ian Packer and Lynda Pratt. A Romantic Circles Electronic Edition. College Park (MD): University of Maryland, 2013.",2013,no,yes,,,,,,,,
0933,The Collected Letters of Robert Southey - Part One (1791-1797),https://romantic-circles.org/editions/southey_letters/Part_One/index.html,"Ed. by Linda Pratt, Tim Fulford and Ian Packer. A Romantic Circles Electronic Edition. College Park (MD): University of Maryland, 2009.",2009,no,yes,,,,,,,,
0934,The Collected Letters of Robert Southey - Part Seven (1822-1824),https://romantic-circles.org/editions/southey_letters/part7,"Ed. by Ian Packer and Lynda Pratt. A Romantic Circles Electronic Edition. College Park (MD): University of Maryland, 2024.",2024,no,yes,,,,,,,,
0935,The Collected Letters of Robert Southey - Part Six (1819-1821),https://romantic-circles.org/editions/southey_letters/Part_Six/index.html,"Ed. by Ian Packer and Lynda Pratt. A Romantic Circles Electronic Edition. College Park (MD): University of Maryland, 2017.",2017,no,yes,,,,,,,,
0936,The Collected Letters of Robert Southey - Part Three (1804-1809),https://romantic-circles.org/editions/southey_letters/Part_Three/index.html,"Ed. by Carol Bolton and Tim Fulford. A Romantic Circles Electronic Edition. College Park (MD): University of Maryland, 2013.",2013,no,yes,,,,,,,,
0937,The Collected Letters of Robert Southey - Part Two (1798-1803),https://romantic-circles.org/editions/southey_letters/Part_Two/index.html,"Ed. by Ian Packer and Lynda Pratt. A Romantic Circles Electronic Edition. College Park (MD): University of Maryland, 2011.",2011,no,yes,,,,,,,,
0938,The Collected Writings of Robert Bloomfield,https://romantic-circles.org/editions/bloomfield_poems/index.html,"Ed. by Tim Fulford, John Goodridge and Sam Ward. A Romantic Circles Electronic Edition. College Park (MD): University of Maryland, 2019.",2019,no,yes,,,,,,,,
0939,The Complete Work of Charles Darwin Online,http://darwin-online.org.uk/,"Edited by John van Wyhe et al. Cambridge: University of Cambridge, 2002-.",2002,no,yes,,,,,,,,
0940,The Complete Works of Christopher Marlowe,http://www.perseus.tufts.edu/Texts/Marlowe.html,"Ed. by Hilary Binda. Medford / Somerville (MA): Tufts University, 2000.",2000,no,yes,,,,,,,,
0941,The Complete Writings and Pictures of Dante Gabriel Rossetti - A Hypermedia Archive,https://rossettiarchive.iath.virginia.edu/,"Ed. by Jerome McGann et al. Charlottesville (VA): University of Virginia / Institute for Advanced Technology in the Humanities, 2000-2008.",2000,no,yes,,,,,,,,
0942,The Confessions of Augustine: An Electronic Edition,http://www.stoa.org/hippo/,,,yes,no,56,no,no,no,Antiquity,LAT,not provided,no
0943,The Correspondence of Hugo Grotius,http://grotius.huygens.knaw.nl/years,"Edited by P.C. Molhuysen, B.L. Meulenbroek, P.P. Witkam, H.J.M. Nellen and C.M. Ridderikhoff. Amsterdam: Huygens Institut, 2009.",2009,no,yes,,,,,,,,
0944,The Correspondence of James McNeill Whistler,http://www.whistler.arts.gla.ac.uk/,"Edited by Margaret F. MacDonald, Patricia de Montfort and Nigel Thorp. including The Correspondence of Anna McNeill Whistler, 1829-1880, edited by Georgia Toutziari. Glasgow: University of Glasgow, 2003-2010.",2003,no,yes,,,,,,,,
0945,The Correspondence of John Dewey,http://www.nlx.com/collections/132,"Ed. by Larry Hickman et al. Charlottesville (VA): Intelex-Corporation, 1999; ISBN 978-1570856594; CD-ROM.",1999,no,yes,,,,,,,,
0946,The Correspondence of William Henry Fox Talbot,http://foxtalbot.dmu.ac.uk/,"Ed. by Larry J. Schaaf et al. Glasgow: University of Glasgow, 1999-2005.",1999,no,yes,,,,,,,,
0947,The Cullen Project,http://www.cullenproject.ac.uk,"Dr David E. Shuttleton (Principal Investigator). Glasgow/Edinburgh: University of Glasgow/Royal / College of Physicians of Edinburgh, 2015.",2015,no,yes,,,,,,,,
0948,The Derveni Papyrus,http://chs.harvard.edu/CHS/article/display/5418,,,yes,no,57,partly,no,no,Antiquity,GRC,not provided,no
0949,"The Destruction of Troy. A Diplomatic and Color Facsimile Edition of Hunterian MS V.2.8 in Glasgow University Library, John Clerk of Whalley",https://web.archive.org/web/20070720151934/http://www.press.umich.edu/titleDetailDesc.do?id=6547,"Ed. by Hiroyuki Matsumoto. Ann Arbor (MI): University of Michigan Press, 2001; ISBN 978-0472002767; CD-ROM.",2001,no,yes,,,,,,,,
0950,The Diaries of Gouverneur Morris Digital Edition,https://rotunda.upress.virginia.edu/founders/GRMS.html,"Ed. Melanie Randolph Miller. Charlottesville: University of Virginia Press / Rotunda, 2015.",2015,no,yes,,,,,,,,
0951,"The Diary of Mary Martin - A Family at War, 1 January - 25 May 1916",https://web.archive.org/web/20190919015634/https://dh.tcd.ie/martindiary/site/index.xml,"A project by Jane Burns, Sinéad Moloney, Rachel Murphy, Gordon O’Sullivan and Patrizia Rebulla. Dublin: Trinity College, 2012.",2012,no,yes,,,,,,,,
0952,The Diary of William Godwin,http://godwindiary.bodleian.ox.ac.uk,"Ed. by Victoria Myers, David O'Shaughnessy and Mark Philp. Oxford: Oxford Digital Library, 2010.",2010,no,yes,,,,,,,,
0953,"The Diary, Correspondence, and Papers of Robert ""King"" Carter of Virginia, 1701-1732",https://christchurch1735.org/robert-king-carter-papers/,"Ed. by Edmund Berkeley Jr. Charlottesville (VA): University of Virginia Library, 2000-2007.",2000,no,yes,,,,,,,,
0954,The Digital Temple: A Documentary Edition of George Herbert's English Verse,http://digitaltemple.rotunda.upress.virginia.edu/,"Ed. by Robert Whalen and Christopher Hodgkins. Charlottesville: University of Virginia Press, 2012.",2012,yes,yes,174,yes,no,yes,Early Modern,ENG,not provided,no
0955,The Diplomatic Correspondence of Thomas Bodley,http://www.livesandletters.ac.uk/bodley/bodley.html,"Edited and directed by Robyn Adams. Version 5. London: Centre for Editing Lives and Letters, 2011.",2011,yes,yes,28,yes,no,yes,Early Modern,ENG,not provided,no
0956,The Diriks Family Scrapbooks,http://www.nb.no/baser/diriks/virtuellealbum/index.html,,,yes,no,175,no,no,no,Long Nineteenth Century; Modern,NOR,not provided,no
0957,The Documentary History of the Ratification of the Constitution,http://rotunda.upress.virginia.edu/founders/RNCN.html,,,yes,no,176,yes,no,yes,Long Nineteenth Century,ENG,not provided,no
0958,The Documentary History of the Ratification of the Constitution,http://digital.library.wisc.edu/1711.dl/History.Constitution,"Ed. by [no responsible editor named]. Madison (WI): University of Wisconsin, s.a. [before 2018].",2018,no,yes,,,,,,,,
0959,The Dolley Madison Digital Edition,http://rotunda.upress.virginia.edu/dmde/,"Ed. by Holly C. Shulman. Charlottesville (VA): University of Virginia Press, 2004. Updated 2010.",2004,yes,yes,177,yes,no,yes,Long Nineteenth Century,ENG,not provided,no
0960,The Dream of the Rood: An Electronic Edition,https://web.archive.org/web/20160918183122/http://www.dreamofrood.co.uk:80/,Created by Mary Rambaran-Olm. [probably Calgary]: 2002.,2002,no,yes,,,,,,,,
0961,The Durham Liber Vitae Project,http://www.dlv.org.uk/index.html,,,yes,no,15,no,no,yes,Middle Ages,ANG (Northumbrian),not provided,no
0962,The Dynamic Edition of the Declaration of Arbroath,https://cotr.ac.uk/guidelines/dynamic-declaration-arbroath/,"Dauvit Broun, Alice Taylor, Geoffroy Noël, Ginestra Ferraro, Paul Caton, with Joanna Tucker and John Reuben Davies (eds). London: King's College, 2020.",2020,no,yes,,,,,,,,
0963,The Electronic [Wulfstan's] Sermo Lupi ad Anglos,http://web.archive.org/web/20090214003757/http://english3.fsu.edu:80/~wulfstan/,"Ed. by Melissa Bernstein Ser. Tallahassee (FL): Florida State University, 1996.",1996,no,yes,,,,,,,,
0964,The Electronic *Manipulus florum* Project,http://web.wlu.ca/history/cnighman,"Ed. by Chris L. Nighman. Waterloo (Ontario): Wilfrid Laurier University, 2001-.",2001,no,yes,,,,,,,,
0965,The Electronic Campsey Project,http://margot.uwaterloo.ca/campsey/cmphome_e.html,"[No editor named]. Waterloo (ON): University of Waterloo / MARGOT, 2007-.",2007,no,yes,,,,,,,,
0966,The Elizabeth Cady Stanton and Susan B. Anthony Papers Project,https://web.archive.org/web/20090103204623/http://adh.sc.edu/sa/sa-table.html,"Ed. by Ann D. Gordon. Piscataway (NJ): Rutgers University, 2000/2012.",2000,no,yes,,,,,,,,
0967,The Elizabeth Gaskell Journal: Digital Edition,http://web.archive.org/web/20211201191159/http://elizabethgaskelljournal.com/,"Ed. by Melissa J. Klamer. East Lansing (MI): Michigan State University, 2020.",2020,no,yes,,,,,,,,
0968,The emʀooɴ database: A collection of digital editions,http://www.emroon.no/,"Ed. by Robert K. Paulsen. Bergen: Universitetet i Bergen, 2017-.",2017,no,yes,,,,,,,,
0969,The Firstling/Erstling/He Complex by Baroness Elsa von Freytag-Loringhoven,http://scholarlyediting.org/2012/editions/baroness/main.baroness.html,"Edited by Tanya Clement and Gaby Divay. In: Scholarly Editing. The Annual of the Association for Documentary Editing, Vol. 33, 2012.",2012,no,yes,,,,,,,,
0970,The Fleischmann Diaries,http://fleischmanndiaries.ucc.ie/,"Ed. by Róisín O'Brien. Cork: Cork Open Research Archive, 2013.",2013,yes,yes,227,yes,yes,yes,Modern,ENG,yes,http://ride.i-d-e.de/issues/issue-2/fleischmann-diaries/
0971,The Gascon Rolls Project,http://www.gasconrolls.org/en/,,,yes,no,87,yes,no,no,Middle Ages,LAT,not provided,no
0972,The Gascon Rolls Project (1317-1468),https://www.gasconrolls.org,"Ed. by Malcolm. G. A. Vale et al. London: Centre for Computing in the Humanities / King´s College London, 2010.",2010,no,yes,,,,,,,,
0973,The Geese Book,http://geesebook.asu.edu,"Ed. by Volker Schier and Corine Schleif. Tempe (AZ): Arizona State University, 2012.",2012,yes,yes,178,not provided,no,yes,Early Modern,LAT,not provided,no
0974,The Gipsy Prince by Thomas Moore & Michael Kelly,https://romantic-circles.org/editions/gipsy_prince,"Ed. by Frederick Burwick. A Romantic Circles Electronic Edition. College Park (MD): University of Maryland, 2012.",2012,no,yes,,,,,,,,
0975,The glosses to the first book of the Etymologiae of Isidore of Seville: a digital scholarly edition,https://db.innovatingknowledge.nl/edition,"Ed. by Evina Steinová. Amsterdam: Huygens Instituut voor Nederlandse Geschiedenis (KNAW), 2021.",2021,yes,yes,317,yes,yes,yes,Middle Ages,LAT,yes,no
0976,The Gospel according to St. John,http://www.iohannes.com/,,,yes,no,58,yes,no,yes,Antiquity,GRC; LAT,not provided,no
0977,The Great Parchment Book of The Honourable The Irish Society,https://web.archive.org/web/20251208054243/http://www.greatparchmentbook.org/,"Project supervised by Tim Weyrich and Melissa Terras. London: London Metropolitan Archives, 2012.",2012,no,yes,,,,,,,,
0978,The Greek Bible in Byzantine Judaism,https://www.gbbj.org/,"Dir. by Nicholas de Lange and Harold Short. Cambridge/London: University of Cambridge / Centre for COmputing in the Humanities (CCH), 2010-2018.",2010,no,yes,,,,,,,,
0979,The Griffin by Thomas D'Arcy Morris,https://romantic-circles.org/editions/griffin,"Ed. by Máire ní Fhlathúin. A Romantic Circles Electronic Edition. College Park (MD): University of Maryland, 2018.",2018,no,yes,,,,,,,,
0980,The Harry Watkins Diary: Digital Edition,https://quod.lib.umich.edu/h/hwatkins/,"Ed. by Amy E. Hughes and Naomi J. Stubbs. Ann Arbor (MI): University of Michigan Library, 2018.",2018,no,yes,,,,,,,,
0981,The Hartlib Papers Project,https://www.hrionline.ac.uk/hartlib/,,,yes,no,179,partly,no,no,Early Modern,ENG; GER,not provided,no
0982,The Hengwrt Chaucer Digital Facsimile,http://www.sd-editions.com/AnaAdditional/HengwrtEx/images/hgopen.html,,,yes,no,88,yes,no,yes,Middle Ages,ENM,not provided,no
0983,The Hengwrt Chaucer Standard Edition,http://www.sd-editions.com/HgStandard/diffs.htm,"Ed. by Ceridwen Lloyd-Morgan. Leicester: De Montfort University, 2003; ISBN 978-1904628002 [individual license]; CD-ROM.",2003,no,yes,,,,,,,,
0984,The Holinshed Project,http://www.cems.ox.ac.uk/holinshed/index.shtml,,,yes,no,35,yes,no,no,Early Modern,ENM,partly,no
0985,"The Holinshed Project (Raphael Holinshed: Chronicles of England, Scotland, and Ireland)",https://english.nsms.ox.ac.uk/Holinshed/,"Ed. by Paulina Kewes, Ian Archer et al. Oxford: Centre for Early Modern Studies, 2008.",2008,no,yes,,,,,,,,
0986,The Hooke Folio Online,http://www.livesandletters.ac.uk/cell/Hooke/Hooke.html,"Ed. by Robyn Adams. London: Centre for Editing Lives and Letters, 2008.",2008,yes,yes,29,partly,no,yes,Early Modern,ENG,not provided,no
0987,The James Joyce Digital Archive: Ulysses & Finnegans Wake,http://jjda.ie,Ed. by Danis Rose and John O'Hanlon. s.l: 2018-.,2018,no,yes,,,,,,,,
0988,The Journals of the Lewis and Clark Expedition,http://lewisandclarkjournals.unl.edu,"Ed. by Gary Dunham and Katherine Walter: Lincoln (NE): University of Nebraska, 2003-.",2003,yes,yes,69,yes,yes,yes,Long Nineteenth Century,ENG,not provided,no
0989,The Latin Prose and Poetry of Joseph Addison,http://www.philological.bham.ac.uk/Addison/,"Ed. by Dana F. Sutton. Irvine (CA): University of California, 1997-2005.",1997,yes,yes,97,no,no,yes,Early Modern,LAT,not provided,no
0990,The Letters of Benjamin Rush Digital Edition,https://rotunda.upress.virginia.edu/founders/RUSH.html,"Ed. by Lyman H. Butterfield. Charlottesville, The Virginia University Press / Rotunda, 2022.",2022,no,yes,,,,,,,,
0991,The Letters of Christina Rossetti,http://rotunda.upress.virginia.edu/crossetti/,"Ed. by Antony H. Harrison. Charlottesville (VA): University of Virginia Press, 2006.",2006,yes,yes,180,yes,no,yes,Long Nineteenth Century,ENG,not provided,no
0992,The Letters of Matthew Arnold,http://rotunda.upress.virginia.edu/arnold/,"Ed. by Cecil Y. Lang. Charlottesville (VA): University of Virginia Press, 2006.",2006,yes,yes,181,yes,no,yes,Long Nineteenth Century,ENG,not provided,no
0993,The Letters of Robert Bloomfield,http://www.rc.umd.edu/editions/bloomfield_letters/,,,yes,no,121,yes,no,no,Early Modern; Long Nineteenth Century,ENG,not provided,no
0994,The Letters of Robert Bloomfield and His Circle,https://web.archive.org/web/20230207152604/https://romantic-circles.org/editions/bloomfield_letters/index.html,"Ed. by Tim Fulford and Lynda Pratt. A Romantic Circles Electronic Edition. College Park (MD): University of Maryland, 2009.",2009,no,yes,,,,,,,,
0995,The Liber Genealogus G,http://www.piggin.net/stemmahist/libertext.htm,"Edited by Jean-Baptiste Piggin. Hamburg: piggin.net, 2009-2013.",2009,no,yes,,,,,,,,
0996,The Life of Saint Wilfrid by Edmer of Canterbury,https://www.liverpooluniversitypress.co.uk/doi/book/10.3828/9780859895972,"Ed. by Bernard J. Muir and Andrew J. Turner. Melbourne: Evellum, 1998; CD-ROM. 2nd ed. 2006; CD-ROM.",1998,no,yes,,,,,,,,
0997,The Linnaean Correspondence,http://linnaeus.c18.net/,"Ed. by Carl-Olof Jacobson et al. Uppsala/Stockholm: Swedish Linnaeus Society/Royal Swedish Academy of Sciences, 2000-.",2000,no,yes,,,,,,,,
0998,The Malory Project,http://www.maloryproject.com/,"Directed by Takako Kato. Chicago (IL): Loyola University, 2006-2011.",2006,yes,yes,182,yes,no,yes,Middle Ages,ENM,not provided,no
0999,The Mary Hamilton Papers (c. 1740 – c. 1850),https://www.digitalcollections.manchester.ac.uk/collections/maryhamilton/,"Compiled by David Denison, Nuria Yáñez-Bouza, Tino Oudesluijs, Cassandra Ulph, Christine Wallis, Hannah Barker and Sophie Coulombeau. Manchester: University of Manchester, 2019-.",2019,yes,yes,348,yes,partly,yes,Early Modern; Long Nineteenth Century,ENG; FRE,yes,no
1000,The Medici Archives - Building Interactive Archives,http://bia.medici.org,"[no responsible editors identified]. Florence: The Medici Archive Project, 2012.",2012,no,yes,,,,,,,,
1001,The Memorandoms of James Martin,https://www.ucl.ac.uk/Bentham-Project/publications/martins-memorandoms/martins-memorandoms.html,,,yes,no,135,yes,no,no,Early Modern,ENG,not provided,no
1002,The Minor Works of John Lydgate,http://www.minorworksoflydgate.net,Ed. by Matthew Evan Davis. 2015-.,2015,no,yes,,,,,,,,
1003,The Model Edition Partnership: Abraham Lincoln Legal Papers,https://web.archive.org/web/20090421081313/http://adh.sc.edu/ll/ll-table.html,"Ed. by Martha L. Benner and Cullom Davis. Springfield (IL): Illinois Historic Preservation Agency, 2000-2003.",2000,no,yes,,,,,,,,
1004,The Model Edition Partnership: Documentary History of the First Federal Congress,http://www.gwu.edu/~ffcp/,Ed. by Charlene Bangs Bickford. Washington D.C.: 2009-.,2009,no,yes,,,,,,,,
1005,The Model Edition Partnership: Margaret Sanger and *The Woman Rebel*,http://modeleditions.blackmesatech.com/mep/MS/docs/ms-table.html,"Ed. by Esther Katz, et. al. Columbia (SC): Model Editions Partnership, 1999.",1999,no,yes,,,,,,,,
1006,The Model Edition Partnership: Papers of Henry Laurens,https://web.archive.org/web/20090421081017/http://adh.sc.edu/hl/hl-table.html,"Ed. by David R. Chesnutt and C. James Taylor. Columbia (SC): University of South Carolina, 2000-2003.",2000,no,yes,,,,,,,,
1007,The Model Edition Partnership: The Eleanor Roosevelt Papers,https://web.archive.org/web/20160603021404/https://www.gwu.edu/%7Eerpapers/,Ed. by Allida M. Black. Washington D.C.: 2006-2008.,2006,no,yes,,,,,,,,
1008,The Model Edition Partnership: The Marcus Garvey and UNIA Papers,https://web.archive.org/web/20090421081330/http://adh.sc.edu/mg/mg-table.html,"Ed. by Robert A. Hill. Los Angeles (CA): University of California, 1999-2003.",1999,no,yes,,,,,,,,
1009,The Model Edition Partnership: The Papers of Dwight David Eisenhower,https://web.archive.org/web/20090421081014/http://adh.sc.edu/de/de-table.html,"Ed. by Daun R. van Ee and Louis Galambos. Baltimore (MD): Johns Hopkins University, 1999-2003.",1999,no,yes,,,,,,,,
1010,The Model Edition Partnership: The Papers of George Catlett Marshall,https://web.archive.org/web/20090421081308/http://adh.sc.edu/gm/gm-table.html,"Ed. by Larry I. Bland. Lexington (VA): George C. Marshall Foundation, 2000.",2000,no,yes,,,,,,,,
1011,The Model Edition Partnership: The Papers of Joseph Henry,https://web.archive.org/web/20090421081023/http://adh.sc.edu/jh/jh-table.html,"Ed. by Marc Rothenberg. Washington D.C.: Smithsonian Institution, 2000-2003.",2000,no,yes,,,,,,,,
1012,The Mondrian Papers,https://mondrianpapers.org/,"Ed. by Wietse Coppes and Leo Jansen. Amsterdam: Huygens Institute for the History and Culture of the Netherlands (KNAW) and RKD – Netherlands Institute for Art History, 2024.",2024,no,yes,,,,,,,,
1013,The Morris Online Edition,http://morrisarchive.lib.uiowa.edu/,"Ed. Florence Boos et al. Iowa City (IA): University of Iowa Libraries, 2005-.",2005,no,yes,,,,,,,,
1014,The Multitext Edition. The Norman Blake Editions of The Canterbury Tales.,https://www.chaucermss.org/?manuscript=Hg&tale=GP&version=multitext&page=home,"Ed. by Estelle Stubbs, Michael Pidd, Orietta Da Rold, Simon Horobin and Claire Thomson with Linda Cross. Sheffield: University of Sheffield, 2013.",2013,no,yes,,,,,,,,
1015,The Newton Project,http://www.newtonproject.sussex.ac.uk/prism.php?id=1,,,yes,no,126,yes,yes,yes,Early Modern,LAT,yes,no
1016,The Newton Project,http://www.newtonproject.sussex.ac.uk/,"Ed. by Rob Iliffe and Scott Mandelbrote. Falmer: University of Sussex, 1998-.",1998,no,yes,,,,,,,,
1017,The Online Critical Pseudepigrapha,http://ocp.tyndale.ca/,,,yes,no,65,no,no,yes,Antiquity,ARC; GRC; LAT,not provided,no
1018,The Online Froissart,http://www.hrionline.ac.uk/onlinefroissart/index.jsp,,,yes,no,124,yes,no,no,Middle Ages,FRO,not provided,no
1019,The Online Froissart - A Digital Edition of the Chronicles of Jean Froissart,https://www.dhi.ac.uk/onlinefroissart/,"Ed. by Peter Ainsworth, Godfried Croenen et al. Sheffield / Liverpool: Humanities Research Institute et al., 2007-2010.",2010,no,yes,,,,,,,,
1020,The Papers of Alexander Hamilton,http://rotunda.upress.virginia.edu/founders/ARHN.html,"Ed. Harold C. Syrett. Charlottesville: University of Virginia Press / Rotunda, 2011.",2011,yes,yes,183,yes,no,yes,Early Modern; Long Nineteenth Century,ENG,not provided,no
1021,The Papers of Andrew Jackson Digital Edition,https://rotunda.upress.virginia.edu/founders/JKSN.html,"Daniel Feller, editor. Charlottesville: University of Virginia Press / Rotunda, 2015–.",2015,no,yes,,,,,,,,
1022,The Papers of Andrew Johnson Digital Edition,https://rotunda.upress.virginia.edu/founders/AWJN.html,"Ed. by LeRoy P. Graf, Ralph W. Haskins, and Paul H. Bergeron. Charlottesville: University of Virginia Press, Rotunda, 2020.",2020,no,yes,,,,,,,,
1023,The Papers of Benjamin Franklin,https://franklinpapers.org/,"Ed. by David W. Packard. Los Altos (CA): Packard Humanities Institute, 1988 [CD-ROM-Version]; 2006 [online-version].",1988,no,yes,,,,,,,,
1024,The Papers of Daniel Webster Digital Edition,https://rotunda.upress.virginia.edu/founders/WBST.html,"Ed. by Charles M. Wiltse et.al. Charlottesville: University of Virginia Press / Rotunda, 2018.",2018,no,yes,,,,,,,,
1025,The Papers of Eliza Lucas Pinckney and Harriot Pinckney Horry,http://rotunda.upress.virginia.edu/PinckneyHorry/,"Edited by Constance B. Schulz. Charlottesville (VA): University of Virginia Press, 2012; ISBN 9780813932514.",2012,yes,yes,184,yes,no,yes,Early Modern; Long Nineteenth Century,ENG,not provided,no
1026,The Papers of Frederick Law Olmsted Digital Edition,https://rotunda.upress.virginia.edu/founders/OLMS.html,"Ed. by Charles E. Beveridge. Charlottesville: University of Virginia Press, Rotunda, 2022.",2022,no,yes,,,,,,,,
1027,The Papers of George Washington,http://rotunda.upress.virginia.edu/founders/GEWN.html,"Ed. by Theodore J. Crackel. Charlottesville (VA): University of Virginia Press, 2007.",2007,yes,yes,185,yes,no,yes,Early Modern; Long Nineteenth Century,ENG,not provided,no
1028,The Papers of James Madison,http://rotunda.upress.virginia.edu/founders/JSMN.html,"J. C. A. Stagg, editor. Charlottesville: University of Virginia Press / Rotunda, 2010.",2010,yes,yes,186,yes,no,yes,Early Modern; Long Nineteenth Century,ENG,not provided,no
1029,The Papers of James Monroe Digital Edition,https://rotunda.upress.virginia.edu/founders/MONR.html,"Ed. by Daniel Preston and Robert Karachuk. Charlottesville, The Virginia University Press / Rotunda, 2021.",2021,no,yes,,,,,,,,
1030,The Papers of John Marshall Digital Edition,https://rotunda.upress.virginia.edu/founders/JNML.html,"Charles Hobson, editor. Charlottesville: University of Virginia Press / Rotunda, 2014.",2014,no,yes,,,,,,,,
1031,The Papers of Martin Van Buren,http://vanburenpapers.org/,"Dir. by Mark R. Cheathem. Lebanon (TN): Cumberland University, 2016-.",2016,no,yes,,,,,,,,
1032,The Papers of Roger Brooke Taney,https://www.primarysourcecoop.org/rbt/,"Ed. by David Ramsey, Kelly Carr and Ed Bradley. Boston: Massachusetts Historical Society, s.a. [probably 2024].",2024,no,yes,,,,,,,,
1033,The Papers of the Revolutionary Era Pinckney Statesmen Digital Edition,https://rotunda.upress.virginia.edu/founders/PNKY.html,"Ed. Constance B. Schulz. Charlottesville: University of Virginia Press / Rotunda, 2016.",2016,no,yes,,,,,,,,
1034,The Papers of Thomas Jefferson,http://rotunda.upress.virginia.edu/founders/TSJN.html,"Ed. James P. McClure and J. Jefferson Looney. Charlottesville: University of Virginia Press / Rotunda, 2008–2020.",2008,yes,yes,187,yes,no,yes,Early Modern; Long Nineteenth Century,ENG,not provided,no
1035,The Papers of Ulysses S. Grant Digital Edition,https://rotunda.upress.virginia.edu/founders/GRNT.html,"Ed. by John Y. Simon and John F. Marszalek. Charlottesville: University of Virginia Press / Rotunda, 2018.",2018,no,yes,,,,,,,,
1036,The Papers of Woodrow Wilson Digital Edition.,https://rotunda.upress.virginia.edu/founders/WILS.html,"Ed. by Arthur S. Link. Charlottesville: University of Virginia Press / Rotunda, 2017. Originally published in The Papers of Woodrow Wilson © 1966–1994, Princeton University Press.",2017,no,yes,,,,,,,,
1037,The Paris Codex,http://digital.library.northwestern.edu/codex/index.html,,,yes,no,134,no,yes,no,Middle Ages,MYN,not provided,no
1038,The Parliament Rolls of Medieval England,http://www.sd-editions.com/PROME/,"Ed. by Chris Given-Wilson. Leicester: Scholarly Digital Editions, 2005; ISBN 978-0904628052; CD-ROM.",2005,no,yes,,,,,,,,
1039,The Pérez Galdós Editions Project,http://hridigital.shef.ac.uk/galdos,,,yes,no,188,partly,no,yes,Long Nineteenth Century,SPA,not provided,no
1040,The Planctus for William Longsword,http://vlib.iue.it/carrie/documents/planctus/planctus/index.html,,,yes,no,189,no,no,no,Middle Ages,LAT,not provided,no
1041,The Planctus for William Longsword,https://helmerichs.us/planctus/index.html,Ed. by Robert Helmerichs. s.l.: 1999-2002.,1999,no,yes,,,,,,,,
1042,The Proceedings of the Old Bailey,http://www.oldbaileyonline.org/,"Ed. by Tim Hitchcock, Robert Shoemaker et al. Sheffield: HRIOnline, 2003-2018.",2003,yes,yes,59,partly,yes,yes,Early Modern; Long Nineteenth Century,ENG,not provided,no
1043,The revised Dred Scott Case Collection,http://digital.wustl.edu/d/dre/index.html,"Ed. by the Digital Library Services. St. Louis (MO): Washington University, 2007.",2007,no,yes,,,,,,,,
1044,The Richard Brome Project,http://www.hrionline.ac.uk/brome/,,,yes,no,60,yes,no,no,Early Modern,ENG,not provided,no
1045,The Richard Rufus of Cornwall Project,http://rrp.stanford.edu,"Rega Wood (general editor) et al. Stanford: Stanford University, 2013ff.",2013,no,yes,,,,,,,,
1046,The Royal Inscriptions of the Neo-Assyrian Period,http://oracc.museum.upenn.edu/rinap/,"Dir. by Grant Frame. Philadelphia: University of Pennsylvania, 2011-.",2011,yes,yes,102,partly,no,no,Antiquity,ARA; ARC; SYC; PER,not provided,no
1047,"The Saint-Aubins ""Book of Arses"": The Livre de Caricatures tant bonnes que mauvaises",http://www.waddesdon.org.uk/collection/special-projects/st.-aubin,,,yes,no,11,no,no,no,Early Modern,FRE,not provided,no
1048,The Samuel Taylor Coleridge Archive,https://web.archive.org/web/20100312073610/http://etext.lib.virginia.edu:80/stc/Coleridge/stc.html,"Created by Marjorie A. Tiefert. Charlottesville (VA): University of Virginia, 1994-1999.",1994,no,yes,,,,,,,,
1049,The Selected Papers of John Jay Digital Edition,https://rotunda.upress.virginia.edu/founders/JNJY.html,"Elizabeth M. Nuxoll, editor. Charlottesville: University of Virginia Press / Rotunda, 2014–.",2014,no,yes,,,,,,,,
1050,The Shakespeare Quartos Archive,https://wayback.archive-it.org/org-467/20191016094633/http://quartos.org/,"Ed. by Richard Ovenden. Oxford: Bodleian Library, 2004.",2004,no,yes,,,,,,,,
1051,The Shelley-Godwin Archive,http://www.shelleygodwinarchive.org/,"Directed by Elizabeth C. Denlinger and Neil Fraistat. College Park (MD): Maryland Institute for Technology in the Humanities, 2013.",2013,yes,yes,122,yes,no,yes,Early Modern,ENG,not provided,no
1052,The Sibley Watson Digital Archive,https://dslab.lib.rochester.edu/esw/,"Initially conceived by Marjorie Barkin Searl and Lu Harper. Rochester: University of Rochester / Digital Scholarship Lab, s.a. [probably 2018].",2018,no,yes,,,,,,,,
1053,The Siege of Gibraltar & Miscellaneous Pieces: The Works of Catherine Upton,https://romantic-circles.org/editions/upton/index.html,"Ed. by Dan Froid. A Romantic Circles Electronic Edition. College Park (MD): University of Maryland, 2017.",2017,no,yes,,,,,,,,
1054,"The Speeches and Articles of Margaret Sanger, 1911-1959: A Digital Edition",http://sangerpapers.org/documents/aboutedition.php,"Directed by Dr. Esther Katz. New York: The Margaret Sanger Papers Project, New York University, 2015-.",2015,no,yes,,,,,,,,
1055,The SpokenWeb Digital Anthology,https://hipstas.github.io/spokenweb-anthology/,"Ed. by Zoe Bursztajn-Illingworth and Tanya Clement. Austin: University of Texas, 2023.",2023,no,yes,,,,,,,,
1056,The St Gall Priscian Glosses,http://www.stgallpriscian.ie,"Ed. by Pádraic Moran. Galway: National University of Ireland, 2010-.",2010,yes,yes,32,partly,yes,yes,Middle Ages,LAT,not provided,no
1057,The Svoboda Diary Project,http://courses.washington.edu/otap/svoboda/public/index.html,,,yes,no,61,no,no,no,Long Nineteenth Century,ARA,not provided,no
1058,The Thomas Gray Archive,http://www.thomasgray.org/,"Ed. by Alexander Huber. Oxford: Bodleian Libraries / University of Oxford, 2000-.",2000,yes,yes,2,yes,yes,yes,Early Modern,ENG; LAT; GRE,yes,no
1059,The Thomas MacGreevy Archive,http://www.macgreevy.org,Ed. by Susan Schreibman et al. Dublin / College Park (MD): 2001-2007.,2001,no,yes,,,,,,,,
1060,The Thomas Nashe Project,https://research.ncl.ac.uk/thethomasnasheproject/,"Ed. by Jennifer Richards. Newcastle upon Tyne: Newcastle University, 2017.",2017,no,yes,,,,,,,,
1061,"The Vergil project. Resources for Students, Teachers, and Readers of Vergil",http://vergil.classics.upenn.edu/,,,yes,no,75,no,no,yes,Antiquity,ENG; LAT,partly,no
1062,The Walt Whitman Archive,http://www.whitmanarchive.org/,"Ed. by Matt Cohen, Ed Folsom and Kenneth M. Price. Lincoln (NE): University of Nebraska, 1995-.",1995,yes,yes,108,yes,yes,yes,Long Nineteenth Century,ENG,not provided,no
1063,The Wandering Jew's Chronicle,http://wjc.bodleian.ox.ac.uk,,,yes,no,232,yes,yes,yes,Early Modern; Long Nineteenth Century,ENG,yes,no
1064,The Wellington Valley Project,https://downloads.newcastle.edu.au/library/cultural%20collections/the-wellington-valley-project/,"Ed. by Hilary M. Carey and David A. Roberts. Newcastle: University of Newcastle, 2002.",2002,no,yes,,,,,,,,
1065,The Wife of Bath's prologue and tale: from the Canterbury Tales,na,"Ed. by Elizabeth Salter. Leicester: Cambridge University Press, 1998; ISBN 978-0521635301; CD-ROM.",1998,no,yes,,,,,,,,
1066,The Willa Cather Archive,http://cather.unl.edu,"Ed. by Andrew Jewell. Lincoln (NE): University of Nebraska, 1997-.",1997,no,yes,,,,,,,,
1067,The William Blake Archive,http://www.blakearchive.org/,"Ed. by Morris Eaves, Robert Essick and Joseph Viscomi. Chapel Hill (NC): University of North Carolina, 1996-.",1996,no,yes,,,,,,,,
1068,The William Elliot Griffis Collection: Online Prototype,https://web.archive.org/web/20080516085000/http://www.ceth.rutgers.edu/projects/Griffis/project.htm,"Ed. by Center for Electronic Texts in the Humanities (CETH). New Brunswick / Princeton (NJ): Rutgers University / Princeton University, 1999.",1999,no,yes,,,,,,,,
1069,The Winnifred Eaton Archive,https://www.winnifredeatonarchive.org/,"Ed. by Mary Chapman and Jean Lee Cole. Vancouver / Baltimore: University of British Columbia / Loyola University Maryland, 2020-.",2020,no,yes,,,,,,,,
1070,The Woodman Diary,https://web.archive.org/web/20190919170943/http://dhprojects.maynoothuniversity.ie:80/woodman,"Ed. by Meredith Dabek, Noel Groome, Richard Hadden, Shane A. McGarry, Nathan Murphy, Neale Rooney and Joshua D. Savage. Maynooth: An Foras Feasa, 2015.",2015,no,yes,,,,,,,,
1071,The Workdiaries of Robert Boyle,http://www.livesandletters.ac.uk/wd/index.html,"Hg. von Michael Hunter. London: A.H.R.C / Centre For Editing Lives And Letters, 2004.",2004,yes,yes,30,yes,no,yes,Early Modern,ENG,not provided,no
1072,The Works of Charles Gildon – A Digital Documentary Edition,http://di.salemstate.edu/snowka/index.html,"Ed. by Scott Nowka. Salem (MA): Salem State University, 2022-.",2022,no,yes,,,,,,,,
1073,The Works of Charlotte Smith - An Electronic Edition,https://cdrhsites.unl.edu/ctsmithsite,"Ed. by Stephen C. Behrendt. Lincoln (NE): University of Nebraska, s.a [probably 2006].",2006,no,yes,,,,,,,,
1074,The Yale Digital Edition of the Works of Samuel Johnson,http://www.yalejohnson.com,"Robert DeMaria Jr. (General Editor). New Haven (CT): Yale University, 2014.",2014,no,yes,,,,,,,,
1075,The Yellow Nineties Online,http://www.1890s.ca,"Ed. by Dennis Denisoff and Lorraine Janzen Kooistra. Toronto: Ryerson University, 2012.",2012,no,yes,,,,,,,,
1076,The Yellow Wallpaper Digital Edition,https://yellowwallpaperedition.com/,"Ed. by Deanna Stover and Rebecca Norton. Newport News: Christopher Newport University, 2021.",2022,no,yes,,,,,,,,
1077,The Zibaldone project,http://www.birmingham.ac.uk/research/activity/leopardi/projects/index.aspx,,,yes,no,190,not provided,not provided,yes,Long Nineteenth Century,ITA,not provided,no
1078,Thecae: Inventaires mauristes,https://www.unicaen.fr/services/puc/sources/maur/accueil,"Directed by Jérémy Delmulle. Caen: Maison de la recherche en sciences humaines, 2018.",2018,no,yes,,,,,,,,
1079,Theodor Fontane: Notizbücher,https://fontane-nb.dariah.eu/index.html,"Hrsg. von Gabriele Radecke. Göttingen: Universität Göttingen, 2015.",2015,yes,yes,217,yes,yes,yes,Long Nineteenth Century,GER,yes,no
1080,Thesaurus Inscriptionum Raeticarum,https://tir.univie.ac.at,"Ed. Stefan Schumacher, Corinna Salomon, Sindy Kluge, Gudrun Bajc, and Martin Braun. Vienna: University of Vienna, 2013-.",2013,yes,yes,323,no,no,yes,Antiquity,RAE,yes,no
1081,Thesaurus musicarum italicarum (TMI),http://euromusicology.cs.uu.nl/,"Ed. by Frans Wiering et al. Utrecht: Institute of Information and Computing Sciences, 1997-2005. Online version 2000-2005.",2000,no,yes,,,,,,,,
1082,Thomas A. Edison Papers,http://edison.rutgers.edu/,"Ed. by Paul Israel et al. Newark (NJ): Rutgers University, 2005-.",2005,no,yes,,,,,,,,
1083,"THOMAS BERNHARD: ""Heldenplatz"". Historisch-kritische Edition",https://hp.ace.oeaw.ac.at,"Hrsg. v. Barbara Tumfart, Silvia Waltl u. Konstanze Fliedl. Wien: Österreichische Akademie der Wissenschaften (ÖAW), 2024.",2024,no,yes,,,,,,,,
1084,"THOMAS BERNHARD: ""Wittgensteins Neffe"". Kommentierte Edition",https://wn.ace.oeaw.ac.at/,"Hrsg. von Barbara Tumfart, Silvia Waltl und Konstanze Fliedl. Wien: Austrian Corpora and Editions (ACE), 2021.",2021,no,yes,,,,,,,,
1085,Thomas Lovell Beddoes: The Brides' Tragedy,http://www.rc.umd.edu/editions/beddoes/intro.html,,,yes,no,123,no,no,no,Long Nineteenth Century,ENG,not provided,no
1086,Thomas Lovell Beddoes. The Brides' Tragedy (1822),https://romantic-circles.org/editions/beddoes/index.html,"Ed. by David Baulch. A Romantic Circles Electronic Edition. College Park (MD): University of Maryland, 2007.",2007,no,yes,,,,,,,,
1087,Thomas Raddall Electronic Archive Project,http://findingaids.library.dal.ca/thomas-head-raddall-fonds,"Ed. by Michael Moosberger et al. Halifax (NS): Dalhousie University Libraries, 2001-2006.",2001,no,yes,,,,,,,,
1088,Thoughts in Prison by William Dodd,https://romantic-circles.org/editions/prison/index.html,"Ed. by Charles Rzepka. A Romantic Circles Electronic Edition. College Park (MD): University of Maryland, 2010.",2010,no,yes,,,,,,,,
1089,Tibetan Sources for a Social History of Mustang (Nepal),http://www.tibetanhistory.net/documents/mustang,"Ed. by Charles Ramble and Nyima Drandul. Halle: International Institute for Tibetan and Buddhist Studies, 2019.",2019,no,yes,,,,,,,,
1090,Transforming Middlemarch: A Genetic Edition of Andrew Davies' 1994 BBC Adaptation of George Eliot's Novel,https://middlemarch.dmu.ac.uk,"Justin Smith; Gabriel Egan; Anna Blackwell. Leicester: De Montfort University, 2022.",1994,no,yes,,,,,,,,
1091,Travel Journals of Johann Conrad Fischer 1794–1851,https://johannconradfischer.com,"Unter der Leitung von Franziska Eggimann. Schlatt: Eisenbibliothek, 2023.",2023,no,yes,,,,,,,,
1092,travel!digital,https://traveldigital.acdh.oeaw.ac.at/,,,yes,no,302,yes,yes,yes,Long Nineteenth Century,GER,yes,no
1093,TraveLab,https://eadh2021.culintec.de/RUSINEK_Sinai_TraveLab.html,"Ed. by Sinai Rusinek. Haifa: University of Haifa, Eliyahu Laboratory, 2022.""",2022,no,yes,,,,,,,,
1094,Travels into Several Remote Nations of the World by Lemuel Gulliver - or: Gulliver's Travels by Jonathan Swift,http://web.archive.org/web/20100313025726/http://www.jaffebros.com/lee/gulliver/index.html,Created by Lee Jaffe. Santa Cruz (CA): 1998-2005.,1998,no,yes,,,,,,,,
1095,Tristram Shandy Web [Laurence Sterne],http://www.tristramshandyweb.it,"Ed. by Patrizia Nerozzi Bellman. Mailand: Istituto Universitario di Lingue Moderne, 2000-.",2000,no,yes,,,,,,,,
1096,U. D. Metzger – Handschrift eines Hinterglasmalers,https://ulrichdanielmetzger.digital,"Geleitet von Uta Bergmann und Sophie Wolf. Romont: Vitrocentre Romont, 2022.",2022,no,yes,,,,,,,,
1097,"U.S. Constitutional Convention 1787: Grand Convention at Philadelphia, May to September, 1787, Quill Project 2021 Edition.",https://www.quillproject.net/negotiation/156/overview,"Ed. by Kieran Hazzard, Lauren Davis, and Grace Mallon. Oxford: Quill Project at Pembroke College, 2019, Relaunch 2021.",2019,no,yes,,,,,,,,
1098,Ubi Erat Lupa – Bilddatenbank zu antiken Steindenkmälern,http://lupa.at/,"Hrsg. von Jakob Egger, Friederike und Ortolf Harl. Wien: 2002-.",2002,no,yes,,,,,,,,
1099,Ulrich Richental - Die Chronik des Konzils von Konstanz,https://edition.mgh.de/001/html/,"Hg. von Thomas Martin Buck (MGH DE 1, 2019).",2019,no,yes,,,,,,,,
1100,Ulrich Richental die Chronik des Konzils von Konstanz,https://edition.mgh.de/001/,,,yes,no,305,yes,yes,yes,Middle Ages,GMH,partly,no
1101,Une nouvelle édition du *Rotulus de denariis*,https://journals.openedition.org/tabularia/2569?lang=en,"Edited by Thomas Jarry. Tabularia - Sources écrites de la Normandie médiévale. Caen: Université de Caen / Maison de la Recherche en Science Humaines, 2007.",2007,no,yes,,,,,,,,
1102,Urfehdebücher der Stadt Basel – digitale Edition,http://gams.uni-graz.at/context:ufbas,"Hrsg. von Susanna Burghartz, Sonia Calvi und Georg Vogeler. Basel/Graz: Universität Basel / ZIM, 2017.",2017,no,yes,,,,,,,,
1103,Urkundenbuch der Steiermark. Band I: Von den Anfängen bis 1192,http://gams.uni-graz.at/collection:stub,"Hg. von Friedrich Hausmann. Graz: Karl-Franzens-Universität Graz, 2007-.",2007,no,yes,,,,,,,,
1104,Urkundenbuch zur Geschichte der Deutschen in Siebenbürgen,https://siebenbuergenurkundenbuch.ub.rptu.de/,"Projekt geleitet von Martin Armgart. Trier: Kompetenzzentrum für elektronische Erschließungs- und Publikationsverfahren in den Geisteswissenschaften, 2012.",2012,no,yes,,,,,,,,
1105,"Ursus from Benevento, De nomine",http://www1.unipa.it/paolo.monella/ursus/transcription.html,,,yes,no,241,yes,yes,no,Middle Ages,LAT,yes,no
1106,Utrechtse Kronieken,http://www.utrechtsekronieken.nl,"Kaj van Vliet, Bart Jaski, Carla de Glopper en Hans Mulder. Utrecht: Het Utrechts Archief / Universiteitsbibliotheek Utrecht, 2015.",2015,no,yes,,,,,,,,
1107,Van Nu en Straks brieven,http://www.vnsbrieven.org/VNS/,,,yes,no,238,yes,no,yes,Modern,DUT,yes,no
1108,Van Nu en Straks. De Brieven,http://vnsbrieven.org,"Hg. von Bert Van Raemdonck. Gent: Universiteit Gent / KANTL, 2011.",2011,no,yes,,,,,,,,
1109,Vercelli Book Digitale,http://vbd.humnet.unipi.it,"Directed by Roberto Rosselli Del Turco. Pisa: CISIAU / Laboratorio di Cultura Digitale, 2013.",2013,yes,yes,127,yes,no,yes,Middle Ages,LAT,not provided,no
1110,Verse Miscellanies Online - Printed Poetry Collections of the Sixteenth and Seventeenth Centuries,http://versemiscellaniesonline.bodleian.ox.ac.uk/,"Directed by Michelle O’Callaghan. Reading: University of Reading, 2011ff.",2011,no,yes,,,,,,,,
1111,Verses Transcribed for H. T. by Mary Tighe,https://romantic-circles.org/editions/tighe_verses,"Ed. by Harriet Kramer Linkin. A Romantic Circles Electronic Edition. College Park (MD): University of Maryland, 2015.",2015,no,yes,,,,,,,,
1112,"Vespasiano da Bisticci, Lettere",http://vespasianodabisticciletters.unibo.it,,,yes,no,252,yes,no,yes,Middle Ages,ITA; LAT,yes,no
1113,Vespasiano da Bisticci: Lettere,https://projects.dharc.unibo.it/vespasiano/,"A curi di F. Tomasi. Bologna: CRR-MM / Università di Bologna, 2013. Versione 2, 2015. Versione 3, 2020",2013,no,yes,,,,,,,,
1114,Vincent van Gogh - The Letters,http://vangoghletters.org/vg/,"Ed. by Leo Jansen, Hans Luijten and Nienke Bakker. Den Haag: Huygens Institute, 2012-.",2012,no,yes,,,,,,,,
1115,Vindolanda Tablets Online,http://vindolanda.csad.ox.ac.uk/index.shtml,,,yes,no,7,no,no,yes,Antiquity,LAT,yes,no
1116,Vindolanda Tablets Online,http://vindolanda.csad.ox.ac.uk/,"Directed by Alan Bowman, Charles Crowther and John Pearce. Oxford: Oxford University, 2001-2003.",2001,no,yes,,,,,,,,
1117,Vindolanda Tablets Online II,http://vto2.classics.ox.ac.uk/,,,yes,no,8,yes,yes,no,Antiquity,LAT,yes,no
1118,Virginie Loveling: In Oorlogsnood. Virginie Lovelings dagboek 1914-1918,https://www.dbnl.org/tekst/love002oorl01_01/colofon.php,"Tekstkritische editie door Bert Van Raemdonck. Gent: Centrum voor Teksteditie en Bronnenstudie (CTB) / KANTL, 2004.",2004,no,yes,,,,,,,,
1119,Virginie Loveling’s Diary,http://edities.kantl.be/loveling/,,,yes,no,191,yes,yes,yes,Modern,DUT,yes,no
1120,Visualizing Statues in the Late Antique Roman Forum - Inscription Database,https://web.archive.org/web/20180129213641/http://inscriptions.etc.ucla.edu:80/index.php/inscription-database/,"Diane Favro (principal investigator). Los Angeles: UCLA, ca. 2011.",2011,no,yes,,,,,,,,
1121,Volkssprachige Originalurkunden aus Metzer Archiven bis zum Jahr 1270 – Elektronische Edition,http://www.rmnet.uni-trier.de/cgi-bin/RMnetIndex.tcl?hea=qf&for=qpitzreg,"Hg. von Dr. Martina Pitz. Lyon: Université Jean Moulin Lyon III, 2005.",2005,no,yes,,,,,,,,
1122,Von Island nach Jerusalem – Eine annotierte Webedition des Itinerars des Abtes Nikulás,http://www.nikulas.ds.uni-tuebingen.de/omeka/neatline/fullscreen/itinerar-nikulas,"Geleitet von Fabian Schwabe. Tübingen: eScience-Center, Eberhard Karls Universität Tübingen, 2015.",2015,no,yes,,,,,,,,
1123,Walewein ende Keye,http://www.waleweinendekeye.huygens.knaw.nl/path/home,"Ed. by Marjolein Hogenbirk in collaboration with Wim Gerritsen. Amsterdam: Huygens ING, 2011.",2011,no,yes,,,,,,,,
1124,Wallace Online,http://wallace-online.org/,"Ed. by John van Wyhe. Singapore: National University of Singapore, 2012-.",2012,no,yes,,,,,,,,
1125,Walter Benjamin Digital — Writings and Literaty Estate. Volume 11: Berliner Chronik / Berliner Kindheit um neunzehnhundert Facsimiles of the manuscripts and transcriptions,https://www.walter-benjamin.online/,"Hg. von Nadine Werner und Burkhardt Lindner. Hamburg: Hamburger Stiftung zur Förderung von Wissenschaft und Kultur, 2016.",2016,no,yes,,,,,,,,
1126,Wathay Ferenc összes műve,http://magyar-irodalom.elte.hu/gepesk/wathay/,,,yes,no,273,no,no,yes,Early Modern,HUN,yes,no
1127,Welscher Gast Digital,http://digi.ub.uni-heidelberg.de/wgd/,"Ed. by Jakub Šimek. Heidelberg: Universitätsbibliothek Heidelberg, 2015.",2015,no,yes,,,,,,,,
1128,Welsh Prose 1350-1425,http://www.rhyddiaithganoloesol.caerdydd.ac.uk/en/,,,yes,no,125,yes,no,yes,Middle Ages,WEL,not provided,no
1129,Wenzelsbibel Digital,https://edition.onb.ac.at/fedora/objects/context:wenbibel/methods/sdef:Context/get,"Projektleitung: Manfred Kern. Salzburg: Universität Salzburg in Kooperation mit der Österreichischen Nationalbibliothek, 2022-2024.",2022,no,yes,,,,,,,,
1130,When the Wall Came Down. The Perception of German Reunification in International Diplomatic Documents 1989–1990,https://www.dodis.ch/q12,"Marc Dierikx und Sacha Zala (Hg.). Bern: Quaderni di dodis (12), 2019.",2019,no,yes,,,,,,,,
1131,Wiener Grundbücher - Digitale Edition,https://grundbuecher.acdh.oeaw.ac.at,"Das Darlehensbuch Satzbuch CD (1438-1473). Von Thomas Ertl, Patrick Fiska, Richard Weinbergmair, Korbinian Grünwald und Peter Andorfer. Wien: Österreichische Akademie der Wissenschaften, 2019.",2019,no,yes,,,,,,,,
1132,Wiki Leopardi,http://wikileopardi.altervista.org,"A cura di Paola Italia, Giovanna Cordibella e Simone Nieddu. Roma/Berna/Napoli: Sapienza Università di Roma / Università di Berna / Biblioteca Nazionale di Napoli, 2016-.",2016,no,yes,,,,,,,,
1133,Wilhelmine von Bayreuth: Briefe über ihre Reise nach Frankreich und Italien 1754/1755,https://quellen.perspectivia.net/de/wilhelmine/start,"Zusammenstellung und Transkription: Rashid Sascha Pegah, Bearbeitung: Yvonne Rehhahn und Franziska Windt unter Mitarbeit von Sylvia Möwes, Übersetzung: Günter Berger, Cornelia Klettke, Franziska Windt und Cordula Wöbbeking auf Grundlage einer Übertragung von Rashid Sascha Pegah, Realisation und Datenmanagement: Fabian Cremer, Marcel Riedel und Tobias Tenhaef. Potsdam: Research Center Sanssouci, 2019.",2019,no,yes,,,,,,,,
1134,William F. Cody Archive,http://codyarchive.org/,,,yes,no,242,yes,yes,yes,Long Nineteenth Century; Modern,ENG; GER,yes,no
1135,William Godwin's Diary,http://godwindiary.bodleian.ox.ac.uk/index2.html,,,yes,no,62,yes,yes,yes,Long Nineteenth Century,ENG,not provided,http://ride.i-d-e.de/issues/issue-3/godwin/
1136,William Golder Electronic Edition,http://nzetc.victoria.ac.nz/tm/scholarly/tei-corpus-golder.html,,,yes,no,192,yes,yes,yes,Long Nineteenth Century,ENG,not provided,no
1137,William Hone: The Political House that Jack Built,https://romantic-circles.org/editions/hone/index.html,"Ed. by Kyle Grimes. A Romantic Circles Electronic Edition. College Park (MD): University of Maryland, 1998.",1998,no,yes,,,,,,,,
1138,William of Ockham: Dialogus,http://www.britac.ac.uk/pubs/dialogus/ockdial.html,,,yes,no,104,no,no,no,Middle Ages,LAT,not provided,no
1139,William of Palerne,http://trove.nla.gov.au/work/33020507,,,yes,no,193,not provided,no,yes,Middle Ages,ENM,not provided,no
1140,William of Palerne. An Electronic Edition,https://press.umich.edu/Books/W/William-of-Palerne,"Hg. von Gerrit H. V. Bunt. Ann Arbor (MI): University of Michigan Press, 2002; ISBN 978-0472003044; CD-ROM.",2002,no,yes,,,,,,,,
1141,William Wordsworth's Guide to the Lakes,https://romantic-circles.org/editions/guide_lakes,"Ed. by Nicholas Mason, Shannon Stimpson and Paul Westover. A Romantic Circles Electronic Edition. College Park (MD): University of Maryland, 2015.",2015,no,yes,,,,,,,,
1142,Winthrop Papers Digital Edition,https://www.masshist.org/publications/winthrop/,"Contributors, past and present, are William Beck, Suzanne Carroll, Dov Frede, Holly Hendricks, Ondine Le Blanc, Jeanine Rees, and Paul Fotis Tsimahides. Boston: Massachusetts Historical Society, s.a. [probably 2017].",2017,no,yes,,,,,,,,
1143,Wittgenstein Source,http://www.wittgensteinsource.org/,"Curated by Alois Pichler. Bergen: Wittgenstein Archives, University of Bergen, 2015ff.",2015,no,yes,,,,,,,,
1144,Wittgenstein's Nachlass - The Bergen Electronic Edition (BEE),https://wab.uib.no/wab_BEE.page,"Ed. by Alois Pichler et al. Bergen / Oxford: Wittgenstein Archives at the University of Bergen / Oxford University Press, 1998; ISBN 978-0192682431.",1998,no,yes,,,,,,,,
1145,Wittgensteins Nachlass: The Bergen Electronic Edition,http://www.nlx.com/collections/124,,,yes,no,194,yes,no,yes,Long Nineteenth Century; Modern,GER; ENG,not provided,no
1146,Wolfgang Koeppen: Jugend - Textgenetische Edition,http://www.koeppen-jugend.de/,"Herausgegeben von Katharina Krüger, Elisabetta Mengaldo und Eckhard Schumacher. Berlin: Suhrkamp, 2016.",2016,no,yes,,,,,,,,
1147,Woolf Online,http://www.woolfonline.com/,"Caughie, Pamela L., Nick Hayward, Mark Hussey, Peter Shillingsburg, and George K. Thiruvathukal, eds. Chicago (IL)/New York: Loyola University Chicago / Pace University, 2013.",2013,yes,yes,213,no,no,yes,Modern,ENG,not provided,no
1148,"Wschowska księga grodzka, 1495-1526",https://atlas.ihpan.edu.pl/gis/agad_wschowa_i2_pub/index.php,"[The Court Records of Wschowa (1495–1526). Digital Edition] Ed. by Marek Słoń and Urszula Zachara-Związek. Warsaw: Polish Academy of Science, 2018.",2018,no,yes,,,,,,,,
1149,Wulf & Eadwacer,https://web.archive.org/web/20061207211321/http://www.wmich.edu:80/medieval/research/rawl/wulf/,"Ed. by Michael Donald Livingston. Kalamazoo (MI): Western Michigan University, 2001.",2001,no,yes,,,,,,,,
1150,Wulfstan's Eschatological Homilies,https://web.archive.org/web/20210425143821/http://webpages.ursinus.edu/jlionarons/wulfstan/Wulfstan.html,"Edited and Translated by Joyce Tally Lionarons. Collegeville (PA): Ursinus College, 2000.",2000,no,yes,,,,,,,,
1151,Zacharias Topelius Skrifter,http://www.topelius.fi,"Directed by Patricia Berg. Helsinki: Society of Swedish Literature in Finland, 2010ff.",2010,no,yes,,,,,,,,
1152,Zibaldone Europeo,http://www.birmingham.ac.uk/research/activity/leopardi/projects/barcelona.aspx,,,yes,no,195,no,not provided,no,Long Nineteenth Century,ITA,not provided,no
1153,"Zwischen Theologie, frühmoderner Naturwissenschaft und politischer Korrespondenz: Die sozinianischen Briefwechsel",https://sozinianer.de,"Hg. von Kęstutis Daugirdas und Andreas Kuczera unter DH-Mitarbeit von Julian Jarosch und Patrick Toschka. Emden/Mainz: Johannes a Lasco Bibliothek / Akademie der Wissenschaften und der Literatur, 2021-.",2021,no,yes,,,,,,,,
1154,Древнерусские берестяные грамоты,http://gramoty.ru,"Дизайн: А. В. Санников. Институт славяноведения Российской академии наук, 2007-.",2007,no,yes,,,,,,,,
1155,Песме Ерлангенског рукописа - Erlangenski rukopis,http://www.monumentaserbica.branatomic.com/erl/,"Hg. von Mirjana Detelić, Snežana Samardžija und Lidija Delic. Monumenta Serbica, 2014.",2014,no,yes,,,,,,,,
1156,Српски дигитални дипломатар / Diplomatarium Serbicum Digitale,http://www.bisanu.rs/,"Edited by Zarko Vojosevic. Belgrade: Serbian Academy’s Institute for Balkan Studies, 2015.",2015,no,yes,,,,,,,,
