form,lang,lemma,status,count,alternatives
quod,la,quod,review,197,quod qui
quam,la,quam,review,163,quam qui
tartari,la,Tartarus,review,100,Tartarus tartarus tartares
tartaris,la,tartar,review,80,tartar Tartaris
p,la,p,review,72,p greek.expression P Pucius
tartarorum,la,tartarus,review,64,tartarus tartaror
e,la,ex,review,58,ex e
esse,la,sum,review,55,sum esse
quoque,la,quoque,review,54,quoque quisque
c,la,que,review,43,que c
christianis,la,christianus,review,43,christianus Christianus
modo,la,modo,review,42,modo modus
verum,la,verus,review,42,verus verum uerum
facile,la,facile,review,41,facile facilis
sinis,la,sinis,review,41,sinis sinum sini
ante,la,ante,review,38,ante antequam
em,la,em,review,37,em is
christiani,la,christianus,review,36,christianus Christianus
regno,la,regnum,review,35,regnum regnus
sui,la,suus,review,35,suus sui
demum,la,demum,review,34,demum demus
christi,la,Christus,review,31,Christus christus
solum,la,solum,review,31,solum solus
sinico,la,sinicus,review,29,sinicus Sinicus
rebus,la,res,review,27,res rebus
quamvis,la,quamuis,review,26,quamuis quamvis QUAMVIS
vix,la,uix,review,26,uix vix
aliquot,la,aliqui,review,25,aliqui aliquot
christianorum,la,christianus,review,25,christianus Christianus
societatis,la,societas,review,24,societas societatus
imo,la,inferus,review,23,inferus imo
taicosamae,la,taicosamus,review,23,taicosamus Taicosama
leaotung,la,Leaotungus,review,22,Leaotungus leaotuns
nangasachum,la,nangasachum,review,22,nangasachum Nangasachus nangasachumque nangasachi
iaponiae,la,iaponius,review,21,iaponius Iaponia iaponia
primo,la,primo,review,21,primo primus
christianam,la,christianus,review,20,christianus Christianus
moenia,la,moenia,review,19,moenia moenium
una,la,unus,review,19,unus una
vi,la,vis,review,19,vis vi
nanking,la,Nankinus,review,18,Nankinus Nanking
xensi,la,xensis,review,18,xensis xensum
fokien,la,fokien,review,17,fokien fokies Fokie
multo,la,multus,review,17,multus multo
quoq,la,quoq,review,17,quoq qui
uti,la,utor,review,17,utor ut
quangtung,la,quangtuns,review,16,quangtuns quangtui Quangtung quangtung
regis,la,rex,review,16,rex Rex
foin,la,foin,review,15,foin foinde
iaponia,la,Iaponias,review,15,Iaponias Iaponia Iaponius
paulo,la,paulo,review,15,paulo paulus Paulus
taicosama,la,taicosamus,review,15,taicosamus Taicosamus
victoriam,la,victoria,review,15,victoria uictoria
voluit,la,volo,review,15,volo uolo
altera,la,alter,review,14,alter altera
gubernatorum,la,guberno,review,14,guberno gubernator
numero,la,numerus,review,14,numerus numero
admodum,la,admodum,review,13,admodum admodus
alias,la,alius,review,13,alius alias
christo,la,Christus,review,13,Christus christus
atre,la,ater,review,12,ater Atrus
brevi,la,brevis,review,12,brevis brevi
vitam,la,uita,review,12,uita vita
vocant,la,voco,review,12,voco uoco
bello,la,bellum,review,11,bellum bellus
obsidione,la,obsidio,review,11,obsidio obsidione
plus,la,plus,review,11,plus multus
taiminga,la,Taiminga,review,11,Taiminga Taimingus
atris,la,ater,review,10,ater atrus
eiusque,la,quique,review,10,quique eiusque eiusqus
porro,la,porro,review,10,porro porrus
sacris,la,sacer,review,10,sacer sacrum
sinicis,la,Sinicus,review,10,Sinicus sinicus
aliqua,la,aliqui,review,9,aliqui aliquis
aulam,la,aula,review,9,aula Aula
cives,la,civis,review,9,civis ciuis
contentus,la,contineo,review,9,contineo contentus
iesu,la,iesus,review,9,iesus iesu Iesus
praefectorum,la,praefectus,review,9,praefectus praefector
actum,la,ago,review,8,ago actus
bonum,la,bonum,review,8,bonum bonus
ceterum,la,ceterus,review,8,ceterus ceterum
facilius,la,faciliter,review,8,faciliter facile
iaponios,la,iaponius,review,8,iaponius Iaponius
mandatum,la,mando,review,8,mando mandatum
niuche,la,niucx,review,8,niucx niuchus
patriae,la,patria,review,8,patria patrius
sinici,la,Sinicus,review,8,Sinicus sinicus
tartarico,la,Tartaricus,review,8,Tartaricus tartaricus
usangueius,la,usangueius,review,8,usangueius usangueiub
vere,la,uere,review,8,uere vere
versus,la,uersus,review,8,uersus versus
victor,la,uictor,review,8,uictor victor
viginti,la,uiginti,review,8,uiginti viginti
caeterum,la,caeter,review,7,caeter caeterus
chekiang,la,Chekianus,review,7,Chekianus chekiax
chinensium,la,chinensus,review,7,chinensus chinenseo
divinam,la,diuinus,review,7,diuinus divinus
legis,la,lex,review,7,lex Legi
lu,la,lu,review,7,lu Luucius
maris,la,mare,review,7,mare mas
ortum,la,ortus,review,7,ortus orior
ozacam,la,ozacas,review,7,ozacas ozacus
subditos,la,subdo,review,7,subdo subditus
vivis,la,vivus,review,7,vivus vivo
cainocami,la,cainocamus,review,6,cainocamus Cainocamus
certo,la,certo,review,6,certo certus
latronum,la,latro,review,6,latro latronus
littore,la,littus,review,6,littus littor
lusitanis,la,lusitanus,review,6,lusitanus lusitanis
maovenlungus,la,maovenlungus,review,6,maovenlungus Maovenlungus
nangasacho,la,Nangasachus,review,6,Nangasachus nangasachus
quamprimum,la,quamprimus,review,6,quamprimus quamprimum
tanto,la,tanto,review,6,tanto tantus
tartariae,la,tartarius,review,6,tartarius Tartaria
xantung,la,xantunus,review,6,xantunus xantung
aliquos,la,aliqui,review,5,aliqui aliquis
boream,la,borea,review,5,borea boreus boreas
chinae,la,chinus,review,5,chinus china chini
ditissima,la,ditus,review,5,ditus ditis
honan,la,honan,review,5,honan Honas
huquang,la,huquang,review,5,huquang huquae
iapone,la,iapon,review,5,iapon Iaponus
ingressum,la,ingressus,review,5,ingressus ingredior
leucas,la,leucus,review,5,leucus leucas
mala,la,malus,review,5,malus malum
mariae,la,Maria,review,5,Maria mariaes
melius,la,bene,review,5,bene bonus
merito,la,merito,review,5,merito meritum
metropolitana,la,Metropolitana,review,5,Metropolitana Metropolitanus
ozaca,la,Ozaca,review,5,Ozaca ozacus ozaca
perduelles,la,perduellis,review,5,perduellis perduelles
praecipui,la,praecipuus,review,5,praecipuus praecipeo praecipus
responsum,la,responsum,review,5,responsum respondeo
scriptis,la,scriptum,review,5,scriptum scribo
strenue,la,strenue,review,5,strenue strenuis
taicosamam,la,Taicosama,review,5,Taicosama taicosamus
tartaricis,la,Tartaricus,review,5,Tartaricus tartaricus
vasallis,la,uasallius,review,5,uasallius vasallus
viam,la,via,review,5,via uia
videri,la,video,review,5,video uideo
vobis,la,uos,review,5,uos vos
bonis,la,bonum,review,4,bonum bonus
bono,la,bonum,review,4,bonum bonus
chingtu,la,Chingtus,review,4,Chingtus chingtus
dem,la,dem,review,4,dem des
extremum,la,exterior,review,4,exterior extremus
gibunoscio,la,gibunoscius,review,4,gibunoscius Gibunoscius
hangcheu,la,hangcheu,review,4,hangcheu hangcheus
ieiasi,la,ieiasus,review,4,ieiasus Ieiasus
ignatio,la,ignatio,review,4,ignatio Ignatius
incommoda,la,incommodum,review,4,incommodum incommodus
leaoyang,la,leaoyanus,review,4,leaoyanus Leaoyang
legi,la,lex,review,4,lex lego
malo,la,malum,review,4,malum malus
maria,la,mare,review,4,mare maria Maria
metropolis,la,metropol,review,4,metropol metropoles
noctu,la,noctu,review,4,noctu nox
omurandonus,la,omurando,review,4,omurando omurandonus
palatii,la,palatium,review,4,palatium palatius
pellis,la,pellis,review,4,pellis pella
reverendissimus,la,Reverendissimus,review,4,Reverendissimus reverendo
sinica,la,sinicus,review,4,sinicus Sinicus
sponte,la,spons,review,4,spons sponte
tem,la,teu,review,4,teu tem
utrinque,la,uterque,review,4,uterque utrinque
v,la,u,review,4,u v
viri,la,uir,review,4,uir vir
advenit,la,aduenio,review,3,aduenio advenio
afflictis,la,afflinquo,review,3,afflinquo afflicgo
aliaque,la,aliaqus,review,3,aliaqus aliaque
aliique,la,aliique,review,3,aliique aliiquus
aliquem,la,aliqui,review,3,aliqui aliquis
aliquo,la,aliqui,review,3,aliqui aliquis
annona,la,annon,review,3,annon annona annonus
bungo,la,bungus,review,3,bungus bungo
cicugense,la,cicugensis,review,3,cicugensis cicugense
compendio,la,Compendius,review,3,Compendius compendium
conatus,la,conor,review,3,conor conatus
debito,la,debeo,review,3,debeo debitum
duci,la,dux,review,3,dux duco
effectum,la,effectus,review,3,effectus efficio
enimvero,la,enim,review,3,enim enimvero
fidis,la,fidus,review,3,fidus fido
firandensi,la,firandensis,review,3,firandensis Firandensis
firandum,la,firor,review,3,firor firo
futura,la,futurus,review,3,futurus sum
gibunoscii,la,Gibunoscius,review,3,Gibunoscius gibunoscius
hollandis,la,hollanda,review,3,hollanda hollo
ipseque,la,ipseque,review,3,ipseque ipse
l,la,Lucius,review,3,Lucius l
leucis,la,leucis,review,3,leucis leux
m,la,m,review,3,m Marcus
michael,la,michael,review,3,michael Michael
omurae,la,omurus,review,3,omurus omura
parati,la,paro,review,3,paro paratus
peracta,la,perago,review,3,perago pergo
quamobrem,la,quamobres,review,3,quamobres quamobrem
quangcheu,la,quangcheu,review,3,quangcheu quangcheus
quintus,la,Quintus,review,3,Quintus quintus
quosque,la,quosque,review,3,quosque quos
rati,la,rascor,review,3,rascor ratis ratus
saepenumero,la,saepenumero,review,3,saepenumero Saepenumerus
salutari,la,saluto,review,3,saluto salutaris
secreta,la,secerno,review,3,secerno secretum
serio,la,serio,review,3,serio serium
sufficientes,la,sufficiens,review,3,sufficiens sufficio
taitung,la,Taitung,review,3,Taitung tao
tributa,la,tributum,review,3,tributum tribuo
universo,la,uniuersus,review,3,uniuersus universus
vexillum,la,uexillum,review,3,uexillum vexillum
victus,la,victus,review,3,victus vinco
virtutes,la,uirtus,review,3,uirtus virtus
vis,la,vis,review,3,vis volo
voarani,la,voaranis,review,3,voaranis Goaranus
adverso,la,adversus,review,2,adversus adverto
aliorumque,la,aliorumque,review,2,aliorumque quimque
allicerent,la,alliceo,review,2,alliceo allicio
attoniti,la,attoneo,review,2,attoneo attonitus
bigensis,la,bigensis,review,2,bigensis bigensus
bonorum,la,bonum,review,2,bonum bonus
boym,la,bous,review,2,bous boym
bugensi,la,bugensis,review,2,bugensis bugensus
bugensium,la,Bugenses,review,2,Bugenses bugensis
carvalio,la,carvalius,review,2,carvalius uervalius
claudium,la,claudium,review,2,claudium Claudius
comitatus,la,comitatus,review,2,comitatus comitor
continenti,la,continens,review,2,continens contineo
corumensium,la,corumenus,review,2,corumenus corumeo
doctiores,la,doctior,review,2,doctior doctus
domin,la,domin,review,2,domin domius
domina,la,domina,review,2,domina dominus
dominae,la,domina,review,2,domina dominus
dubio,la,dubium,review,2,dubium dubius
egidius,la,egidius,review,2,egidius Egidius
everendum,la,evero,review,2,evero everor
extincta,la,exstinguo,review,2,exstinguo extingo
gonzalez,la,gonzalez,review,2,gonzalez Gonzalez
haeres,la,haer,review,2,haer haeres
hieronymum,la,Hieronymes,review,2,Hieronymes hieronymus
historia,la,Historia,review,2,Historia historius
iaponi,la,iapon,review,2,iapon Iaponus
iaponum,la,Iapon,review,2,Iapon Iaponus
idiomate,la,idioma,review,2,idioma idiomate
ignatium,la,ignatium,review,2,ignatium ignatius
ii,la,ii,review,2,ii is
lata,la,fero,review,2,fero latus
latum,la,fero,review,2,fero latus
liberis,la,liber,review,2,liber liberi
linguam,la,lingua,review,2,lingua linguus
mecum,la,ego,review,2,ego mecus
millies,la,mille,review,2,mille millies
missionariis,la,missionarius,review,2,missionarius Missionarius
monarchae,la,monarcha,review,2,monarcha monarchaes
nanchang,la,Nanchang,review,2,Nanchang Nanchangus
nangasaci,la,nangasacus,review,2,nangasacus nangasax
neptem,la,neps,review,2,neps nepto
nostrosque,la,nostroser,review,2,nostroser nostrosque
notum,la,nosco,review,2,nosco notus
observandum,la,obseruo,review,2,obseruo observo
obvia,la,obuius,review,2,obuius obvia
occide,la,occides,review,2,occides occido
operis,la,operis,review,2,operis opus
orizae,la,oriza,review,2,oriza orizes
ozacana,la,ozacana,review,2,ozacana ozacanus
pessum,la,pessus,review,2,pessus petior
puncto,la,punctum,review,2,punctum pungo
quadrato,la,quadratus,review,2,quadratus quadro
quadringenta,la,quadringenta,review,2,quadringenta quadringenti
regina,la,regina,review,2,regina Regina
revera,la,revera,review,2,revera revero
sassumam,la,Sassuma,review,2,Sassuma Sassumas
secretum,la,secerno,review,2,secerno secretum
sexcenta,la,sexcenti,review,2,sexcenti sexcentus
soliti,la,solio,review,2,solio solitus
taimingam,la,taiminga,review,2,taiminga Taimingas
tenebris,la,tenebra,review,2,tenebra tenebrae
thienkio,la,thienkio,review,2,thienkio Thienkius
totamque,la,totam,review,2,totam totamque
ulturus,la,ulturus,review,2,ulturus ulveo
uto,la,uto,review,2,uto Utus
valignani,la,valignanes,review,2,valignanes valignanus
vexilla,la,uexilla,review,2,uexilla vexillum
vicarium,la,uicarius,review,2,uicarius vicarius
vident,la,uideo,review,2,uideo video
videre,la,uideo,review,2,uideo video
in,la,in,suggested,904,
et,la,et,suggested,781,
ut,la,ut,suggested,492,
ac,la,atque,suggested,473,
ad,la,ad,suggested,466,
non,la,non,suggested,367,
cum,la,cum,suggested,355,
est,la,sum,suggested,313,
a,la,ab,suggested,299,
qui,la,qui,suggested,254,
se,la,sui,suggested,241,
ex,la,ex,suggested,217,
de,la,de,suggested,184,
ue,la,ue,suggested,175,
sed,la,sed,suggested,173,
ab,la,ab,suggested,137,
enim,la,enim,suggested,130,
per,la,per,suggested,130,
um,la,um,suggested,129,
iam,la,iam,suggested,124,
omnes,la,omnis,suggested,119,
sunt,la,sum,suggested,117,
quo,la,qui,suggested,116,
ubi,la,ubi,suggested,110,
quae,la,qui,suggested,107,
vel,la,uel,suggested,105,
hoc,la,hic,suggested,101,
tamen,la,tamen,suggested,100,
etiam,la,etiam,suggested,95,
ita,la,ita,suggested,95,
si,la,si,suggested,94,
fuit,la,sum,suggested,89,
autem,la,autem,suggested,87,
erat,la,sum,suggested,86,
eius,la,is,suggested,84,
tum,la,tum,suggested,84,
pro,la,pro,suggested,82,
nec,la,nec,suggested,79,
ne,la,ne,suggested,77,
haec,la,hic,suggested,76,
que,la,que,suggested,76,
post,la,post,suggested,73,
vero,la,uero,suggested,71,
eo,la,is,suggested,70,
urbem,la,urbs,suggested,65,
omnibus,la,omnis,suggested,64,
sibi,la,sui,suggested,64,
quibus,la,qui,suggested,62,
hic,la,hic,suggested,61,
inter,la,inter,suggested,61,
qua,la,qui,suggested,60,
illi,la,ille,suggested,58,
nam,la,nam,suggested,58,
suis,la,suus,suggested,57,
am,la,am,suggested,56,
tam,la,tam,suggested,56,
illis,la,ille,suggested,55,
milites,la,miles,suggested,55,
aut,la,aut,suggested,54,
ipse,la,ipse,suggested,54,
nos,la,nos,suggested,54,
ob,la,ob,suggested,54,
atque,la,atque,suggested,53,
imperium,la,imperium,suggested,53,
unde,la,unde,suggested,53,
domini,la,dominus,suggested,52,
nostris,la,noster,suggested,52,
quia,la,quia,suggested,52,
eos,la,is,suggested,50,
ergo,la,ergo,suggested,50,
esset,la,sum,suggested,50,
suo,la,suus,suggested,50,
tartaros,la,tartar,suggested,50,
tempore,la,tempus,suggested,50,
ea,la,is,suggested,49,
itaque,la,itaque,suggested,48,
hac,la,hic,suggested,46,
nobis,la,nos,suggested,46,
anno,la,annus,suggested,45,
eum,la,is,suggested,45,
magna,la,magnus,suggested,45,
alii,la,alius,suggested,44,
eorum,la,is,suggested,44,
quidem,la,quidem,suggested,44,
quos,la,qui,suggested,42,
sit,la,sum,suggested,42,
contra,la,contra,suggested,41,
militum,la,miles,suggested,41,
nisi,la,nisi,suggested,41,
suum,la,suus,suggested,41,
causa,la,causa,suggested,40,
regni,la,regnum,suggested,40,
his,la,hic,suggested,39,
millia,la,mille,suggested,39,
cuius,la,qui,suggested,38,
en,la,en,suggested,38,
erant,la,sum,suggested,38,
id,la,is,suggested,38,
imperatoris,la,imperator,suggested,38,
patres,la,pater,suggested,38,
tantum,la,tantum,suggested,38,
augustini,la,augustinus,suggested,37,
eam,la,is,suggested,37,
eodem,la,idem,suggested,37,
mortem,la,mors,suggested,37,
omnia,la,omnis,suggested,37,
urbe,la,urbs,suggested,37,
cui,la,qui,suggested,36,
nihil,la,nihil,suggested,36,
provincia,la,provincia,suggested,36,
suam,la,suus,suggested,36,
christianos,la,christianus,suggested,35,
deinde,la,deinde,suggested,35,
imperatorem,la,imperator,suggested,35,
sub,la,sub,suggested,35,
tandem,la,tandem,suggested,35,
exercitus,la,exercitus,suggested,34,
licet,la,licet,suggested,34,
nunc,la,nunc,suggested,34,
on,la,on,suggested,34,
aliis,la,alius,suggested,33,
hactenus,la,hactenus,suggested,33,
imperator,la,imperator,suggested,33,
res,la,res,suggested,33,
sinae,la,sina,suggested,33,
t,la,t,suggested,33,
dum,la,dum,suggested,32,
regnum,la,regnum,suggested,32,
sua,la,suus,suggested,32,
apud,la,apud,suggested,31,
huius,la,hic,suggested,31,
ille,la,ille,suggested,31,
imperii,la,imperium,suggested,31,
militibus,la,miles,suggested,31,
peking,la,Pekinus,suggested,31,
sic,la,sic,suggested,31,
sinas,la,sina,suggested,31,
ater,la,ater,suggested,30,
ibi,la,ibi,suggested,30,
illius,la,ille,suggested,30,
omnino,la,omnino,suggested,30,
provinciam,la,provincia,suggested,30,
rex,la,rex,suggested,30,
an,la,an,suggested,29,
daifusama,la,daifusamus,suggested,29,
hanc,la,hic,suggested,29,
re,la,res,suggested,29,
sinarum,la,sina,suggested,29,
suorum,la,suus,suggested,29,
tota,la,totus,suggested,29,
inde,la,inde,suggested,28,
parte,la,pars,suggested,28,
provinciae,la,provincia,suggested,28,
provincias,la,provincia,suggested,28,
supra,la,supra,suggested,28,
totius,la,totus,suggested,28,
imperio,la,imperium,suggested,27,
loco,la,locus,suggested,27,
n,la,n,suggested,27,
quem,la,qui,suggested,27,
quorum,la,qui,suggested,27,
dominus,la,dominus,suggested,26,
mox,la,mox,suggested,26,
rem,la,res,suggested,26,
alia,la,alius,suggested,25,
dedit,la,do,suggested,25,
hi,la,hic,suggested,25,
multis,la,multus,suggested,25,
nostri,la,noster,suggested,25,
quando,la,quando,suggested,25,
quasi,la,quasi,suggested,25,
semper,la,semper,suggested,25,
urbis,la,urbs,suggested,25,
urbs,la,urbs,suggested,25,
aliud,la,alius,suggested,24,
armis,la,arma,suggested,24,
christianae,la,christianus,suggested,24,
daifusamae,la,daifusamus,suggested,24,
fuerit,la,sum,suggested,24,
illud,la,ille,suggested,24,
nostra,la,noster,suggested,24,
praefecti,la,praeficio,suggested,24,
primum,la,primus,suggested,24,
quas,la,qui,suggested,24,
sine,la,sine,suggested,24,
sint,la,sum,suggested,24,
duces,la,dux,suggested,23,
filius,la,filius,suggested,23,
intra,la,intra,suggested,23,
omni,la,omnis,suggested,23,
suos,la,suus,suggested,23,
tamquam,la,tamquam,suggested,23,
un,la,un,suggested,23,
vim,la,vis,suggested,23,
belli,la,bellum,suggested,22,
domino,la,dominus,suggested,22,
essent,la,sum,suggested,22,
familia,la,familia,suggested,22,
habebat,la,habeo,suggested,22,
locum,la,locus,suggested,22,
quatuor,la,quattuor,suggested,22,
quid,la,quis,suggested,22,
regia,la,regius,suggested,22,
regiam,la,regius,suggested,22,
sumus,la,sum,suggested,22,
tanta,la,tantus,suggested,22,
vires,la,vis,suggested,22,
aula,la,aula,suggested,21,
bellum,la,bellum,suggested,21,
forte,la,forte,suggested,21,
illam,la,ille,suggested,21,
interea,la,interea,suggested,21,
manu,la,manus,suggested,21,
maxime,la,magne,suggested,21,
me,la,ego,suggested,21,
omnium,la,omnis,suggested,21,
praefectos,la,praefectus,suggested,21,
quare,la,quare,suggested,21,
saepe,la,saepe,suggested,21,
statu,la,status,suggested,21,
status,la,status,suggested,21,
usque,la,usque,suggested,21,
vitae,la,vita,suggested,21,
dux,la,dux,suggested,20,
fere,la,fere,suggested,20,
illa,la,ille,suggested,20,
illum,la,ille,suggested,20,
longe,la,longe,suggested,20,
magis,la,magis,suggested,20,
parum,la,parum,suggested,20,
potuit,la,possum,suggested,20,
propugnaculum,la,propugnaculum,suggested,20,
r,la,r,suggested,20,
tartarus,la,Tartarus,suggested,20,
vita,la,uita,suggested,20,
exercitum,la,exercitus,suggested,19,
hunc,la,hic,suggested,19,
imperatore,la,imperator,suggested,19,
minus,la,parue,suggested,19,
nondum,la,nondum,suggested,19,
numquam,la,numquam,suggested,19,
partem,la,pars,suggested,19,
postea,la,postea,suggested,19,
potius,la,pote,suggested,19,
suchuen,la,suchueus,suggested,19,
totam,la,totus,suggested,19,
tunc,la,tunc,suggested,19,
urbes,la,urbs,suggested,19,
at,la,at,suggested,18,
bene,la,bene,suggested,18,
donec,la,donec,suggested,18,
ei,la,is,suggested,18,
exercitu,la,exercitus,suggested,18,
factum,la,facio,suggested,18,
idem,la,idem,suggested,18,
ingentem,la,ingens,suggested,18,
ipsi,la,ipse,suggested,18,
manus,la,manus,suggested,18,
morte,la,mors,suggested,18,
nomen,la,nomen,suggested,18,
nomine,la,nomen,suggested,18,
nullo,la,nullus,suggested,18,
patribus,la,pater,suggested,18,
potestatem,la,potestas,suggested,18,
regem,la,rex,suggested,18,
sinicum,la,sinicus,suggested,18,
tot,la,tot,suggested,18,
totum,la,totus,suggested,18,
undique,la,undique,suggested,18,
arma,la,arma,suggested,17,
augustinus,la,augustinus,suggested,17,
caput,la,caput,suggested,17,
christiana,la,Christianus,suggested,17,
civitates,la,civitas,suggested,17,
die,la,dies,suggested,17,
duo,la,duo,suggested,17,
fide,la,fides,suggested,17,
fuerat,la,sum,suggested,17,
fuisse,la,sum,suggested,17,
iis,la,is,suggested,17,
ipsum,la,ipse,suggested,17,
iussit,la,iubeo,suggested,17,
meaco,la,meacus,suggested,17,
modum,la,modus,suggested,17,
posset,la,possum,suggested,17,
postquam,la,postquam,suggested,17,
regnorum,la,regnum,suggested,17,
tempus,la,tempus,suggested,17,
toto,la,totus,suggested,17,
annum,la,annus,suggested,16,
deo,la,deus,suggested,16,
eadem,la,idem,suggested,16,
gubernatoribus,la,gubernator,suggested,16,
imperatori,la,imperator,suggested,16,
ingens,la,ingens,suggested,16,
mihi,la,ego,suggested,16,
nulla,la,nullus,suggested,16,
posse,la,possum,suggested,16,
rei,la,res,suggested,16,
relictis,la,relinquo,suggested,16,
velut,la,uelut,suggested,16,
adhuc,la,adhuc,suggested,15,
annis,la,annus,suggested,15,
copias,la,copia,suggested,15,
dei,la,deus,suggested,15,
deinceps,la,deinceps,suggested,15,
divinae,la,divinus,suggested,15,
fidem,la,fides,suggested,15,
fuisset,la,sum,suggested,15,
ingenti,la,ingens,suggested,15,
ipsa,la,ipse,suggested,15,
iter,la,iter,suggested,15,
mortis,la,mors,suggested,15,
nimirum,la,nimirum,suggested,15,
nova,la,novus,suggested,15,
partes,la,pars,suggested,15,
patrem,la,pater,suggested,15,
potest,la,possum,suggested,15,
praefectis,la,praefectus,suggested,15,
qu,la,qu,suggested,15,
quoniam,la,quoniam,suggested,15,
rerum,la,res,suggested,15,
simul,la,simul,suggested,15,
verbis,la,verbum,suggested,15,
animi,la,animus,suggested,14,
deus,la,deus,suggested,14,
dictus,la,dico,suggested,14,
dies,la,dies,suggested,14,
discrimen,la,discrimen,suggested,14,
dominis,la,dominus,suggested,14,
filium,la,filius,suggested,14,
hominum,la,homo,suggested,14,
ideo,la,ideo,suggested,14,
illos,la,ille,suggested,14,
ingressus,la,ingredior,suggested,14,
is,la,is,suggested,14,
meacum,la,meacus,suggested,14,
metropolim,la,metropolis,suggested,14,
mille,la,mille,suggested,14,
millibus,la,mille,suggested,14,
neque,la,neque,suggested,14,
nostrae,la,noster,suggested,14,
nostros,la,noster,suggested,14,
numerum,la,numerus,suggested,14,
omnem,la,omnis,suggested,14,
partim,la,partim,suggested,14,
paucis,la,paucus,suggested,14,
possent,la,possum,suggested,14,
regnis,la,regnum,suggested,14,
regulus,la,regulus,suggested,14,
reliquis,la,reliquus,suggested,14,
summa,la,summus,suggested,14,
temporis,la,tempus,suggested,14,
tres,la,tres,suggested,14,
unum,la,unus,suggested,14,
viribus,la,vis,suggested,14,
consilio,la,consilium,suggested,13,
denique,la,denique,suggested,13,
denuo,la,denuo,suggested,13,
dominos,la,dominus,suggested,13,
everendus,la,everor,suggested,13,
habet,la,habeo,suggested,13,
latronis,la,latro,suggested,13,
magnum,la,magnus,suggested,13,
neq,la,neq,suggested,13,
nostrorum,la,noster,suggested,13,
nullum,la,nullus,suggested,13,
nunquam,la,numquam,suggested,13,
pater,la,pater,suggested,13,
prorsus,la,prorsus,suggested,13,
provinciarum,la,provincia,suggested,13,
quidam,la,quidam,suggested,13,
reliqui,la,reliquus,suggested,13,
siquidem,la,siquidem,suggested,13,
societate,la,societas,suggested,13,
statum,la,status,suggested,13,
amplius,la,ample,suggested,12,
animo,la,animus,suggested,12,
animos,la,animus,suggested,12,
daifusamam,la,daifusamus,suggested,12,
dominum,la,dominus,suggested,12,
ecclesiae,la,ecclesia,suggested,12,
ecclesias,la,ecclesia,suggested,12,
eiusdem,la,idem,suggested,12,
equites,la,eques,suggested,12,
fluvium,la,fluvius,suggested,12,
fore,la,sum,suggested,12,
gubernatores,la,gubernator,suggested,12,
habuit,la,habeo,suggested,12,
hos,la,hic,suggested,12,
illo,la,ille,suggested,12,
latrones,la,latro,suggested,12,
medio,la,medius,suggested,12,
mense,la,mensis,suggested,12,
more,la,mos,suggested,12,
naves,la,navis,suggested,12,
nostrum,la,noster,suggested,12,
octo,la,octo,suggested,12,
operam,la,opera,suggested,12,
partibus,la,pars,suggested,12,
paulatim,la,paulatim,suggested,12,
plurimum,la,multus,suggested,12,
reliqua,la,reliquus,suggested,12,
satis,la,satis,suggested,12,
secum,la,sui,suggested,12,
sedem,la,sedes,suggested,12,
suas,la,suus,suggested,12,
aliisque,la,aliisque,suggested,11,
alios,la,alius,suggested,11,
augustino,la,augustinus,suggested,11,
cainocamus,la,cainoco,suggested,11,
coactus,la,cogo,suggested,11,
diebus,la,dies,suggested,11,
diu,la,diu,suggested,11,
dominorum,la,dominus,suggested,11,
domum,la,domus,suggested,11,
ego,la,ego,suggested,11,
exemplum,la,exemplum,suggested,11,
filio,la,filius,suggested,11,
gibunoscius,la,gibunoscius,suggested,11,
huic,la,hic,suggested,11,
iaponiam,la,Iaponia,suggested,11,
ingentes,la,ingens,suggested,11,
kiangus,la,kiangus,suggested,11,
magno,la,magnus,suggested,11,
maiorem,la,magnus,suggested,11,
maiores,la,magnus,suggested,11,
misit,la,mitto,suggested,11,
montes,la,mons,suggested,11,
occasione,la,occasio,suggested,11,
opera,la,opus,suggested,11,
pervenit,la,pervenio,suggested,11,
potestate,la,potestas,suggested,11,
praefectus,la,praefectus,suggested,11,
praesidio,la,praesidium,suggested,11,
quin,la,quin,suggested,11,
solo,la,solus,suggested,11,
trium,la,tres,suggested,11,
aliquam,la,aliqui,suggested,10,
animus,la,animus,suggested,10,
anni,la,annus,suggested,10,
antequam,la,antequam,suggested,10,
atq,la,atq,suggested,10,
atrem,la,ater,suggested,10,
augustinum,la,augustinus,suggested,10,
auxilia,la,auxilium,suggested,10,
capite,la,caput,suggested,10,
certe,la,certe,suggested,10,
consilium,la,consilium,suggested,10,
deditionem,la,deditio,suggested,10,
diximus,la,dico,suggested,10,
duorum,la,duo,suggested,10,
extra,la,extra,suggested,10,
facere,la,facio,suggested,10,
facta,la,facio,suggested,10,
fidei,la,fides,suggested,10,
fortiter,la,fortiter,suggested,10,
fuere,la,sum,suggested,10,
fuissent,la,sum,suggested,10,
gentiles,la,gentilis,suggested,10,
habere,la,habeo,suggested,10,
haud,la,haud,suggested,10,
hostes,la,hostis,suggested,10,
interim,la,interim,suggested,10,
ipso,la,ipse,suggested,10,
ira,la,ira,suggested,10,
itinere,la,iter,suggested,10,
latro,la,latro,suggested,10,
loca,la,locus,suggested,10,
magnam,la,magnus,suggested,10,
magni,la,magnus,suggested,10,
maxima,la,magnus,suggested,10,
motus,la,motus,suggested,10,
multos,la,multus,suggested,10,
periculo,la,periculum,suggested,10,
poterat,la,possum,suggested,10,
praecipue,la,praecipue,suggested,10,
prius,la,prius,suggested,10,
quaedam,la,quidam,suggested,10,
quodam,la,quidam,suggested,10,
spe,la,spes,suggested,10,
suae,la,suus,suggested,10,
sum,la,sum,suggested,10,
terras,la,terra,suggested,10,
tribus,la,tres,suggested,10,
ultra,la,ultra,suggested,10,
ultro,la,ultro,suggested,10,
variis,la,varius,suggested,10,
alio,la,alius,suggested,9,
alter,la,alter,suggested,9,
canzuiedonus,la,canzuiedonus,suggested,9,
capita,la,caput,suggested,9,
casu,la,casus,suggested,9,
cognita,la,cognosco,suggested,9,
copiis,la,copia,suggested,9,
data,la,do,suggested,9,
deum,la,deus,suggested,9,
dicti,la,dico,suggested,9,
eis,la,is,suggested,9,
evasit,la,evado,suggested,9,
fluminis,la,flumen,suggested,9,
fortitudine,la,fortitudo,suggested,9,
gaudio,la,gaudium,suggested,9,
gentilis,la,gentilis,suggested,9,
gratias,la,gratia,suggested,9,
gubernator,la,gubernator,suggested,9,
homines,la,homo,suggested,9,
horum,la,hic,suggested,9,
idcirco,la,idcirco,suggested,9,
ieiaso,la,Ieiasus,suggested,9,
igitur,la,igitur,suggested,9,
ilico,la,ilico,suggested,9,
illorum,la,ille,suggested,9,
insuper,la,insuper,suggested,9,
ipsam,la,ipse,suggested,9,
item,la,item,suggested,9,
licungzus,la,licungzus,suggested,9,
locis,la,locus,suggested,9,
longius,la,longe,suggested,9,
magnis,la,magnus,suggested,9,
manibus,la,manus,suggested,9,
multa,la,multus,suggested,9,
multi,la,multus,suggested,9,
necessaria,la,necessarius,suggested,9,
numerus,la,numerus,suggested,9,
occupavit,la,occupo,suggested,9,
opus,la,opus,suggested,9,
palatium,la,palatium,suggested,9,
pars,la,pars,suggested,9,
pauci,la,paucus,suggested,9,
periculum,la,periculum,suggested,9,
plane,la,plane,suggested,9,
plures,la,multus,suggested,9,
praeterea,la,praeterea,suggested,9,
propugnaculi,la,propugnaculum,suggested,9,
propugnaculo,la,propugnaculum,suggested,9,
providentia,la,prouidentia,suggested,9,
quamplurimi,la,quamplurimi,suggested,9,
quamplurimis,la,quamplurimis,suggested,9,
quamplurimos,la,quamplurimus,suggested,9,
quantum,la,quantum,suggested,9,
regulum,la,regulus,suggested,9,
reliquas,la,reliquus,suggested,9,
repente,la,repente,suggested,9,
scilicet,la,scilicet,suggested,9,
septem,la,septem,suggested,9,
sina,la,sina,suggested,9,
soli,la,solus,suggested,9,
spem,la,spes,suggested,9,
statim,la,statim,suggested,9,
summus,la,summus,suggested,9,
uno,la,unus,suggested,9,
urbibus,la,urbs,suggested,9,
victoria,la,victoria,suggested,9,
adeo,la,adeo,suggested,8,
agere,la,ago,suggested,8,
aliquando,la,aliquando,suggested,8,
aquis,la,aqua,suggested,8,
breviter,la,breviter,suggested,8,
causam,la,causa,suggested,8,
centum,la,centum,suggested,8,
christianum,la,christianus,suggested,8,
coepit,la,coepi,suggested,8,
consilia,la,consilium,suggested,8,
coreae,la,coreas,suggested,8,
crudelissime,la,crudelis,suggested,8,
cuidam,la,quidam,suggested,8,
d,la,d,suggested,8,
declaravit,la,declaro,suggested,8,
dictis,la,dico,suggested,8,
divina,la,diuinus,suggested,8,
duce,la,dux,suggested,8,
ducem,la,dux,suggested,8,
duos,la,duo,suggested,8,
epistola,la,epistola,suggested,8,
etsi,la,etsi,suggested,8,
exemplo,la,exemplum,suggested,8,
factus,la,facio,suggested,8,
fama,la,fama,suggested,8,
finem,la,finis,suggested,8,
fortuna,la,fortuna,suggested,8,
fortunae,la,fortuna,suggested,8,
genere,la,genus,suggested,8,
gratiam,la,gratia,suggested,8,
has,la,hic,suggested,8,
hinc,la,hinc,suggested,8,
hoste,la,hostis,suggested,8,
hostis,la,hostis,suggested,8,
ingressi,la,ingredior,suggested,8,
iterum,la,iterum,suggested,8,
kiangsi,la,kiangsus,suggested,8,
kinus,la,kinus,suggested,8,
latrone,la,latro,suggested,8,
lege,la,lex,suggested,8,
legem,la,lex,suggested,8,
litteras,la,littera,suggested,8,
loci,la,locus,suggested,8,
maiora,la,magnus,suggested,8,
menses,la,mensis,suggested,8,
metropoli,la,metropolus,suggested,8,
millium,la,mille,suggested,8,
mirum,la,mirus,suggested,8,
missus,la,mitto,suggested,8,
morindoni,la,morindo,suggested,8,
multorum,la,multus,suggested,8,
nobiles,la,nobilis,suggested,8,
noster,la,noster,suggested,8,
nostram,la,noster,suggested,8,
novum,la,novus,suggested,8,
officio,la,officium,suggested,8,
pacis,la,pax,suggested,8,
possit,la,possum,suggested,8,
praefecto,la,praeficio,suggested,8,
primus,la,primus,suggested,8,
propter,la,propter,suggested,8,
quambioiendoni,la,quambioiendonus,suggested,8,
quamplurima,la,quamplurimus,suggested,8,
quandoquidem,la,quandoquidem,suggested,8,
quanta,la,quantus,suggested,8,
quinimo,la,quinimo,suggested,8,
quinque,la,quinque,suggested,8,
quis,la,quis,suggested,8,
quotquot,la,quotquot,suggested,8,
reditum,la,reditus,suggested,8,
respondit,la,respondeo,suggested,8,
spes,la,spes,suggested,8,
spoliis,la,spolium,suggested,8,
studio,la,studium,suggested,8,
summam,la,summus,suggested,8,
summo,la,summus,suggested,8,
tantam,la,tantus,suggested,8,
tartariam,la,tartarius,suggested,8,
templum,la,templum,suggested,8,
tergo,la,tergum,suggested,8,
triginta,la,triginta,suggested,8,
unus,la,unus,suggested,8,
us,la,us,suggested,8,
venit,la,venio,suggested,8,
vestes,la,vestis,suggested,8,
victores,la,victor,suggested,8,
videtur,la,uideo,suggested,8,
aliam,la,alius,suggested,7,
aliquid,la,aliquis,suggested,7,
amicitiam,la,amicitia,suggested,7,
annos,la,annus,suggested,7,
argenti,la,argentum,suggested,7,
australium,la,australis,suggested,7,
baptismi,la,baptisma,suggested,7,
benevolentia,la,benevolentia,suggested,7,
capillos,la,capillus,suggested,7,
circa,la,circa,suggested,7,
coram,la,coram,suggested,7,
decem,la,decem,suggested,7,
deniq,la,deniq,suggested,7,
dicitur,la,dico,suggested,7,
dicta,la,dico,suggested,7,
dixit,la,dico,suggested,7,
ducibus,la,dux,suggested,7,
ecclesia,la,ecclesia,suggested,7,
epistolam,la,epistola,suggested,7,
facto,la,facio,suggested,7,
frater,la,frater,suggested,7,
fuga,la,fuga,suggested,7,
gentis,la,gens,suggested,7,
gubernandi,la,guberno,suggested,7,
habent,la,habeo,suggested,7,
haberent,la,habeo,suggested,7,
hominibus,la,homo,suggested,7,
hostium,la,hostis,suggested,7,
idolorum,la,idolum,suggested,7,
ignatius,la,ignatus,suggested,7,
ipsis,la,ipse,suggested,7,
ipsos,la,ipse,suggested,7,
iram,la,ira,suggested,7,
iubet,la,iubeo,suggested,7,
iunglieo,la,iunglieus,suggested,7,
libertatem,la,libertas,suggested,7,
maiori,la,magnus,suggested,7,
mandato,la,mandatum,suggested,7,
maximum,la,magnus,suggested,7,
meaci,la,meacus,suggested,7,
metu,la,metus,suggested,7,
minimum,la,paruus,suggested,7,
missae,la,mitto,suggested,7,
montibus,la,mons,suggested,7,
morindonus,la,morindonus,suggested,7,
multas,la,multus,suggested,7,
murum,la,murus,suggested,7,
nominis,la,nomen,suggested,7,
novis,la,novus,suggested,7,
nullus,la,nullus,suggested,7,
obtinuit,la,obtineo,suggested,7,
octoginta,la,octoginta,suggested,7,
patri,la,pater,suggested,7,
perinde,la,perinde,suggested,7,
plurimi,la,multus,suggested,7,
potuisset,la,possum,suggested,7,
prae,la,prae,suggested,7,
precibus,la,prex,suggested,7,
primariis,la,primarius,suggested,7,
primarios,la,primarius,suggested,7,
provinciis,la,provincia,suggested,7,
quadraginta,la,quadraginta,suggested,7,
quamplurimas,la,quamplurimus,suggested,7,
quangsi,la,quangsus,suggested,7,
quinquaginta,la,quinquaginta,suggested,7,
ratione,la,ratio,suggested,7,
saepius,la,saepe,suggested,7,
sanguine,la,sanguis,suggested,7,
secundum,la,secundum,suggested,7,
semel,la,semel,suggested,7,
sententia,la,sententia,suggested,7,
sex,la,sex,suggested,7,
sinam,la,sina,suggested,7,
sonat,la,sono,suggested,7,
spatio,la,spatium,suggested,7,
spatium,la,spatium,suggested,7,
speciem,la,species,suggested,7,
tanquam,la,tamquam,suggested,7,
tantis,la,tantus,suggested,7,
tartarum,la,tartus,suggested,7,
temporibus,la,tempus,suggested,7,
titulo,la,titulus,suggested,7,
ulla,la,ullus,suggested,7,
varias,la,varius,suggested,7,
vicina,la,vicinus,suggested,7,
victorias,la,victoria,suggested,7,
visitatoris,la,visitator,suggested,7,
zungchinius,la,Zungchinius,suggested,7,
adest,la,adsum,suggested,6,
adsunt,la,adsum,suggested,6,
adventu,la,adventus,suggested,6,
aetate,la,aetas,suggested,6,
alibi,la,alibi,suggested,6,
aliqui,la,aliquis,suggested,6,
aliquibus,la,aliqui,suggested,6,
aliquod,la,aliqui,suggested,6,
alteri,la,alter,suggested,6,
amavangus,la,amavangus,suggested,6,
amore,la,amor,suggested,6,
annonam,la,annona,suggested,6,
annorum,la,annus,suggested,6,
arte,la,ars,suggested,6,
assumpsit,la,assumo,suggested,6,
aulicis,la,aulex,suggested,6,
aures,la,auris,suggested,6,
auxilio,la,auxilium,suggested,6,
baptismum,la,baptisma,suggested,6,
caelo,la,caelum,suggested,6,
caeteris,la,caeterus,suggested,6,
cancheu,la,cancheu,suggested,6,
china,la,china,suggested,6,
christiano,la,Christianus,suggested,6,
civibus,la,civis,suggested,6,
clade,la,clades,suggested,6,
conditionibus,la,conditio,suggested,6,
confestim,la,confestim,suggested,6,
copiae,la,copia,suggested,6,
cur,la,cur,suggested,6,
decretum,la,decretum,suggested,6,
dignitatem,la,dignitas,suggested,6,
ditione,la,ditio,suggested,6,
domiciliis,la,domicilium,suggested,6,
duobus,la,duo,suggested,6,
ecclesiarum,la,ecclesia,suggested,6,
ecclesiis,la,ecclesia,suggested,6,
egregie,la,egregie,suggested,6,
equos,la,equus,suggested,6,
erga,la,erga,suggested,6,
factione,la,factio,suggested,6,
factis,la,facio,suggested,6,
familiae,la,familia,suggested,6,
francisci,la,franciscus,suggested,6,
frustra,la,frustra,suggested,6,
fuerant,la,sum,suggested,6,
fuerint,la,sum,suggested,6,
fugientes,la,fugio,suggested,6,
genus,la,genus,suggested,6,
habuissent,la,habeo,suggested,6,
hostem,la,hostis,suggested,6,
hous,la,hous,suggested,6,
huiusmodi,la,huiusmodi,suggested,6,
ieiasus,la,Ieiasus,suggested,6,
impetu,la,impetus,suggested,6,
infra,la,infra,suggested,6,
ingrediuntur,la,ingredior,suggested,6,
inquit,la,inquam,suggested,6,
insulam,la,insula,suggested,6,
itineris,la,iter,suggested,6,
kiang,la,kiang,suggested,6,
laboribus,la,labor,suggested,6,
laqueo,la,laqueus,suggested,6,
legatum,la,legatus,suggested,6,
maioribus,la,magnus,suggested,6,
maluit,la,malo,suggested,6,
mandavit,la,mando,suggested,6,
mari,la,mare,suggested,6,
mathematicae,la,mathematicus,suggested,6,
mensium,la,mensis,suggested,6,
minime,la,parue,suggested,6,
mittit,la,mitto,suggested,6,
moenibus,la,moenia,suggested,6,
mores,la,mos,suggested,6,
mori,la,morior,suggested,6,
negotio,la,negotium,suggested,6,
nempe,la,nempe,suggested,6,
nobilissima,la,nobilis,suggested,6,
nostro,la,noster,suggested,6,
novem,la,nouem,suggested,6,
novo,la,novus,suggested,6,
nullam,la,nullus,suggested,6,
num,la,num,suggested,6,
occupato,la,occupo,suggested,6,
olim,la,olim,suggested,6,
om,la,om,suggested,6,
pacem,la,pax,suggested,6,
patre,la,pater,suggested,6,
patrum,la,pater,suggested,6,
peccatis,la,peccatum,suggested,6,
persecutionis,la,persecutio,suggested,6,
pluribus,la,multus,suggested,6,
plusquam,la,plusquam,suggested,6,
populi,la,populus,suggested,6,
porta,la,porta,suggested,6,
portas,la,porta,suggested,6,
potentiam,la,potentia,suggested,6,
potestas,la,potestas,suggested,6,
praesidiis,la,praesidium,suggested,6,
praesidium,la,praesidium,suggested,6,
praeter,la,praeter,suggested,6,
processit,la,procedo,suggested,6,
prope,la,prope,suggested,6,
quemadmodum,la,quemadmodum,suggested,6,
quocirca,la,quocirca,suggested,6,
regi,la,rex,suggested,6,
regimen,la,regimen,suggested,6,
regionem,la,regio,suggested,6,
regium,la,regius,suggested,6,
regna,la,regnum,suggested,6,
reguli,la,Regulus,suggested,6,
religione,la,religio,suggested,6,
religionem,la,religio,suggested,6,
religionis,la,religio,suggested,6,
responso,la,responsum,suggested,6,
ritus,la,ritus,suggested,6,
rodrigez,la,rodriges,suggested,6,
s,la,s,suggested,6,
salutem,la,salus,suggested,6,
scripsit,la,scribo,suggested,6,
sedes,la,sedes,suggested,6,
sententiam,la,sententia,suggested,6,
sinenses,la,sinensis,suggested,6,
singulari,la,singularis,suggested,6,
sola,la,solus,suggested,6,
solet,la,soleo,suggested,6,
stabat,la,sto,suggested,6,
tale,la,talis,suggested,6,
tartaria,la,tartarius,suggested,6,
tartarica,la,tartaricus,suggested,6,
tartaricum,la,tartaricus,suggested,6,
tenuit,la,teneo,suggested,6,
tibi,la,tu,suggested,6,
tono,la,tonus,suggested,6,
tormentis,la,tormentum,suggested,6,
tur,la,tur,suggested,6,
tyranni,la,tyrannus,suggested,6,
tyrannus,la,tyrannus,suggested,6,
ubique,la,ubique,suggested,6,
urbi,la,urbs,suggested,6,
varia,la,varius,suggested,6,
vehementer,la,vehementer,suggested,6,
velocissime,la,veloce,suggested,6,
ventrem,la,venter,suggested,6,
ventum,la,venio,suggested,6,
videretur,la,video,suggested,6,
visitator,la,visitator,suggested,6,
volebant,la,volo,suggested,6,
yuenus,la,yuenus,suggested,6,
accepit,la,accipio,suggested,5,
accepta,la,accipio,suggested,5,
addidit,la,addo,suggested,5,
adesse,la,adsum,suggested,5,
adfuit,la,adsum,suggested,5,
adiunxit,la,adiungo,suggested,5,
admissi,la,admitto,suggested,5,
adversus,la,adversus,suggested,5,
aeque,la,aeque,suggested,5,
agendi,la,ago,suggested,5,
aliosque,la,aliosque,suggested,5,
alium,la,alius,suggested,5,
animis,la,animus,suggested,5,
antea,la,antea,suggested,5,
auctoritatis,la,auctoritas,suggested,5,
audivit,la,audio,suggested,5,
australem,la,australis,suggested,5,
ausus,la,audeo,suggested,5,
bellica,la,bellicus,suggested,5,
bis,la,bis,suggested,5,
calamitates,la,calamitas,suggested,5,
castra,la,castra,suggested,5,
cedere,la,cedo,suggested,5,
celeritate,la,celeritas,suggested,5,
certiores,la,certus,suggested,5,
chinensi,la,Chinensus,suggested,5,
christianus,la,christianus,suggested,5,
christum,la,christus,suggested,5,
cito,la,cito,suggested,5,
classes,la,classis,suggested,5,
cogitabat,la,cogito,suggested,5,
comitate,la,comitas,suggested,5,
commisit,la,committo,suggested,5,
commorandi,la,commoror,suggested,5,
consolatione,la,consolatio,suggested,5,
constat,la,consto,suggested,5,
continuo,la,continuo,suggested,5,
copia,la,copia,suggested,5,
coraiano,la,Coraianus,suggested,5,
crimen,la,crimen,suggested,5,
croceum,la,croceus,suggested,5,
cuiusdam,la,quidam,suggested,5,
cursum,la,cursus,suggested,5,
debitam,la,debeo,suggested,5,
defensionem,la,defensio,suggested,5,
di,la,deus,suggested,5,
dictum,la,dico,suggested,5,
dierum,la,dies,suggested,5,
discessum,la,discessus,suggested,5,
divitias,la,divitiae,suggested,5,
dolore,la,dolor,suggested,5,
dolorem,la,dolor,suggested,5,
domo,la,domus,suggested,5,
domus,la,domus,suggested,5,
dubium,la,dubius,suggested,5,
eas,la,is,suggested,5,
ecclesiam,la,ecclesia,suggested,5,
eidem,la,idem,suggested,5,
episcopi,la,episcopus,suggested,5,
erit,la,sum,suggested,5,
etiamnum,la,etiamnum,suggested,5,
etiamsi,la,etiamsi,suggested,5,
excepit,la,excipio,suggested,5,
exempla,la,exemplum,suggested,5,
exercitibus,la,exercitus,suggested,5,
existimatione,la,existimatio,suggested,5,
exitus,la,exitus,suggested,5,
facerent,la,facio,suggested,5,
faceret,la,facio,suggested,5,
factam,la,facio,suggested,5,
fame,la,fames,suggested,5,
familiam,la,familia,suggested,5,
famulos,la,famulus,suggested,5,
fecissent,la,facio,suggested,5,
filiam,la,filia,suggested,5,
fine,la,finis,suggested,5,
flumen,la,flumen,suggested,5,
fluvio,la,fluuius,suggested,5,
foret,la,sum,suggested,5,
fratres,la,frater,suggested,5,
fratribus,la,frater,suggested,5,
fructus,la,fructus,suggested,5,
fugam,la,fuga,suggested,5,
futurum,la,futurus,suggested,5,
gentilium,la,gentilis,suggested,5,
gratia,la,gratia,suggested,5,
habebant,la,habeo,suggested,5,
haberet,la,habeo,suggested,5,
habiti,la,habeo,suggested,5,
honorem,la,honor,suggested,5,
horas,la,hora,suggested,5,
i,la,i,suggested,5,
iaponici,la,iaponicus,suggested,5,
ieiasum,la,ieiasus,suggested,5,
igne,la,ignis,suggested,5,
incolas,la,incola,suggested,5,
incredibili,la,incredibilis,suggested,5,
iniurias,la,iniuria,suggested,5,
insula,la,insula,suggested,5,
invenit,la,invenio,suggested,5,
ipsemet,la,ipse,suggested,5,
iuxta,la,iuxta,suggested,5,
latronibus,la,latro,suggested,5,
leges,la,lex,suggested,5,
libenter,la,libenter,suggested,5,
licungzo,la,licungzus,suggested,5,
litteris,la,littera,suggested,5,
locus,la,locus,suggested,5,
magnopere,la,magnopere,suggested,5,
male,la,male,suggested,5,
mare,la,mare,suggested,5,
maritus,la,maritus,suggested,5,
marte,la,mars,suggested,5,
meis,la,meus,suggested,5,
mens,la,mens,suggested,5,
metum,la,metus,suggested,5,
militaris,la,militaris,suggested,5,
militia,la,militia,suggested,5,
missionis,la,missio,suggested,5,
montium,la,mons,suggested,5,
mulieres,la,mulier,suggested,5,
navi,la,navis,suggested,5,
negotium,la,negotium,suggested,5,
nobilissimam,la,nobilis,suggested,5,
nonnullos,la,nonnullus,suggested,5,
nostras,la,noster,suggested,5,
novus,la,novus,suggested,5,
nulli,la,nullus,suggested,5,
nullos,la,nullus,suggested,5,
occasionem,la,occasio,suggested,5,
occisis,la,occido,suggested,5,
occulte,la,occulte,suggested,5,
occuparint,la,occupo,suggested,5,
occuparunt,la,occupo,suggested,5,
occupata,la,occupo,suggested,5,
odio,la,odium,suggested,5,
odium,la,odium,suggested,5,
omne,la,omnis,suggested,5,
omnis,la,omnis,suggested,5,
opibus,la,ops,suggested,5,
orientalem,la,orientalis,suggested,5,
pace,la,pax,suggested,5,
pacto,la,pactum,suggested,5,
paratos,la,paro,suggested,5,
parva,la,parvus,suggested,5,
passim,la,passim,suggested,5,
patria,la,patria,suggested,5,
patris,la,pater,suggested,5,
paucos,la,paucus,suggested,5,
perfidiam,la,perfidia,suggested,5,
petere,la,peto,suggested,5,
poena,la,poena,suggested,5,
populus,la,populus,suggested,5,
possunt,la,possum,suggested,5,
posterum,la,posterus,suggested,5,
poterant,la,possum,suggested,5,
praefecturam,la,praefectura,suggested,5,
praefecturas,la,praefectura,suggested,5,
praesertim,la,praesertim,suggested,5,
princeps,la,princeps,suggested,5,
principem,la,princeps,suggested,5,
principes,la,princeps,suggested,5,
principis,la,princeps,suggested,5,
probe,la,probe,suggested,5,
promissis,la,promissum,suggested,5,
promittit,la,promitto,suggested,5,
propriis,la,proprius,suggested,5,
proprio,la,proprius,suggested,5,
prudentia,la,prudentia,suggested,5,
pugnatum,la,pugno,suggested,5,
quambioiendono,la,quambioiendonus,suggested,5,
quanquam,la,quamquam,suggested,5,
quarum,la,qui,suggested,5,
quibusdam,la,quidam,suggested,5,
rarum,la,rarus,suggested,5,
rebelles,la,rebellis,suggested,5,
redire,la,redeo,suggested,5,
rege,la,rex,suggested,5,
regiae,la,regius,suggested,5,
regione,la,regio,suggested,5,
regulis,la,regula,suggested,5,
reipsa,la,reipsum,suggested,5,
relicta,la,relinquo,suggested,5,
relinquere,la,relinquo,suggested,5,
ruinam,la,ruina,suggested,5,
sacro,la,sacer,suggested,5,
salute,la,salus,suggested,5,
salutis,la,salus,suggested,5,
securus,la,securus,suggested,5,
secus,la,secus,suggested,5,
sigan,la,siga,suggested,5,
signa,la,signum,suggested,5,
similem,la,similis,suggested,5,
sive,la,siue,suggested,5,
stipendia,la,stipendium,suggested,5,
subditis,la,subdo,suggested,5,
summos,la,summus,suggested,5,
summum,la,summus,suggested,5,
taimingae,la,taiminga,suggested,5,
tantae,la,tantus,suggested,5,
tantus,la,tantus,suggested,5,
tarazauandonus,la,tarazauandonus,suggested,5,
tartaro,la,Tartarus,suggested,5,
ter,la,ter,suggested,5,
terram,la,terra,suggested,5,
tormenta,la,tormentum,suggested,5,
tormentorum,la,tormentum,suggested,5,
tradere,la,trado,suggested,5,
tribunalia,la,tribunalis,suggested,5,
tutelam,la,tutela,suggested,5,
ultimum,la,ultimus,suggested,5,
unius,la,unus,suggested,5,
usq,la,usq,suggested,5,
utanum,la,utanus,suggested,5,
utroque,la,uterque,suggested,5,
uxorem,la,uxor,suggested,5,
vanlieus,la,uanlio,suggested,5,
velocitate,la,velocitas,suggested,5,
verba,la,verbum,suggested,5,
via,la,uia,suggested,5,
vicinam,la,vicinus,suggested,5,
videbatur,la,video,suggested,5,
vincula,la,vinculum,suggested,5,
visitatore,la,visitator,suggested,5,
vivus,la,vivus,suggested,5,
voluptatem,la,voluptas,suggested,5,
xansi,la,xansus,suggested,5,
acciderunt,la,accido,suggested,4,
accidit,la,accido,suggested,4,
admisit,la,admitto,suggested,4,
admonitus,la,admoneo,suggested,4,
aedes,la,aedes,suggested,4,
aetatis,la,aetas,suggested,4,
aeternae,la,aeternus,suggested,4,
alioquin,la,alioqui,suggested,4,
alius,la,alius,suggested,4,
altero,la,alter,suggested,4,
alterum,la,alter,suggested,4,
amacusam,la,amacusus,suggested,4,
amicis,la,amicus,suggested,4,
amicum,la,amicus,suggested,4,
amicus,la,amicus,suggested,4,
angustias,la,angustia,suggested,4,
antiquis,la,antiquus,suggested,4,
argento,la,argentum,suggested,4,
atres,la,ater,suggested,4,
attulit,la,affero,suggested,4,
auctores,la,auctor,suggested,4,
aulae,la,aula,suggested,4,
aulici,la,aulicus,suggested,4,
auri,la,aurum,suggested,4,
ausi,la,audeo,suggested,4,
australi,la,australis,suggested,4,
austrum,la,auster,suggested,4,
bella,la,bellum,suggested,4,
benevolentiae,la,benevolentia,suggested,4,
binas,la,bini,suggested,4,
bonzii,la,bonzius,suggested,4,
bonziorum,la,bonzius,suggested,4,
boreales,la,borealis,suggested,4,
bungense,la,bungensis,suggested,4,
caede,la,caedes,suggested,4,
caelum,la,caelum,suggested,4,
caepit,la,caepi,suggested,4,
canzuiedoni,la,canzuiedonus,suggested,4,
canzuiendono,la,canzuiendonus,suggested,4,
capillis,la,capillus,suggested,4,
capitum,la,caput,suggested,4,
captus,la,capio,suggested,4,
carcere,la,carcer,suggested,4,
carcerem,la,carcer,suggested,4,
casus,la,casus,suggested,4,
cepit,la,capio,suggested,4,
chì,la,chì,suggested,4,
chinensibus,la,chinensus,suggested,4,
chinensis,la,chinensus,suggested,4,
cicugen,la,cicugen,suggested,4,
civitatem,la,civitas,suggested,4,
cladem,la,clades,suggested,4,
classe,la,classis,suggested,4,
coacti,la,cogo,suggested,4,
cognito,la,cognosco,suggested,4,
commodum,la,commodus,suggested,4,
conditione,la,conditio,suggested,4,
confessione,la,confessio,suggested,4,
confessus,la,confiteor,suggested,4,
confidimus,la,confido,suggested,4,
confugerant,la,confugio,suggested,4,
constituit,la,constituo,suggested,4,
consueta,la,consuesco,suggested,4,
continuis,la,continuus,suggested,4,
conversio,la,conversio,suggested,4,
conversioni,la,conversio,suggested,4,
copiarum,la,copia,suggested,4,
cor,la,cor,suggested,4,
coreanis,la,coreanus,suggested,4,
corpus,la,corpus,suggested,4,
credunt,la,credo,suggested,4,
crines,la,crinis,suggested,4,
crucem,la,crux,suggested,4,
crudelitatis,la,crudelitas,suggested,4,
cursu,la,cursus,suggested,4,
debere,la,debeo,suggested,4,
deducti,la,deduco,suggested,4,
degebat,la,deget,suggested,4,
describam,la,describo,suggested,4,
deserere,la,desero,suggested,4,
desiderio,la,desiderium,suggested,4,
dicebat,la,dico,suggested,4,
dictam,la,dico,suggested,4,
dicto,la,dico,suggested,4,
dictos,la,dico,suggested,4,
dicunt,la,dico,suggested,4,
diligenter,la,diligenter,suggested,4,
diligentia,la,diligentia,suggested,4,
diripiunt,la,diripio,suggested,4,
ditionem,la,ditio,suggested,4,
divitiis,la,divitiae,suggested,4,
doctrina,la,doctrina,suggested,4,
doctrinam,la,doctrina,suggested,4,
domicilia,la,domicilium,suggested,4,
dominam,la,dominus,suggested,4,
eamdem,la,idem,suggested,4,
ecce,la,ecce,suggested,4,
edicto,la,edictum,suggested,4,
effecit,la,efficio,suggested,4,
eoq,la,iq,suggested,4,
eousque,la,eousque,suggested,4,
episcopo,la,episcopus,suggested,4,
episcopum,la,episcopus,suggested,4,
episcopus,la,episcopus,suggested,4,
equis,la,equus,suggested,4,
equitibus,la,eques,suggested,4,
equitum,la,eques,suggested,4,
eundem,la,idem,suggested,4,
europaeis,la,europaeus,suggested,4,
evaserunt,la,evado,suggested,4,
eventu,la,eventus,suggested,4,
exilio,la,exsilium,suggested,4,
experiri,la,experior,suggested,4,
exploratores,la,explorator,suggested,4,
facit,la,facio,suggested,4,
facti,la,facio,suggested,4,
fas,la,fas,suggested,4,
favorem,la,favor,suggested,4,
feliciter,la,feliciter,suggested,4,
fides,la,fides,suggested,4,
fieri,la,fio,suggested,4,
finibus,la,finis,suggested,4,
finis,la,finis,suggested,4,
firando,la,Firandus,suggested,4,
fit,la,fio,suggested,4,
fixit,la,figo,suggested,4,
flumine,la,flumen,suggested,4,
fluvius,la,fluvius,suggested,4,
fortasse,la,fortasse,suggested,4,
fortis,la,fortis,suggested,4,
fortissimo,la,fortis,suggested,4,
fossam,la,fossa,suggested,4,
fratre,la,frater,suggested,4,
fratrem,la,frater,suggested,4,
fuimus,la,sum,suggested,4,
gaudium,la,gaudium,suggested,4,
generis,la,genus,suggested,4,
gibonoscio,la,Gibonoscius,suggested,4,
gloriam,la,gloria,suggested,4,
gregem,la,grex,suggested,4,
gubernationis,la,gubernatio,suggested,4,
habita,la,habeo,suggested,4,
habitabat,la,habito,suggested,4,
habuerunt,la,habeo,suggested,4,
hominem,la,homo,suggested,4,
homo,la,homo,suggested,4,
honore,la,honor,suggested,4,
hostibus,la,hostis,suggested,4,
hucusque,la,hucusque,suggested,4,
humaniter,la,humaniter,suggested,4,
iacet,la,iaceo,suggested,4,
ibidem,la,ibidem,suggested,4,
illas,la,ille,suggested,4,
illico,la,illico,suggested,4,
imperialem,la,imperialis,suggested,4,
incolis,la,incola,suggested,4,
infantes,la,infans,suggested,4,
ingreditur,la,ingredior,suggested,4,
inhiabat,la,inhio,suggested,4,
inibi,la,inibi,suggested,4,
inimicis,la,inimicus,suggested,4,
initiatus,la,initior,suggested,4,
initio,la,initium,suggested,4,
institutis,la,institutum,suggested,4,
integro,la,integer,suggested,4,
intelligatur,la,intellego,suggested,4,
intervallo,la,intervallum,suggested,4,
invaderent,la,invadeo,suggested,4,
invadit,la,invado,suggested,4,
invadunt,la,invado,suggested,4,
invasit,la,invado,suggested,4,
ioannem,la,Johannem,suggested,4,
ioannes,la,Johannes,suggested,4,
ipsius,la,ipse,suggested,4,
ipsorum,la,ipse,suggested,4,
iquon,la,iquon,suggested,4,
itaq,la,itaq,suggested,4,
iustitiae,la,iustitia,suggested,4,
lacrymis,la,lacryma,suggested,4,
latronem,la,latro,suggested,4,
latroni,la,latro,suggested,4,
legibus,la,lex,suggested,4,
liberatione,la,liberatio,suggested,4,
liberos,la,liber,suggested,4,
litterae,la,littera,suggested,4,
magnae,la,magnus,suggested,4,
maior,la,magnus,suggested,4,
maximi,la,magnus,suggested,4,
mea,la,meus,suggested,4,
mediterranea,la,mediterraneus,suggested,4,
memor,la,memor,suggested,4,
mensibus,la,mensis,suggested,4,
meo,la,meus,suggested,4,
merces,la,merx,suggested,4,
miles,la,miles,suggested,4,
milite,la,miles,suggested,4,
minoanum,la,minoanus,suggested,4,
missio,la,missio,suggested,4,
momento,la,momentum,suggested,4,
mora,la,mora,suggested,4,
morti,la,mors,suggested,4,
movit,la,moveo,suggested,4,
munera,la,munus,suggested,4,
muneribus,la,munus,suggested,4,
natura,la,natura,suggested,4,
necessitate,la,necessitas,suggested,4,
negotia,la,negotium,suggested,4,
nemo,la,nemo,suggested,4,
nepos,la,nepos,suggested,4,
nescio,la,nescio,suggested,4,
nihilominus,la,nihilominus,suggested,4,
nocte,la,nox,suggested,4,
nonnulli,la,nonnullus,suggested,4,
novam,la,novus,suggested,4,
novas,la,novus,suggested,4,
noverat,la,nosco,suggested,4,
novi,la,novus,suggested,4,
obedientiam,la,oboedientia,suggested,4,
obitum,la,obitus,suggested,4,
obsequium,la,obsequium,suggested,4,
obsidionem,la,obsidio,suggested,4,
obsidionis,la,obsidio,suggested,4,
obtinuerunt,la,obtineo,suggested,4,
obviam,la,obviam,suggested,4,
occisi,la,occido,suggested,4,
occupant,la,occupo,suggested,4,
occuparent,la,occupo,suggested,4,
occupasset,la,occupo,suggested,4,
oculis,la,oculus,suggested,4,
omuram,la,Omura,suggested,4,
orbis,la,orbis,suggested,4,
ordine,la,ordo,suggested,4,
ore,la,os,suggested,4,
orta,la,orior,suggested,4,
palam,la,palam,suggested,4,
palatio,la,palatium,suggested,4,
paratus,la,paro,suggested,4,
passi,la,patior,suggested,4,
passus,la,patior,suggested,4,
patefacta,la,patefacio,suggested,4,
patet,la,pateo,suggested,4,
peccatorum,la,peccatum,suggested,4,
pecunia,la,pecunia,suggested,4,
pequini,la,pequinus,suggested,4,
periculi,la,periculum,suggested,4,
persecutionem,la,persecutio,suggested,4,
persuadere,la,persuadeo,suggested,4,
pervenerat,la,pervenio,suggested,4,
petit,la,peto,suggested,4,
populo,la,populus,suggested,4,
portam,la,porta,suggested,4,
potuerit,la,possum,suggested,4,
potuissent,la,possum,suggested,4,
praecipuo,la,praecipuus,suggested,4,
praedam,la,praeda,suggested,4,
praemium,la,praemium,suggested,4,
praesenti,la,praesens,suggested,4,
praesto,la,praesto,suggested,4,
primis,la,primus,suggested,4,
promptus,la,promptus,suggested,4,
proposito,la,propono,suggested,4,
proprium,la,proprius,suggested,4,
prouinciae,la,prouincia,suggested,4,
proximi,la,proximus,suggested,4,
proximum,la,proximus,suggested,4,
publicum,la,publicus,suggested,4,
puerum,la,puer,suggested,4,
pugnae,la,pugna,suggested,4,
pugnantibus,la,pugno,suggested,4,
quadam,la,quidam,suggested,4,
quosdam,la,quidam,suggested,4,
quot,la,quot,suggested,4,
rationibus,la,ratio,suggested,4,
recepit,la,recipio,suggested,4,
recipere,la,recipio,suggested,4,
recta,la,rectus,suggested,4,
rectius,la,recte,suggested,4,
reditus,la,reditus,suggested,4,
relicto,la,relinquo,suggested,4,
repetivere,la,repeto,suggested,4,
revocatus,la,revoco,suggested,4,
rursus,la,rursus,suggested,4,
rusticis,la,rusticus,suggested,4,
sacramento,la,sacramentum,suggested,4,
sacrum,la,sacer,suggested,4,
sagitta,la,sagitta,suggested,4,
satisfactum,la,satisfacio,suggested,4,
secuta,la,sequor,suggested,4,
secuti,la,sequor,suggested,4,
septuaginta,la,septuaginta,suggested,4,
sequebantur,la,sequor,suggested,4,
servati,la,servo,suggested,4,
sese,la,sui,suggested,4,
seu,la,siue,suggested,4,
sicut,la,sicut,suggested,4,
signis,la,signum,suggested,4,
sim,la,sum,suggested,4,
similes,la,similis,suggested,4,
similia,la,similis,suggested,4,
sinicas,la,Sinicus,suggested,4,
sita,la,sino,suggested,4,
solatio,la,solatio,suggested,4,
solis,la,solus,suggested,4,
solium,la,solium,suggested,4,
solus,la,solus,suggested,4,
speramus,la,spero,suggested,4,
sperantes,la,spero,suggested,4,
strage,la,strages,suggested,4,
successus,la,successus,suggested,4,
superiori,la,superior,suggested,4,
superioribus,la,superior,suggested,4,
tanyu,la,tanyu,suggested,4,
te,la,tu,suggested,4,
tempora,la,tempus,suggested,4,
tenebat,la,teneo,suggested,4,
tenzae,la,tenza,suggested,4,
thienkius,la,thius,suggested,4,
titulum,la,titulus,suggested,4,
toni,la,tonus,suggested,4,
toscirondonus,la,toscirondonus,suggested,4,
toti,la,totus,suggested,4,
trecenta,la,trecenti,suggested,4,
tribunalis,la,tribunalis,suggested,4,
tueri,la,tueor,suggested,4,
tulit,la,fero,suggested,4,
turbavit,la,turbo,suggested,4,
tyrannum,la,tyrannus,suggested,4,
ultimam,la,ultimus,suggested,4,
uni,la,unus,suggested,4,
usi,la,utor,suggested,4,
utani,la,utanus,suggested,4,
velle,la,volo,suggested,4,
vellet,la,volo,suggested,4,
venetus,la,venetus,suggested,4,
ver,la,uer,suggested,4,
veste,la,vestis,suggested,4,
vexillo,la,vexillum,suggested,4,
victoriae,la,victoria,suggested,4,
victoriis,la,victoria,suggested,4,
vidit,la,video,suggested,4,
viros,la,vir,suggested,4,
virtus,la,uirtus,suggested,4,
virtute,la,virtus,suggested,4,
virtuti,la,virtus,suggested,4,
visendi,la,viso,suggested,4,
visum,la,video,suggested,4,
vivum,la,vivus,suggested,4,
voce,la,vox,suggested,4,
voluntati,la,voluntas,suggested,4,
zungchinii,la,zungchinis,suggested,4,
1650,la,1650,suggested,3,
25,la,25,suggested,3,
accedit,la,accedo,suggested,3,
accendit,la,accendo,suggested,3,
acceptam,la,accipio,suggested,3,
acquievit,la,acquiesco,suggested,3,
adamo,la,adamus,suggested,3,
adducti,la,adduco,suggested,3,
adhibere,la,adhibeo,suggested,3,
adiecta,la,adicio,suggested,3,
aditus,la,aditus,suggested,3,
adiuncti,la,adiungo,suggested,3,
adiutus,la,adiuuo,suggested,3,
admittere,la,admitto,suggested,3,
admoniti,la,admoneo,suggested,3,
adventum,la,adventus,suggested,3,
aedificationem,la,aedificatio,suggested,3,
aequo,la,aequus,suggested,3,
aerumnis,la,aerumna,suggested,3,
affecit,la,afficio,suggested,3,
affectus,la,affectus,suggested,3,
afflictiones,la,afflictio,suggested,3,
agebant,la,ago,suggested,3,
ageret,la,ago,suggested,3,
agite,la,ago,suggested,3,
agmen,la,agmen,suggested,3,
agmine,la,agmen,suggested,3,
agnitus,la,agnitus,suggested,3,
aiebat,la,aio,suggested,3,
aliae,la,alius,suggested,3,
aliiq,la,alius,suggested,3,
aliorum,la,alius,suggested,3,
aliquae,la,aliqui,suggested,3,
aliquas,la,aliqui,suggested,3,
aliquoties,la,aliquoties,suggested,3,
alteram,la,alter,suggested,3,
amandatus,la,amando,suggested,3,
amavangi,la,amavangus,suggested,3,
ambitione,la,ambitio,suggested,3,
amorem,la,amor,suggested,3,
anima,la,anima,suggested,3,
animadvertit,la,animadverto,suggested,3,
animae,la,anima,suggested,3,
annuas,la,annuus,suggested,3,
annuis,la,annuus,suggested,3,
antiquum,la,antiquus,suggested,3,
aperta,la,aperio,suggested,3,
aperto,la,aperio,suggested,3,
aperuit,la,aperio,suggested,3,
aqua,la,aqua,suggested,3,
arce,la,arx,suggested,3,
arcus,la,arcus,suggested,3,
ardor,la,ardor,suggested,3,
argentum,la,argentum,suggested,3,
arimam,la,Arima,suggested,3,
arimondonus,la,arimondonus,suggested,3,
armorum,la,arma,suggested,3,
artibus,la,ars,suggested,3,
asylum,la,asylus,suggested,3,
atri,la,ater,suggested,3,
aucti,la,aucio,suggested,3,
audacter,la,audacter,suggested,3,
audierat,la,audio,suggested,3,
auditum,la,audio,suggested,3,
augmentum,la,augmentum,suggested,3,
august,la,august,suggested,3,
aulico,la,aulicus,suggested,3,
auxilium,la,auxilium,suggested,3,
avaritia,la,avaritia,suggested,3,
b,la,b,suggested,3,
barbaros,la,barbarus,suggested,3,
bellicis,la,bellicus,suggested,3,
bellis,la,bellum,suggested,3,
beneficio,la,beneficium,suggested,3,
brevissimo,la,brevus,suggested,3,
caesa,la,caedo,suggested,3,
caesi,la,caedo,suggested,3,
caeteri,la,caeterus,suggested,3,
camos,la,camus,suggested,3,
capitaneo,la,capitaneus,suggested,3,
capiti,la,caput,suggested,3,
capta,la,capio,suggested,3,
capti,la,capio,suggested,3,
carceres,la,carcer,suggested,3,
caritatis,la,caritas,suggested,3,
casibus,la,casus,suggested,3,
causis,la,causa,suggested,3,
cederet,la,cedo,suggested,3,
certos,la,certus,suggested,3,
ceteris,la,ceterus,suggested,3,
ceu,la,ceu,suggested,3,
chami,la,chamus,suggested,3,
christianorumque,la,christianorumque,suggested,3,
ciunangodonus,la,ciunangodonus,suggested,3,
clam,la,clam,suggested,3,
clavis,la,clavis,suggested,3,
coelo,la,coelum,suggested,3,
cogeret,la,cogo,suggested,3,
cognovimus,la,cognosco,suggested,3,
cognovit,la,cognosco,suggested,3,
colaus,la,colaus,suggested,3,
colligere,la,colligo,suggested,3,
colore,la,color,suggested,3,
commiseratione,la,commiseratio,suggested,3,
con,la,con,suggested,3,
conatum,la,conor,suggested,3,
concessa,la,concedo,suggested,3,
concessit,la,concedo,suggested,3,
concessum,la,concedo,suggested,3,
conflictu,la,conflictus,suggested,3,
congregatis,la,congrego,suggested,3,
congregavit,la,congrego,suggested,3,
congressu,la,congressus,suggested,3,
coniicere,la,coniicio,suggested,3,
coniugi,la,coniunx,suggested,3,
consolari,la,consolor,suggested,3,
conspectum,la,conspectus,suggested,3,
constantiam,la,constantia,suggested,3,
constituta,la,constituo,suggested,3,
contendit,la,contendo,suggested,3,
contigit,la,contingo,suggested,3,
continerent,la,contineo,suggested,3,
contraria,la,contrarius,suggested,3,
contrarium,la,contrarius,suggested,3,
convenienter,la,convenienter,suggested,3,
conversus,la,converto,suggested,3,
convivio,la,convivium,suggested,3,
corporis,la,corpus,suggested,3,
corruit,la,corruo,suggested,3,
creditur,la,credo,suggested,3,
creverunt,la,cerno,suggested,3,
crudelitatem,la,crudelitas,suggested,3,
crux,la,crux,suggested,3,
culpa,la,culpa,suggested,3,
cura,la,cura,suggested,3,
curam,la,cura,suggested,3,
curulium,la,curulis,suggested,3,
custodia,la,custodia,suggested,3,
dam,la,do,suggested,3,
damni,la,damnum,suggested,3,
dare,la,do,suggested,3,
daretur,la,do,suggested,3,
datis,la,do,suggested,3,
debeat,la,debeo,suggested,3,
debebant,la,debeo,suggested,3,
debet,la,debeo,suggested,3,
decreto,la,decretum,suggested,3,
decreverunt,la,decerno,suggested,3,
deductus,la,deduco,suggested,3,
deessent,la,desum,suggested,3,
defecit,la,deficio,suggested,3,
defendebat,la,defendo,suggested,3,
deficiunt,la,deficio,suggested,3,
degebant,la,degeo,suggested,3,
deleti,la,deleo,suggested,3,
deliciis,la,delicia,suggested,3,
deorum,la,deus,suggested,3,
deseruit,la,deseruio,suggested,3,
desiderari,la,desidero,suggested,3,
destituti,la,destituo,suggested,3,
dicebatur,la,dico,suggested,3,
difficultate,la,difficultas,suggested,3,
digni,la,dignus,suggested,3,
digressus,la,digredior,suggested,3,
discedere,la,discedo,suggested,3,
dispendio,la,dispendium,suggested,3,
distribuit,la,distribuo,suggested,3,
ditioni,la,ditio,suggested,3,
diutius,la,diu,suggested,3,
divino,la,diuinus,suggested,3,
divinum,la,diuinus,suggested,3,
divisi,la,divido,suggested,3,
doctrinae,la,doctrina,suggested,3,
domi,la,domi,suggested,3,
domos,la,domus,suggested,3,
donatus,la,dono,suggested,3,
duas,la,duo,suggested,3,
dubito,la,dubito,suggested,3,
ducens,la,duco,suggested,3,
dudum,la,dudum,suggested,3,
duodecim,la,duodecim,suggested,3,
dynastae,la,dynasta,suggested,3,
easdem,la,idem,suggested,3,
edictis,la,edictum,suggested,3,
efficere,la,efficio,suggested,3,
egit,la,ago,suggested,3,
egressus,la,egredior,suggested,3,
eiecti,la,eicio,suggested,3,
eiq,la,iq,suggested,3,
eique,la,eique,suggested,3,
elegerunt,la,eligo,suggested,3,
eligere,la,eligo,suggested,3,
emisit,la,emitto,suggested,3,
eoque,la,eoque,suggested,3,
equorum,la,equus,suggested,3,
eram,la,sum,suggested,3,
erecto,la,erigo,suggested,3,
erupit,la,erumpo,suggested,3,
essemus,la,sum,suggested,3,
etenim,la,etenim,suggested,3,
ethnici,la,ethnicus,suggested,3,
eumque,la,eumque,suggested,3,
eunuchis,la,eunucha,suggested,3,
eunuchus,la,eunuchus,suggested,3,
europa,la,europa,suggested,3,
europaei,la,Europaeus,suggested,3,
europam,la,europa,suggested,3,
examen,la,examen,suggested,3,
excipit,la,excipio,suggested,3,
exercituum,la,exercitus,suggested,3,
exigua,la,exiguus,suggested,3,
exinde,la,exinde,suggested,3,
expers,la,expers,suggested,3,
expulsis,la,expello,suggested,3,
extrema,la,exterior,suggested,3,
extremo,la,extremus,suggested,3,
facienda,la,facio,suggested,3,
faciunt,la,facio,suggested,3,
factiones,la,factio,suggested,3,
facultatem,la,facultas,suggested,3,
facultatibus,la,facultas,suggested,3,
falsa,la,falsus,suggested,3,
famulus,la,famulus,suggested,3,
fautores,la,fautor,suggested,3,
februario,la,februarius,suggested,3,
fecerunt,la,facio,suggested,3,
fecisset,la,facio,suggested,3,
fecit,la,facio,suggested,3,
felici,la,felix,suggested,3,
felicitas,la,felicitas,suggested,3,
ferret,la,fero,suggested,3,
ferro,la,ferrum,suggested,3,
ferroque,la,ferroquus,suggested,3,
ferunt,la,fero,suggested,3,
fidelium,la,fidelis,suggested,3,
figere,la,figo,suggested,3,
filia,la,filia,suggested,3,
filii,la,filius,suggested,3,
firandi,la,Firandus,suggested,3,
fixerant,la,fico,suggested,3,
flammis,la,flamma,suggested,3,
flexis,la,flecto,suggested,3,
foederatos,la,foederatus,suggested,3,
fortes,la,fortis,suggested,3,
fortitudinem,la,fortitudo,suggested,3,
fortunam,la,fortuna,suggested,3,
fotochi,la,fotochus,suggested,3,
fratri,la,frater,suggested,3,
fratris,la,frater,suggested,3,
fremens,la,fremo,suggested,3,
frementes,la,fremo,suggested,3,
fructum,la,fructus,suggested,3,
fugae,la,fuga,suggested,3,
fugitivi,la,fugitivus,suggested,3,
furor,la,furor,suggested,3,
genibus,la,genu,suggested,3,
gente,la,gens,suggested,3,
gibonoscius,la,gibonoscius,suggested,3,
gibunoscium,la,gibunoscius,suggested,3,
gladio,la,gladius,suggested,3,
gloria,la,gloria,suggested,3,
graviter,la,graviter,suggested,3,
gubernatione,la,gubernatio,suggested,3,
habuerat,la,habeo,suggested,3,
harum,la,hic,suggested,3,
hispanis,la,hispanus,suggested,3,
homine,la,homo,suggested,3,
homini,la,homo,suggested,3,
honoribus,la,honor,suggested,3,
honorifice,la,honorifice,suggested,3,
honoris,la,honor,suggested,3,
hospites,la,hospes,suggested,3,
humana,la,humanus,suggested,3,
iacata,la,Iacata,suggested,3,
iaponem,la,iapon,suggested,3,
idoneum,la,idoneus,suggested,3,
ignatii,la,ignatius,suggested,3,
ignotum,la,ignotus,suggested,3,
iisdem,la,idem,suggested,3,
illata,la,infero,suggested,3,
immo,la,immo,suggested,3,
imperat,la,impero,suggested,3,
imperatoribus,la,imperator,suggested,3,
imperatorum,la,imperator,suggested,3,
imperiali,la,imperialis,suggested,3,
impetum,la,impetus,suggested,3,
inaudiit,la,inaudio,suggested,3,
incidit,la,incido,suggested,3,
incolumem,la,incolumis,suggested,3,
incolumitatem,la,incolumitas,suggested,3,
incrementum,la,incrementum,suggested,3,
indicavit,la,indico,suggested,3,
indicia,la,indicium,suggested,3,
indicio,la,indicium,suggested,3,
industria,la,industria,suggested,3,
infecta,la,infectus,suggested,3,
infidelium,la,infidelis,suggested,3,
ingenio,la,ingenium,suggested,3,
ingrederentur,la,aggredior,suggested,3,
initia,la,initium,suggested,3,
initium,la,initium,suggested,3,
iniuria,la,iniuria,suggested,3,
insignis,la,insignis,suggested,3,
insulae,la,insula,suggested,3,
intelligere,la,intellego,suggested,3,
internecione,la,internecio,suggested,3,
ioanni,la,Johannes,suggested,3,
irae,la,ira,suggested,3,
ire,la,eo,suggested,3,
iret,la,eo,suggested,3,
itinera,la,iter,suggested,3,
iubebat,la,iubeo,suggested,3,
iubentur,la,iubeo,suggested,3,
iunglieum,la,iunglieus,suggested,3,
iustam,la,iustus,suggested,3,
iustitia,la,iustitia,suggested,3,
iuvenis,la,iuvenis,suggested,3,
kinhoa,la,kinhoa,suggested,3,
kino,la,kino,suggested,3,
kinum,la,kinum,suggested,3,
laborum,la,labor,suggested,3,
lacrymas,la,lacryma,suggested,3,
lapide,la,lapis,suggested,3,
latere,la,latus,suggested,3,
lavacro,la,lavacrum,suggested,3,
libere,la,libere,suggested,3,
liberi,la,liber,suggested,3,
libertate,la,libertas,suggested,3,
libra,la,liber,suggested,3,
libri,la,liber,suggested,3,
libros,la,liber,suggested,3,
litterarum,la,littera,suggested,3,
littus,la,littus,suggested,3,
longum,la,longus,suggested,3,
m.dc,la,m.dc,suggested,3,
magnas,la,magnus,suggested,3,
magnitudinem,la,magnitudo,suggested,3,
maiestati,la,maiestas,suggested,3,
maioris,la,magnus,suggested,3,
maius,la,magnus,suggested,3,
mandat,la,mando,suggested,3,
mansit,la,maneo,suggested,3,
maovenlungi,la,maovenlungus,suggested,3,
mediis,la,medius,suggested,3,
meliora,la,bonus,suggested,3,
memoria,la,memoria,suggested,3,
mercatores,la,mercator,suggested,3,
meum,la,meus,suggested,3,
militaribus,la,militaris,suggested,3,
mimazaca,la,mimazacus,suggested,3,
minima,la,paruus,suggested,3,
ministris,la,minister,suggested,3,
minori,la,paruus,suggested,3,
mirifice,la,mirifice,suggested,3,
miro,la,mirus,suggested,3,
misere,la,misere,suggested,3,
missa,la,mitto,suggested,3,
missi,la,mitto,suggested,3,
missis,la,mitto,suggested,3,
missum,la,mitto,suggested,3,
modica,la,modicus,suggested,3,
momenti,la,momentum,suggested,3,
moritur,la,morior,suggested,3,
mors,la,mors,suggested,3,
mortalibus,la,mortalis,suggested,3,
mortuo,la,morior,suggested,3,
motibus,la,motus,suggested,3,
multum,la,multum,suggested,3,
mundi,la,mundus,suggested,3,
mutationes,la,mutatio,suggested,3,
mutavit,la,muto,suggested,3,
nangasachana,la,nangasachana,suggested,3,
navarunt,la,navo,suggested,3,
navibus,la,navis,suggested,3,
navigio,la,navigium,suggested,3,
navis,la,navis,suggested,3,
navium,la,navis,suggested,3,
necant,la,neco,suggested,3,
necari,la,neco,suggested,3,
necem,la,nex,suggested,3,
necessario,la,necessario,suggested,3,
necesse,la,necesse,suggested,3,
necessitas,la,necessitas,suggested,3,
nimiam,la,nimius,suggested,3,
nobilem,la,nobilis,suggested,3,
noluit,la,nolo,suggested,3,
novorum,la,novus,suggested,3,
novos,la,novus,suggested,3,
noxam,la,noxa,suggested,3,
nullis,la,nullus,suggested,3,
numerantur,la,numero,suggested,3,
nutu,la,nutus,suggested,3,
obsessis,la,obsideo,suggested,3,
obsidio,la,obsidium,suggested,3,
obtinebat,la,obtineo,suggested,3,
obtinet,la,obtineo,suggested,3,
occasum,la,occasus,suggested,3,
occidentalem,la,occidentalis,suggested,3,
occidentales,la,occidentalis,suggested,3,
occidentalis,la,occidentalis,suggested,3,
occisus,la,occido,suggested,3,
occupabant,la,occupo,suggested,3,
occupassent,la,occupo,suggested,3,
occupaverat,la,occupo,suggested,3,
oculos,la,oculus,suggested,3,
officia,la,officium,suggested,3,
omini,la,omo,suggested,3,
ominum,la,omo,suggested,3,
operae,la,opera,suggested,3,
operariorum,la,operarius,suggested,3,
opere,la,opus,suggested,3,
oppida,la,oppidum,suggested,3,
optabat,la,opto,suggested,3,
optare,la,opto,suggested,3,
orientale,la,orientalis,suggested,3,
oriundus,la,orior,suggested,3,
ostendebat,la,ostendo,suggested,3,
ostendit,la,ostendo,suggested,3,
otium,la,otium,suggested,3,
oves,la,ovis,suggested,3,
parem,la,par,suggested,3,
pares,la,par,suggested,3,
partis,la,pars,suggested,3,
pateretur,la,patior,suggested,3,
paterna,la,paternus,suggested,3,
patriam,la,patria,suggested,3,
patrium,la,patrius,suggested,3,
patruum,la,patruus,suggested,3,
pauang,la,Pauang,suggested,3,
paucas,la,paucus,suggested,3,
paulus,la,paulus,suggested,3,
pedem,la,pes,suggested,3,
pene,la,pene,suggested,3,
perbelle,la,perbelle,suggested,3,
perdidit,la,perdo,suggested,3,
perduellis,la,perduellis,suggested,3,
perfidia,la,perfidia,suggested,3,
pericula,la,periculum,suggested,3,
periculis,la,periculum,suggested,3,
periere,la,pereo,suggested,3,
permisit,la,permitto,suggested,3,
persecutione,la,persecutio,suggested,3,
perturbatione,la,perturbatio,suggested,3,
pervenerant,la,pervenio,suggested,3,
petebant,la,peto,suggested,3,
petebat,la,peto,suggested,3,
petunt,la,peto,suggested,3,
philippinas,la,Philippinus,suggested,3,
pietatem,la,pietas,suggested,3,
placuit,la,placeo,suggested,3,
plerumque,la,plerusque,suggested,3,
pluris,la,multus,suggested,3,
poenas,la,poena,suggested,3,
pompa,la,pompa,suggested,3,
populis,la,populus,suggested,3,
possessionem,la,possessio,suggested,3,
possint,la,possum,suggested,3,
possumus,la,possum,suggested,3,
postulatis,la,postulo,suggested,3,
posuit,la,pono,suggested,3,
potentissimo,la,potens,suggested,3,
potiri,la,potior,suggested,3,
potuerunt,la,possum,suggested,3,
potuisse,la,possum,suggested,3,
praebuit,la,praebeo,suggested,3,
praecipua,la,praecipuus,suggested,3,
praedicatorum,la,praedicatum,suggested,3,
praefectura,la,praefectura,suggested,3,
praeludia,la,praeludium,suggested,3,
praemia,la,praemium,suggested,3,
praesidia,la,praesidium,suggested,3,
praesidiarii,la,praesidiarius,suggested,3,
praetextu,la,praetextus,suggested,3,
preces,la,prex,suggested,3,
pridem,la,pridem,suggested,3,
prima,la,primus,suggested,3,
primam,la,primus,suggested,3,
primarii,la,primarius,suggested,3,
procurabant,la,procuro,suggested,3,
proditionis,la,proditio,suggested,3,
profecto,la,profecto,suggested,3,
progredi,la,progredior,suggested,3,
progressa,la,progredior,suggested,3,
progressus,la,progredior,suggested,3,
promittebat,la,promitto,suggested,3,
pronas,la,prona,suggested,3,
propugnaculis,la,propugnaculum,suggested,3,
prosequitur,la,prosequor,suggested,3,
proxime,la,prope,suggested,3,
publice,la,publice,suggested,3,
publico,la,publicus,suggested,3,
puer,la,puer,suggested,3,
pueri,la,puer,suggested,3,
pugna,la,pugna,suggested,3,
pugnam,la,pugna,suggested,3,
pugnando,la,pugno,suggested,3,
pugnavit,la,pugno,suggested,3,
q,la,q,suggested,3,
quaelibet,la,quilibet,suggested,3,
quaeque,la,quisque,suggested,3,
quàm,la,quàm,suggested,3,
quambioiendonus,la,quambioiendonus,suggested,3,
quantam,la,quantus,suggested,3,
quanto,la,quanto,suggested,3,
quibuscunque,la,quicunque,suggested,3,
quibusque,la,quisque,suggested,3,
quicquam,la,quisquam,suggested,3,
quidquid,la,quisquis,suggested,3,
quindecim,la,quindecim,suggested,3,
quippe,la,quippe,suggested,3,
quisque,la,quisque,suggested,3,
quorundam,la,quidam,suggested,3,
quotidie,la,cottidie,suggested,3,
raro,la,raro,suggested,3,
ratio,la,ratio,suggested,3,
reddidit,la,reddo,suggested,3,
redditus,la,reddo,suggested,3,
regnandi,la,regno,suggested,3,
regressi,la,regredior,suggested,3,
regulo,la,Regulus,suggested,3,
regulos,la,regulus,suggested,3,
reliquit,la,relinquo,suggested,3,
reliquorum,la,reliquus,suggested,3,
reliquos,la,reliquus,suggested,3,
remedium,la,remedium,suggested,3,
reparato,la,reparo,suggested,3,
residentia,la,residentia,suggested,3,
residentias,la,residentia,suggested,3,
restat,la,resto,suggested,3,
reversus,la,revertor,suggested,3,
revertit,la,reverto,suggested,3,
robore,la,robur,suggested,3,
rogat,la,rogo,suggested,3,
rogatus,la,rogo,suggested,3,
rursum,la,rursus,suggested,3,
sacra,la,sacer,suggested,3,
saltem,la,saltem,suggested,3,
sanctae,la,sanctus,suggested,3,
sanctissimae,la,sanctus,suggested,3,
sanctum,la,sanctus,suggested,3,
sassumanus,la,sassumanus,suggested,3,
scimandoni,la,Scimandonus,suggested,3,
scimandonum,la,scimandonus,suggested,3,
scimandonus,la,scimandonus,suggested,3,
scimo,la,scimus,suggested,3,
sciret,la,scio,suggested,3,
scribunt,la,scribo,suggested,3,
scriptam,la,scribo,suggested,3,
scriptum,la,scribo,suggested,3,
seditionem,la,seditio,suggested,3,
senex,la,senex,suggested,3,
seque,la,seque,suggested,3,
sequebatur,la,sequor,suggested,3,
sermones,la,sermo,suggested,3,
sermonibus,la,sermo,suggested,3,
sexaginta,la,sexaginta,suggested,3,
sexennem,la,sexennis,suggested,3,
sien,la,sien,suggested,3,
signum,la,signum,suggested,3,
simulatque,la,simulatque,suggested,3,
singulis,la,singulus,suggested,3,
sinicae,la,sinicus,suggested,3,
sociis,la,socius,suggested,3,
solas,la,solus,suggested,3,
solent,la,soleo,suggested,3,
solliciti,la,sollicitus,suggested,3,
sparsi,la,spargo,suggested,3,
sperabat,la,spero,suggested,3,
sperare,la,spero,suggested,3,
spiritu,la,spiritus,suggested,3,
stabant,la,sto,suggested,3,
stabile,la,stabilis,suggested,3,
stabilitis,la,stabilio,suggested,3,
statuum,la,status,suggested,3,
suarum,la,suus,suggested,3,
subiecta,la,subicio,suggested,3,
subigeret,la,subigio,suggested,3,
subsidium,la,subsidium,suggested,3,
sufficeret,la,sufficio,suggested,3,
summas,la,superus,suggested,3,
summi,la,summus,suggested,3,
summis,la,summus,suggested,3,
suor,la,suor,suggested,3,
superarent,la,supero,suggested,3,
superat,la,supero,suggested,3,
superata,la,supero,suggested,3,
superato,la,supero,suggested,3,
superest,la,supersum,suggested,3,
supplicium,la,supplicium,suggested,3,
suspicio,la,suspicio,suggested,3,
sustulit,la,tollo,suggested,3,
ta,la,ta,suggested,3,
tabellam,la,tabella,suggested,3,
tactus,la,tactus,suggested,3,
tales,la,talis,suggested,3,
tantas,la,tantus,suggested,3,
tanti,la,tantus,suggested,3,
terra,la,terra,suggested,3,
tertia,la,tertius,suggested,3,
tertio,la,tertius,suggested,3,
thiencin,la,thienci,suggested,3,
timore,la,timor,suggested,3,
tollere,la,tollo,suggested,3,
totidem,la,totidem,suggested,3,
tradita,la,trado,suggested,3,
tranquillitate,la,tranquillitas,suggested,3,
transitum,la,transitus,suggested,3,
trecentis,la,trecenti,suggested,3,
tria,la,tres,suggested,3,
trucidari,la,trucido,suggested,3,
trucidat,la,trucido,suggested,3,
tu,la,tu,suggested,3,
tumultibus,la,tumultus,suggested,3,
tumultu,la,tumultus,suggested,3,
tumultus,la,tumultus,suggested,3,
turbas,la,turba,suggested,3,
tyranno,la,tyrannus,suggested,3,
ultima,la,ultimus,suggested,3,
unam,la,unus,suggested,3,
unicum,la,unicus,suggested,3,
universae,la,universus,suggested,3,
universam,la,universus,suggested,3,
unquam,la,umquam,suggested,3,
urbium,la,urbs,suggested,3,
usangueium,la,usangueius,suggested,3,
usum,la,usus,suggested,3,
utcumque,la,utcumque,suggested,3,
utraque,la,uterque,suggested,3,
utuntur,la,utor,suggested,3,
vacuos,la,vacuus,suggested,3,
valde,la,ualde,suggested,3,
valida,la,validus,suggested,3,
valide,la,valide,suggested,3,
vangus,la,vangus,suggested,3,
vario,la,varius,suggested,3,
velint,la,volo,suggested,3,
vencheu,la,vencheu,suggested,3,
verbiest,la,uerbiest,suggested,3,
vestibus,la,vestis,suggested,3,
vestra,la,uester,suggested,3,
vias,la,via,suggested,3,
vicem,la,uicis,suggested,3,
vicinum,la,vicinus,suggested,3,
victorem,la,victor,suggested,3,
videlicet,la,uidelicet,suggested,3,
vidi,la,video,suggested,3,
violentia,la,uiolentia,suggested,3,
vivendi,la,vivo,suggested,3,
vocabant,la,voco,suggested,3,
volebat,la,volo,suggested,3,
voluerunt,la,volo,suggested,3,
vultus,la,uultus,suggested,3,
xún,la,xún,suggested,3,
xunchii,la,xunchius,suggested,3,
yàm,la,yàm,suggested,3,
zungteus,la,zungteus,suggested,3,
1599,la,1599,suggested,2,
1601,la,1601,suggested,2,
1664,la,1664,suggested,2,
2,la,2,suggested,2,
aberant,la,absum,suggested,2,
aberat,la,absum,suggested,2,
abeundi,la,abeo,suggested,2,
abhorrent,la,abhorreo,suggested,2,
abhorrere,la,abhorreo,suggested,2,
ablegaret,la,ablego,suggested,2,
ablegatus,la,ablego,suggested,2,
abrupit,la,abrumpo,suggested,2,
absque,la,absque,suggested,2,
abunde,la,abunde,suggested,2,
acascicamon,la,acascicamon,suggested,2,
acascicamonem,la,acascicamon,suggested,2,
accedebat,la,accedo,suggested,2,
acceperunt,la,accipio,suggested,2,
accessio,la,accessio,suggested,2,
accessit,la,accedo,suggested,2,
acciperet,la,accipio,suggested,2,
accipiunt,la,accipio,suggested,2,
accusatoris,la,accusator,suggested,2,
aciam,la,acius,suggested,2,
acta,la,ago,suggested,2,
addebat,la,addo,suggested,2,
addicti,la,addico,suggested,2,
addiscendam,la,addisco,suggested,2,
additus,la,addo,suggested,2,
adductum,la,adduco,suggested,2,
adeoque,la,adeoque,suggested,2,
adesset,la,adsum,suggested,2,
adhaec,la,Adhaec,suggested,2,
adhibent,la,adhibeo,suggested,2,
aditu,la,aditus,suggested,2,
aditum,la,aditus,suggested,2,
adiungere,la,adiungo,suggested,2,
adiuvante,la,adiuuo,suggested,2,
administratione,la,administratio,suggested,2,
admonebat,la,admoneo,suggested,2,
admonetur,la,admoneo,suggested,2,
adolescens,la,adolesco,suggested,2,
adolescenti,la,adolesco,suggested,2,
advenerant,la,advenio,suggested,2,
advenerat,la,advenio,suggested,2,
advenientes,la,advenio,suggested,2,
advenirent,la,advenio,suggested,2,
advenisse,la,advenio,suggested,2,
advenissent,la,advenio,suggested,2,
adversarii,la,adversarius,suggested,2,
advocarunt,la,advoco,suggested,2,
aedibus,la,aedes,suggested,2,
aegre,la,aegre,suggested,2,
aemulatio,la,aemulatio,suggested,2,
aemulatione,la,aemulatio,suggested,2,
aequales,la,aequalis,suggested,2,
aequitate,la,aequitas,suggested,2,
aestimant,la,aestimo,suggested,2,
aestu,la,aestus,suggested,2,
affecisset,la,afficio,suggested,2,
affecta,la,afficio,suggested,2,
affecti,la,afficio,suggested,2,
affectu,la,affectus,suggested,2,
afficiebatur,la,afficio,suggested,2,
affines,la,affinis,suggested,2,
affirmare,la,affirmo,suggested,2,
afflictione,la,afflictio,suggested,2,
agebantur,la,ago,suggested,2,
agebat,la,ago,suggested,2,
agens,la,ago,suggested,2,
agerentur,la,ago,suggested,2,
aggere,la,agger,suggested,2,
aggeres,la,agger,suggested,2,
agnovit,la,agnosco,suggested,2,
agro,la,ager,suggested,2,
aliarum,la,alius,suggested,2,
alicui,la,aliquis,suggested,2,
alicuius,la,aliqui,suggested,2,
alienam,la,alienus,suggested,2,
alit,la,alo,suggested,2,
aliunde,la,aliunde,suggested,2,
allatum,la,allo,suggested,2,
allocutus,la,alloquor,suggested,2,
alterius,la,alter,suggested,2,
altitudinem,la,altitudo,suggested,2,
alunt,la,alo,suggested,2,
amabat,la,amo,suggested,2,
amacusa,la,amacusus,suggested,2,
amagutii,la,Amagutius,suggested,2,
amantissimi,la,amans,suggested,2,
amicam,la,amicus,suggested,2,
amici,la,amicus,suggested,2,
amicitia,la,amicitia,suggested,2,
amicos,la,amicus,suggested,2,
amissis,la,amitto,suggested,2,
amissum,la,amitto,suggested,2,
amoris,la,amor,suggested,2,
ampla,la,amplus,suggested,2,
amplificans,la,amplifico,suggested,2,
ancipites,la,anceps,suggested,2,
ancocugus,la,ancocugus,suggested,2,
angustiis,la,angustia,suggested,2,
animadvertens,la,animadverto,suggested,2,
animadvertere,la,animadverto,suggested,2,
animadverteret,la,animadverto,suggested,2,
animam,la,anima,suggested,2,
animarum,la,anima,suggested,2,
animorum,la,animus,suggested,2,
animosus,la,animosus,suggested,2,
animum,la,animus,suggested,2,
annuit,la,annuo,suggested,2,
annuum,la,annuus,suggested,2,
antiquissimam,la,antiquus,suggested,2,
apertam,la,aperio,suggested,2,
apertas,la,aperio,suggested,2,
apparet,la,appareo,suggested,2,
apparitionum,la,apparitio,suggested,2,
apparuit,la,appareo,suggested,2,
applausu,la,applausus,suggested,2,
aquae,la,aqua,suggested,2,
aquarum,la,aqua,suggested,2,
aquas,la,aqua,suggested,2,
aquavivam,la,aquavivus,suggested,2,
arbitrabatur,la,arbitror,suggested,2,
arbores,la,arbor,suggested,2,
arcis,la,arx,suggested,2,
ardore,la,ardor,suggested,2,
argumenta,la,argumentum,suggested,2,
arimensi,la,Arimensus,suggested,2,
armata,la,armatus,suggested,2,
armati,la,armo,suggested,2,
artes,la,ars,suggested,2,
artificio,la,artificium,suggested,2,
artis,la,ars,suggested,2,
asiae,la,asia,suggested,2,
asonodangio,la,asonodangium,suggested,2,
asonodangius,la,asonodangius,suggested,2,
aspirare,la,aspiro,suggested,2,
assequi,la,assequor,suggested,2,
assidue,la,assidue,suggested,2,
assultibus,la,assultus,suggested,2,
atribus,la,ater,suggested,2,
attribuit,la,attribuo,suggested,2,
aucto,la,augo,suggested,2,
auctor,la,auctor,suggested,2,
auctoritas,la,auctoritas,suggested,2,
auctoritate,la,auctoritas,suggested,2,
audiendam,la,audio,suggested,2,
audire,la,audio,suggested,2,
auditis,la,audio,suggested,2,
audiunt,la,audio,suggested,2,
aufugerunt,la,aufugio,suggested,2,
aufugit,la,aufugio,suggested,2,
aufugiunt,la,aufugio,suggested,2,
augebat,la,augeo,suggested,2,
augetur,la,augeo,suggested,2,
augustin,la,augustis,suggested,2,
australes,la,australis,suggested,2,
australiores,la,australis,suggested,2,
auxiliis,la,auxilium,suggested,2,
auxit,la,augeo,suggested,2,
avaritiam,la,avaritia,suggested,2,
avunculus,la,avunculus,suggested,2,
aytonius,la,aytonus,suggested,2,
baptisma,la,baptisma,suggested,2,
baptismo,la,baptisma,suggested,2,
baptizatos,la,baptizo,suggested,2,
barbara,la,barbarus,suggested,2,
barbari,la,barbarus,suggested,2,
barbarum,la,barbarus,suggested,2,
bellico,la,bellicus,suggested,2,
belligerum,la,belliges,suggested,2,
beneficiis,la,beneficium,suggested,2,
benigne,la,benigne,suggested,2,
biduo,la,biduum,suggested,2,
binos,la,bini,suggested,2,
bioiendoni,la,bioiendonus,suggested,2,
bona,la,bonus,suggested,2,
bonam,la,bonus,suggested,2,
bonitas,la,bonitas,suggested,2,
bonitati,la,bonitas,suggested,2,
bonus,la,bonus,suggested,2,
bonzi,la,bonzus,suggested,2,
bonziis,la,bonzius,suggested,2,
bonzis,la,bonzus,suggested,2,
bonzorum,la,bonzus,suggested,2,
bonzos,la,bonzus,suggested,2,
borealem,la,borealis,suggested,2,
borealium,la,borealis,suggested,2,
bungensem,la,bungenses,suggested,2,
bungensi,la,bungensus,suggested,2,
bungensis,la,bungensus,suggested,2,
c’ienthang,la,C’ienthangus,suggested,2,
cadaver,la,cadaver,suggested,2,
caeci,la,caecus,suggested,2,
caedes,la,caedes,suggested,2,
caeli,la,caelum,suggested,2,
cainocamo,la,cainocamus,suggested,2,
calamitas,la,calamitas,suggested,2,
calamitate,la,calamitas,suggested,2,
calamitatem,la,calamitas,suggested,2,
cám,la,cám,suggested,2,
camelos,la,camelus,suggested,2,
campum,la,campus,suggested,2,
camum,la,camus,suggested,2,
canes,la,canis,suggested,2,
canguetasum,la,canguetasus,suggested,2,
capillorum,la,capillus,suggested,2,
capit,la,capio,suggested,2,
capitis,la,caput,suggested,2,
capitur,la,capo,suggested,2,
capiunt,la,capio,suggested,2,
captos,la,capio,suggested,2,
carne,la,caro,suggested,2,
carnifex,la,carnifex,suggested,2,
caruisset,la,careo,suggested,2,
casum,la,casus,suggested,2,
catastrophen,la,catastrophen,suggested,2,
catechesin,la,catechesin,suggested,2,
catenis,la,catena,suggested,2,
catholica,la,catholicus,suggested,2,
causas,la,causa,suggested,2,
celebrior,la,celebrus,suggested,2,
celeri,la,celer,suggested,2,
celeriter,la,celeriter,suggested,2,
celerrime,la,celerrime,suggested,2,
censetur,la,censeo,suggested,2,
certum,la,certus,suggested,2,
cervicem,la,cervix,suggested,2,
cessisse,la,cedo,suggested,2,
cessit,la,cedo,suggested,2,
ceteri,la,ceterus,suggested,2,
chinam,la,quisnam,suggested,2,
chinchilungus,la,chinchilungus,suggested,2,
christianismus,la,christianismus,suggested,2,
cibus,la,cibus,suggested,2,
cingulo,la,cingulus,suggested,2,
circiter,la,circiter,suggested,2,
citra,la,citra,suggested,2,
ciunangodoni,la,ciunangodonus,suggested,2,
ciunangondonus,la,ciunangondonus,suggested,2,
civitatibus,la,civitas,suggested,2,
civitatum,la,civitas,suggested,2,
civium,la,civis,suggested,2,
clades,la,clades,suggested,2,
cladi,la,clades,suggested,2,
cladibus,la,clades,suggested,2,
clausi,la,claudo,suggested,2,
clavum,la,clavus,suggested,2,
clementia,la,clementia,suggested,2,
clementiam,la,clementia,suggested,2,
coacta,la,cogo,suggested,2,
codicem,la,codex,suggested,2,
coeperunt,la,coepi,suggested,2,
cogat,la,cogo,suggested,2,
cogere,la,cogo,suggested,2,
cogitabant,la,cogito,suggested,2,
cogitare,la,cogito,suggested,2,
cogitaret,la,cogito,suggested,2,
cogitavit,la,cogito,suggested,2,
cognatos,la,cognatus,suggested,2,
cohortari,la,cohortor,suggested,2,
coire,la,coio,suggested,2,
collectis,la,colligo,suggested,2,
collegii,la,collegium,suggested,2,
collegio,la,collegium,suggested,2,
collegisset,la,colligo,suggested,2,
collegit,la,collego,suggested,2,
colligendam,la,colligo,suggested,2,
colligit,la,colligo,suggested,2,
colloquebatur,la,colloquor,suggested,2,
colloqui,la,colloquor,suggested,2,
colloquio,la,colloquium,suggested,2,
colloquium,la,colloquium,suggested,2,
columnis,la,columna,suggested,2,
comis,la,comes,suggested,2,
comitarentur,la,comitor,suggested,2,
comites,la,comes,suggested,2,
commeatu,la,commeatus,suggested,2,
commemorabo,la,commemoro,suggested,2,
commemoratis,la,commemoro,suggested,2,
commendavit,la,commendo,suggested,2,
commercia,la,commercium,suggested,2,
commilitones,la,commilito,suggested,2,
committere,la,committo,suggested,2,
commode,la,commode,suggested,2,
commoratus,la,commoror,suggested,2,
communibus,la,communis,suggested,2,
communis,la,communis,suggested,2,
comoediis,la,comoedium,suggested,2,
complura,la,complures,suggested,2,
complures,la,complures,suggested,2,
conabatur,la,conor,suggested,2,
conatibus,la,conatus,suggested,2,
conatur,la,conor,suggested,2,
concedere,la,concedo,suggested,2,
concessere,la,concdo,suggested,2,
concessisset,la,concedo,suggested,2,
concordia,la,concordia,suggested,2,
concretum,la,concretus,suggested,2,
concursus,la,concursus,suggested,2,
conditio,la,conditio,suggested,2,
conditiones,la,conditio,suggested,2,
condonavit,la,condono,suggested,2,
confectis,la,conficio,suggested,2,
confecto,la,conficio,suggested,2,
confessarii,la,confessarius,suggested,2,
confessionem,la,confessio,suggested,2,
confessionis,la,confessio,suggested,2,
conficiunt,la,conficio,suggested,2,
confinis,la,confinis,suggested,2,
confitendi,la,confiteor,suggested,2,
conflagravit,la,conflagro,suggested,2,
confugerat,la,confugio,suggested,2,
confusione,la,confusio,suggested,2,
congruentia,la,congruo,suggested,2,
coniectus,la,conicio,suggested,2,
coniiciens,la,coniicio,suggested,2,
coniugem,la,coniux,suggested,2,
coniungere,la,coniungo,suggested,2,
conquisiti,la,conquiro,suggested,2,
conscendit,la,conscendo,suggested,2,
consecuturum,la,consequor,suggested,2,
conservandas,la,conservo,suggested,2,
conservare,la,conservo,suggested,2,
conservaret,la,conservo,suggested,2,
consiliis,la,consilium,suggested,2,
consimili,la,consimilis,suggested,2,
consolationem,la,consolatio,suggested,2,
consolatur,la,consolor,suggested,2,
conspectu,la,conspectus,suggested,2,
constans,la,consto,suggested,2,
constanter,la,constanter,suggested,2,
constantia,la,constantia,suggested,2,
constantinus,la,constantinus,suggested,2,
constitutus,la,constituo,suggested,2,
contendebant,la,contendo,suggested,2,
contenti,la,contineo,suggested,2,
contentio,la,contentio,suggested,2,
contentione,la,contentio,suggested,2,
continens,la,contineo,suggested,2,
contulerunt,la,confero,suggested,2,
contulit,la,confero,suggested,2,
convenientem,la,convenio,suggested,2,
convenire,la,convenio,suggested,2,
convenirent,la,convenio,suggested,2,
convenit,la,conuenio,suggested,2,
conversionem,la,conversio,suggested,2,
conversiones,la,conversio,suggested,2,
conversionis,la,conversio,suggested,2,
conviviis,la,convivium,suggested,2,
convocatis,la,convoco,suggested,2,
coraianae,la,coraianus,suggested,2,
coreano,la,coreanus,suggested,2,
corporibus,la,corpus,suggested,2,
corruptus,la,corrumpo,suggested,2,
credam,la,credo,suggested,2,
credidit,la,credo,suggested,2,
crucis,la,crux,suggested,2,
crudelissimam,la,crudelis,suggested,2,
crudelitate,la,crudelitas,suggested,2,
crudeliter,la,crudeliter,suggested,2,
cu,la,cu,suggested,2,
cunctas,la,cunctus,suggested,2,
cunctatione,la,cunctatio,suggested,2,
currus,la,currus,suggested,2,
cursorem,la,cursor,suggested,2,
custodiam,la,custodia,suggested,2,
custodienda,la,custodio,suggested,2,
dabat,la,do,suggested,2,
damna,la,damnum,suggested,2,
daret,la,do,suggested,2,
datae,la,do,suggested,2,
datas,la,do,suggested,2,
dato,la,do,suggested,2,
debellandi,la,debello,suggested,2,
debellassent,la,debello,suggested,2,
debent,la,debeo,suggested,2,
debitum,la,debeo,suggested,2,
debuit,la,debeo,suggested,2,
decembris,la,december,suggested,2,
decrevisse,la,decerno,suggested,2,
decrevisset,la,decerno,suggested,2,
decrevit,la,decerno,suggested,2,
decursu,la,decursus,suggested,2,
decus,la,decus,suggested,2,
dedere,la,do,suggested,2,
dederint,la,do,suggested,2,
dediderunt,la,dedo,suggested,2,
dedisset,la,do,suggested,2,
defectiones,la,defectio,suggested,2,
defectum,la,defectus,suggested,2,
defenderent,la,defendo,suggested,2,
defixi,la,defigo,suggested,2,
defuere,la,defeo,suggested,2,
defuncto,la,defungor,suggested,2,
degens,la,degeo,suggested,2,
degentem,la,degeo,suggested,2,
degenti,la,degeo,suggested,2,
degentibus,la,degeo,suggested,2,
deiectus,la,deicio,suggested,2,
dein,la,deinde,suggested,2,
delatum,la,defero,suggested,2,
delatus,la,defero,suggested,2,
delebat,la,deleo,suggested,2,
deleta,la,deleo,suggested,2,
delevit,la,deleo,suggested,2,
demandata,la,demando,suggested,2,
demonstravit,la,demonstro,suggested,2,
depositis,la,depono,suggested,2,
derepente,la,derepente,suggested,2,
deserto,la,desero,suggested,2,
deserturos,la,desero,suggested,2,
desiderata,la,desidero,suggested,2,
desiderium,la,desiderium,suggested,2,
destinati,la,destino,suggested,2,
destitutus,la,destituo,suggested,2,
desunt,la,desum,suggested,2,
deteriora,la,deterior,suggested,2,
detulit,la,defero,suggested,2,
devenit,la,devenio,suggested,2,
dexteritate,la,dexteritas,suggested,2,
dicenda,la,dico,suggested,2,
dici,la,dico,suggested,2,
dictitabant,la,dictito,suggested,2,
differebant,la,differo,suggested,2,
digitorum,la,digitus,suggested,2,
digna,la,dignus,suggested,2,
dignum,la,dignus,suggested,2,
diis,la,deus,suggested,2,
dimicare,la,dimico,suggested,2,
dimidiati,la,dimidio,suggested,2,
dimissus,la,dimitto,suggested,2,
diploma,la,diploma,suggested,2,
dira,la,dirus,suggested,2,
diriperent,la,diripo,suggested,2,
dirissima,la,dirus,suggested,2,
discrimina,la,discrimen,suggested,2,
discrimine,la,discrimen,suggested,2,
diserte,la,diserte,suggested,2,
disertis,la,disertus,suggested,2,
dispersi,la,dispergo,suggested,2,
dissimularet,la,dissimulo,suggested,2,
distat,la,disto,suggested,2,
distulit,la,differo,suggested,2,
ditissimam,la,ditus,suggested,2,
ditissimi,la,ditus,suggested,2,
diuturna,la,diuturnus,suggested,2,
diversis,la,diuerto,suggested,2,
divertere,la,diverto,suggested,2,
dives,la,dives,suggested,2,
divini,la,divinus,suggested,2,
divinis,la,divinus,suggested,2,
divitiarum,la,divitiae,suggested,2,
dominicani,la,dominicanus,suggested,2,
dominicum,la,dominicus,suggested,2,
dona,la,donum,suggested,2,
donabat,la,dono,suggested,2,
donis,la,donum,suggested,2,
donum,la,donum,suggested,2,
dubitabant,la,dubito,suggested,2,
ducentos,la,ducenti,suggested,2,
ducerent,la,duco,suggested,2,
duceretur,la,duco,suggested,2,
ducis,la,dux,suggested,2,
ductor,la,ductor,suggested,2,
dummodo,la,dummodo,suggested,2,
dumtaxat,la,dumtaxat,suggested,2,
dynastas,la,dynasta,suggested,2,
eandem,la,idem,suggested,2,
eaq,la,is,suggested,2,
eaque,la,eaque,suggested,2,
earum,la,is,suggested,2,
edictum,la,edictum,suggested,2,
edixerunt,la,edico,suggested,2,
edixit,la,edico,suggested,2,
eduxit,la,educo,suggested,2,
effecerunt,la,efficio,suggested,2,
effecturum,la,efficio,suggested,2,
effectus,la,effectus,suggested,2,
effugit,la,effugio,suggested,2,
egregiam,la,egregius,suggested,2,
egregium,la,egregius,suggested,2,
egregius,la,egregius,suggested,2,
egressi,la,egredior,suggested,2,
eiusmodi,la,eiusmodi,suggested,2,
elanguit,la,elango,suggested,2,
eleemosynis,la,eleemosyna,suggested,2,
elegerant,la,eligo,suggested,2,
eluxit,la,eluo,suggested,2,
eminentiarum,la,eminentia,suggested,2,
eminentissimi,la,Eminentissimus,suggested,2,
eorumque,la,eorumque,suggested,2,
epistolae,la,epistola,suggested,2,
eques,la,eques,suggested,2,
equi,la,equus,suggested,2,
equidem,la,equidem,suggested,2,
equo,la,equus,suggested,2,
erepta,la,eripio,suggested,2,
erratis,la,erro,suggested,2,
errorem,la,error,suggested,2,
essem,la,sum,suggested,2,
eumdem,la,idem,suggested,2,
eunuchi,la,eunuchus,suggested,2,
eunucho,la,eunuchus,suggested,2,
eunuchorum,la,eunuchus,suggested,2,
eunuchum,la,eunuchus,suggested,2,
europaeos,la,europaeus,suggested,2,
evangelica,la,evangelicus,suggested,2,
evangelii,la,evangelium,suggested,2,
evasisse,la,evdo,suggested,2,
evasisset,la,evasio,suggested,2,
evenit,la,evenio,suggested,2,
eventuum,la,eventus,suggested,2,
everendo,la,evero,suggested,2,
examina,la,examen,suggested,2,
exasperavit,la,exaspero,suggested,2,
excedere,la,excedo,suggested,2,
excederet,la,excedo,suggested,2,
exceptis,la,excipio,suggested,2,
exceptus,la,excipio,suggested,2,
excesserat,la,excedo,suggested,2,
excessisse,la,excedo,suggested,2,
excitavit,la,excito,suggested,2,
excreverant,la,excro,suggested,2,
execranda,la,execro,suggested,2,
exemplar,la,exemplar,suggested,2,
exercuisset,la,exerceo,suggested,2,
exhibita,la,exhibeo,suggested,2,
exhibuit,la,exhibeo,suggested,2,
exilii,la,exsilium,suggested,2,
eximiam,la,eximius,suggested,2,
existimant,la,existimo,suggested,2,
exitium,la,exitium,suggested,2,
exitu,la,exitus,suggested,2,
exitum,la,exitus,suggested,2,
exomologesin,la,exomologesin,suggested,2,
expectabat,la,exspecto,suggested,2,
expecto,la,exspecto,suggested,2,
expediri,la,expedio,suggested,2,
experientia,la,experientia,suggested,2,
expertes,la,expers,suggested,2,
expertus,la,experior,suggested,2,
exploraret,la,exploro,suggested,2,
exponeret,la,expono,suggested,2,
exponi,la,expono,suggested,2,
exposui,la,expono,suggested,2,
exteris,la,exter,suggested,2,
externis,la,externus,suggested,2,
extinctum,la,extinctus,suggested,2,
extinctus,la,extinctus,suggested,2,
extiterit,la,exsisto,suggested,2,
extiterunt,la,existo,suggested,2,
extitit,la,extitio,suggested,2,
extolleremur,la,extollo,suggested,2,
extructurum,la,extruo,suggested,2,
extruxerat,la,extruco,suggested,2,
exueretur,la,exuo,suggested,2,
exulare,la,exulo,suggested,2,
faciei,la,facies,suggested,2,
faciendum,la,facio,suggested,2,
facili,la,facilis,suggested,2,
facillime,la,facile,suggested,2,
facinora,la,facinus,suggested,2,
factas,la,facio,suggested,2,
factio,la,factio,suggested,2,
factionem,la,factio,suggested,2,
factioni,la,factio,suggested,2,
facturi,la,facio,suggested,2,
facturus,la,facio,suggested,2,
facultate,la,facultas,suggested,2,
facultates,la,facultas,suggested,2,
famulis,la,famulus,suggested,2,
fatentur,la,fateo,suggested,2,
fauces,la,faux,suggested,2,
fautorem,la,fautor,suggested,2,
favente,la,faueo,suggested,2,
favore,la,favor,suggested,2,
fecisse,la,facio,suggested,2,
ferebatur,la,fero,suggested,2,
ferrent,la,fero,suggested,2,
fertur,la,fero,suggested,2,
fid,la,fis,suggested,2,
fidelem,la,fidelis,suggested,2,
fideli,la,fidelis,suggested,2,
fidelibus,la,fidelis,suggested,2,
fidelissimo,la,fidelis,suggested,2,
fidelissimus,la,fidelis,suggested,2,
fidelitate,la,fidelitas,suggested,2,
fidelitatem,la,fidelitas,suggested,2,
fidelitatis,la,fidelitas,suggested,2,
fidens,la,fido,suggested,2,
fidus,la,fidus,suggested,2,
fieret,la,fio,suggested,2,
figant,la,figo,suggested,2,
fili,la,filius,suggested,2,
filiae,la,filia,suggested,2,
filioli,la,filiolus,suggested,2,
fingani,la,finganis,suggested,2,
fingensis,la,fingensis,suggested,2,
firandenses,la,firandensis,suggested,2,
firma,la,firmus,suggested,2,
firmissima,la,firmus,suggested,2,
firoscima,la,firoscimus,suggested,2,
firoscimae,la,Firoscima,suggested,2,
firoscimam,la,Firoscima,suggested,2,
flagell,la,flagell,suggested,2,
fluit,la,fluo,suggested,2,
fluminibus,la,flumen,suggested,2,
foedera,la,foedus,suggested,2,
foederatus,la,foedero,suggested,2,
foederibus,la,foedus,suggested,2,
foedissime,la,foedus,suggested,2,
fonte,la,fons,suggested,2,
foras,la,foras,suggested,2,
formidabant,la,formido,suggested,2,
formidabat,la,formido,suggested,2,
formidantes,la,formido,suggested,2,
formosa,la,formosus,suggested,2,
fortissima,la,fortis,suggested,2,
fortissime,la,fortiter,suggested,2,
fortitudinis,la,fortitudo,suggested,2,
fortunarumque,la,fortunarumquus,suggested,2,
fortunis,la,fortuna,suggested,2,
fossae,la,fossa,suggested,2,
freti,la,fretus,suggested,2,
fretum,la,fretum,suggested,2,
frigore,la,frigus,suggested,2,
fronte,la,frons,suggested,2,
fructu,la,fructus,suggested,2,
fucuscimadoni,la,fucuscimado,suggested,2,
fucuscimadonus,la,fucuscimadonus,suggested,2,
fugere,la,fugio,suggested,2,
functionibus,la,functio,suggested,2,
furore,la,furor,suggested,2,
furoris,la,furor,suggested,2,
fusum,la,fundo,suggested,2,
futuri,la,futurus,suggested,2,
futurus,la,sum,suggested,2,
g,la,g,suggested,2,
gavisus,la,gaudeo,suggested,2,
genera,la,genus,suggested,2,
generalem,la,generalis,suggested,2,
gens,la,gens,suggested,2,
gentem,la,gens,suggested,2,
gentes,la,gens,suggested,2,
gentili,la,gentilis,suggested,2,
gentilibus,la,gentilis,suggested,2,
gentium,la,gens,suggested,2,
germanus,la,germanus,suggested,2,
gestis,la,gero,suggested,2,
gibonoscii,la,Gibonoscius,suggested,2,
globo,la,globus,suggested,2,
gloriae,la,gloria,suggested,2,
gloriosi,la,gloriosus,suggested,2,
gonzales,la,gonzales,suggested,2,
gratiae,la,gratia,suggested,2,
gratum,la,gratus,suggested,2,
graves,la,gravis,suggested,2,
gubernationem,la,gubernatio,suggested,2,
gubernatori,la,gubernator,suggested,2,
guifuanum,la,guifuanus,suggested,2,
habeat,la,habeo,suggested,2,
habendis,la,habeo,suggested,2,
habens,la,habeo,suggested,2,
habeo,la,habeo,suggested,2,
haberemus,la,habeo,suggested,2,
habitatione,la,habitatio,suggested,2,
habitationi,la,habitatio,suggested,2,
habito,la,habeo,suggested,2,
habitu,la,habitus,suggested,2,
habitus,la,habitus,suggested,2,
habuere,la,habeo,suggested,2,
habuisse,la,habeo,suggested,2,
haerere,la,haereo,suggested,2,
hebdomade,la,hebdomades,suggested,2,
hì,la,hì,suggested,2,
hodie,la,hodie,suggested,2,
hominis,la,homo,suggested,2,
honores,la,honor,suggested,2,
hoo,la,hic,suggested,2,
horis,la,hora,suggested,2,
hostiles,la,hostilis,suggested,2,
hostilibus,la,hostilis,suggested,2,
humani,la,humanus,suggested,2,
humanitatis,la,humanitas,suggested,2,
hungquango,la,hungquangus,suggested,2,
hungquangum,la,hungqgo,suggested,2,
iaponicae,la,iaponicus,suggested,2,
iaponicas,la,Iaponicus,suggested,2,
iaponicis,la,iaponicus,suggested,2,
iaponis,la,Iaponi,suggested,2,
ignarus,la,ignarus,suggested,2,
ignotam,la,ignotus,suggested,2,
iidem,la,idem,suggested,2,
illustrem,la,illustris,suggested,2,
imaginem,la,imago,suggested,2,
imagines,la,imago,suggested,2,
imaginibus,la,imago,suggested,2,
immani,la,immanis,suggested,2,
immensa,la,immensus,suggested,2,
immunes,la,immunis,suggested,2,
impar,la,impar,suggested,2,
impedimenta,la,impedimentum,suggested,2,
imperare,la,impero,suggested,2,
imperasset,la,impero,suggested,2,
imperatores,la,imperator,suggested,2,
imperia,la,imperium,suggested,2,
imperiale,la,imperialis,suggested,2,
imperialis,la,imperialis,suggested,2,
imponere,la,impono,suggested,2,
importunitate,la,importunitas,suggested,2,
impressionem,la,impressio,suggested,2,
improviso,la,improvisus,suggested,2,
imus,la,imus,suggested,2,
inauditam,la,inauditus,suggested,2,
inaurata,la,inauro,suggested,2,
incendio,la,incendium,suggested,2,
inciderit,la,incido,suggested,2,
inciderunt,la,incido,suggested,2,
incidisset,la,incido,suggested,2,
incolarum,la,incola,suggested,2,
indicaret,la,indico,suggested,2,
indicatum,la,indico,suggested,2,
indigebant,la,indigeo,suggested,2,
indignatione,la,indignatio,suggested,2,
indignum,la,indignus,suggested,2,
inducere,la,induco,suggested,2,
industriam,la,industria,suggested,2,
infelicissimus,la,infelicus,suggested,2,
infestis,la,infestus,suggested,2,
infesto,la,infestus,suggested,2,
infestos,la,infestus,suggested,2,
infestus,la,infestus,suggested,2,
infideles,la,infidelis,suggested,2,
informationem,la,informatio,suggested,2,
ingentibus,la,ingens,suggested,2,
ingredi,la,ingredior,suggested,2,
ingrediantur,la,ingredior,suggested,2,
iniquitas,la,iniquitas,suggested,2,
initiis,la,initium,suggested,2,
iniuriam,la,iniuria,suggested,2,
innocentia,la,innocentia,suggested,2,
innocentiae,la,innocentia,suggested,2,
inopia,la,inopia,suggested,2,
inopiam,la,inopia,suggested,2,
inopinato,la,inopinatus,suggested,2,
insecuti,la,insequor,suggested,2,
insidiis,la,insidiae,suggested,2,
insignem,la,insignis,suggested,2,
insignes,la,insignis,suggested,2,
insigni,la,insignis,suggested,2,
insolentiis,la,insolentia,suggested,2,
instituimus,la,instituo,suggested,2,
instituit,la,instituo,suggested,2,
instrumenta,la,instrumentum,suggested,2,
insurrexerunt,la,insurgo,suggested,2,
integra,la,integer,suggested,2,
integros,la,integer,suggested,2,
intellecta,la,intellego,suggested,2,
intelleximus,la,intellexigo,suggested,2,
intelligeret,la,intellego,suggested,2,
intelligi,la,intellego,suggested,2,
intentione,la,intentio,suggested,2,
intercepta,la,intercipio,suggested,2,
interesse,la,intersum,suggested,2,
intervallum,la,intervallum,suggested,2,
intimo,la,intimus,suggested,2,
intrinsecus,la,intrinsecus,suggested,2,
intromittit,la,intromitto,suggested,2,
intulisse,la,infero,suggested,2,
intulit,la,infero,suggested,2,
inus,la,inus,suggested,2,
invadere,la,invadeo,suggested,2,
invehi,la,inveho,suggested,2,
invitabat,la,invito,suggested,2,
invitat,la,invito,suggested,2,
invitatus,la,invito,suggested,2,
invitavit,la,invito,suggested,2,
ioanne,la,Johanne,suggested,2,
iri,la,eo,suggested,2,
irrumpunt,la,irrumpo,suggested,2,
irrupit,la,irrupo,suggested,2,
iste,la,iste,suggested,2,
istis,la,iste,suggested,2,
istos,la,iste,suggested,2,
iu,la,iu,suggested,2,
iugo,la,iugum,suggested,2,
iungliei,la,iunglies,suggested,2,
iura,la,ius,suggested,2,
iusserunt,la,iubeo,suggested,2,
iussu,la,iussus,suggested,2,
iustum,la,iustus,suggested,2,
kengo,la,kengo,suggested,2,
kiango,la,kiango,suggested,2,
kienning,la,kienning,suggested,2,
laboratum,la,laboro,suggested,2,
labore,la,labor,suggested,2,
lacus,la,lacus,suggested,2,
laeti,la,laetus,suggested,2,
laetitiae,la,laetitia,suggested,2,
lapidem,la,lapis,suggested,2,
lapidibus,la,lapis,suggested,2,
lapsus,la,labor,suggested,2,
latam,la,latus,suggested,2,
lateque,la,lateque,suggested,2,
latitabant,la,latito,suggested,2,
latitantes,la,latitor,suggested,2,
latuit,la,lateo,suggested,2,
latus,la,latus,suggested,2,
laudabat,la,laudo,suggested,2,
lavacrum,la,lavacrum,suggested,2,
leucarum,la,leucus,suggested,2,
libellum,la,libellus,suggested,2,
liberalissime,la,liberaliter,suggested,2,
liberaliter,la,liberaliter,suggested,2,
liberare,la,libero,suggested,2,
liberarent,la,libero,suggested,2,
liberaret,la,libero,suggested,2,
liberati,la,libero,suggested,2,
libertas,la,libertas,suggested,2,
libris,la,liber,suggested,2,
librum,la,liber,suggested,2,
licungzi,la,licungzus,suggested,2,
lignea,la,ligneus,suggested,2,
lihuzi,la,lihuzus,suggested,2,
lihuzus,la,lihuzus,suggested,2,
litteratorum,la,litteratus,suggested,2,
littora,la,litus,suggested,2,
locorum,la,locus,suggested,2,
longa,la,longus,suggested,2,
longissime,la,longe,suggested,2,
longissimo,la,longus,suggested,2,
loquebatur,la,loquor,suggested,2,
loqui,la,loquor,suggested,2,
luce,la,lux,suggested,2,
lucul,la,lucul,suggested,2,
ludebat,la,ludo,suggested,2,
ludibrio,la,ludibrium,suggested,2,
lunguuo,la,lunguuus,suggested,2,
lusitani,la,lusitanus,suggested,2,
lusitanus,la,lusitanus,suggested,2,
m.dc.li,la,M.DC.LI,suggested,2,
m.dc.xliv,la,M.DC.XLIV,suggested,2,
m.dc.xlix,la,M.DC.XLIX,suggested,2,
m.dc.xlv,la,M.DC.XLV,suggested,2,
m.dc.xx,la,m.dc.xx,suggested,2,
macai,la,macaus,suggested,2,
mactarunt,la,macto,suggested,2,
mactaverat,la,macto,suggested,2,
magisque,la,magisque,suggested,2,
magistratibus,la,magistratus,suggested,2,
magnaque,la,magnaque,suggested,2,
magnifica,la,magnificus,suggested,2,
magnitudine,la,magnitudo,suggested,2,
magnus,la,magnus,suggested,2,
maiore,la,magnus,suggested,2,
mancipia,la,mancipium,suggested,2,
mandans,la,mando,suggested,2,
mandarat,la,mando,suggested,2,
mandare,la,mando,suggested,2,
manzu,la,manzus,suggested,2,
marcus,la,marcus,suggested,2,
mares,la,mas,suggested,2,
marito,la,maritus,suggested,2,
maximas,la,magnus,suggested,2,
maximo,la,magnus,suggested,2,
maximus,la,magnus,suggested,2,
meac,la,meaus,suggested,2,
meacensi,la,meacensus,suggested,2,
mediam,la,medius,suggested,2,
melior,la,bonus,suggested,2,
memoriae,la,memoria,suggested,2,
memoriale,la,memorialis,suggested,2,
mentio,la,mentio,suggested,2,
mera,la,merus,suggested,2,
meritum,la,mereo,suggested,2,
messem,la,messis,suggested,2,
metuentem,la,metuo,suggested,2,
michaelem,la,michaeles,suggested,2,
militabat,la,milito,suggested,2,
militare,la,militaris,suggested,2,
militem,la,miles,suggested,2,
militiae,la,militia,suggested,2,
millena,la,millenus,suggested,2,
mimazacae,la,mimazacus,suggested,2,
mino,la,Minus,suggested,2,
minoano,la,minoanus,suggested,2,
minor,la,paruus,suggested,2,
minore,la,paruus,suggested,2,
minoris,la,paruus,suggested,2,
minorum,la,paruus,suggested,2,
mira,la,mirus,suggested,2,
mire,la,mire,suggested,2,
mis,la,mis,suggested,2,
miser,la,miser,suggested,2,
miseratus,la,miseror,suggested,2,
misericordia,la,misericordia,suggested,2,
misericordiarum,la,misericordia,suggested,2,
miserunt,la,mitto,suggested,2,
missionariorum,la,missionarius,suggested,2,
missiones,la,missio,suggested,2,
modis,la,modus,suggested,2,
moerorem,la,moeror,suggested,2,
moleste,la,moleste,suggested,2,
molestia,la,molestia,suggested,2,
molestiis,la,molestia,suggested,2,
moliremur,la,molor,suggested,2,
monarcha,la,monarcha,suggested,2,
monarchiam,la,monarchia,suggested,2,
moras,la,mora,suggested,2,
moriendum,la,morior,suggested,2,
morindono,la,morindonus,suggested,2,
morindonum,la,morindo,suggested,2,
moris,la,mos,suggested,2,
mort,la,mort,suggested,2,
mortalium,la,mortalis,suggested,2,
mortuus,la,morior,suggested,2,
mos,la,mos,suggested,2,
movere,la,moveo,suggested,2,
mulier,la,mulier,suggested,2,
mundo,la,mundus,suggested,2,
munitam,la,munio,suggested,2,
munus,la,munus,suggested,2,
mutare,la,muto,suggested,2,
mutata,la,muto,suggested,2,
mutationem,la,mutatio,suggested,2,
mutationibus,la,mutatio,suggested,2,
nabescima,la,nabescimus,suggested,2,
namque,la,nam,suggested,2,
narrare,la,narro,suggested,2,
narratio,la,narratio,suggested,2,
natu,la,natus,suggested,2,
navem,la,navis,suggested,2,
navigatio,la,navigatio,suggested,2,
navigationis,la,navigatio,suggested,2,
necabat,la,neco,suggested,2,
necdum,la,nequedum,suggested,2,
necessariae,la,necessarius,suggested,2,
necessarii,la,necessarius,suggested,2,
necessarium,la,necessarius,suggested,2,
negare,la,nego,suggested,2,
negligentia,la,negligentia,suggested,2,
nem,la,nem,suggested,2,
nepotes,la,nepos,suggested,2,
nepotis,la,nepos,suggested,2,
nequicquam,la,nequicquam,suggested,2,
ni,la,ni,suggested,2,
nihilomin,la,nihilomin,suggested,2,
nihilum,la,nihil,suggested,2,
nil,la,nihil,suggested,2,
nimia,la,nimius,suggested,2,
ningyuen,la,ningyuen,suggested,2,
niulhan,la,niulhan,suggested,2,
nobilissimae,la,nobilis,suggested,2,
nobiscum,la,nos,suggested,2,
nocturnis,la,nocturnus,suggested,2,
noluerunt,la,nolo,suggested,2,
nomina,la,nomen,suggested,2,
nominati,la,nomino,suggested,2,
nominibus,la,nomen,suggested,2,
nonnihil,la,nonnihil,suggested,2,
nonnullis,la,nonnullus,suggested,2,
nonnunquam,la,nonnunquam,suggested,2,
nostraq,la,noster,suggested,2,
nostrarum,la,noster,suggested,2,
nostror,la,nostror,suggested,2,
novae,la,novus,suggested,2,
nullibi,la,nullibus,suggested,2,
obedire,la,obedio,suggested,2,
oblitus,la,obliuiscor,suggested,2,
obscura,la,obscurus,suggested,2,
obsedit,la,obsido,suggested,2,
obsequio,la,obsequium,suggested,2,
obsessos,la,obsideo,suggested,2,
obsident,la,obsideo,suggested,2,
obstante,la,obsto,suggested,2,
obstricti,la,obstringo,suggested,2,
obtemperare,la,obtempero,suggested,2,
obtinere,la,obtineo,suggested,2,
obtinuisset,la,obtineo,suggested,2,
occasio,la,occasio,suggested,2,
occasu,la,Occasus,suggested,2,
occidente,la,occidens,suggested,2,
occiderunt,la,occido,suggested,2,
occidit,la,occido,suggested,2,
occidite,la,occido,suggested,2,
occisos,la,occido,suggested,2,
occumbere,la,occumbo,suggested,2,
occupanda,la,occupo,suggested,2,
occupandum,la,occupo,suggested,2,
occupare,la,occupo,suggested,2,
occupari,la,occupo,suggested,2,
occupat,la,occupo,suggested,2,
occupatam,la,occupo,suggested,2,
occupatas,la,occupo,suggested,2,
occupati,la,occupo,suggested,2,
occupatum,la,occupo,suggested,2,
occupatus,la,occupo,suggested,2,
ocreas,la,ocrea,suggested,2,
octobris,la,octobris,suggested,2,
offensionis,la,offensio,suggested,2,
offensus,la,offendo,suggested,2,
offerebant,la,offero,suggested,2,
offerret,la,offero,suggested,2,
officiis,la,officium,suggested,2,
omniaque,la,omniaque,suggested,2,
omnibusque,la,omnibusgo,suggested,2,
omnique,la,omnique,suggested,2,
omurano,la,Omuranus,suggested,2,
onus,la,onus,suggested,2,
onusti,la,onustus,suggested,2,
operibus,la,opus,suggested,2,
opinio,la,opinio,suggested,2,
opportune,la,opportune,suggested,2,
opprimere,la,opprimo,suggested,2,
opprimeret,la,opprimo,suggested,2,
optime,la,melius,suggested,2,
oratione,la,oratio,suggested,2,
orcum,la,orcus,suggested,2,
ordinem,la,ordo,suggested,2,
ordines,la,ordo,suggested,2,
organtinum,la,organtinus,suggested,2,
organtinus,la,organtinus,suggested,2,
orientales,la,orientalis,suggested,2,
orientali,la,orientalis,suggested,2,
oriundi,la,orio,suggested,2,
ostenderet,la,ostendo,suggested,2,
ostenderunt,la,ostendo,suggested,2,
ostentatione,la,ostentatio,suggested,2,
ostia,la,ostium,suggested,2,
ovile,la,ovile,suggested,2,
pacatum,la,paco,suggested,2,
pacificans,la,pacificor,suggested,2,
pacifice,la,pacifice,suggested,2,
palatia,la,palatia,suggested,2,
paratis,la,paro,suggested,2,
parato,la,paro,suggested,2,
paratum,la,paro,suggested,2,
parebat,la,pareo,suggested,2,
parere,la,pario,suggested,2,
pari,la,par,suggested,2,
pariter,la,pariter,suggested,2,
partam,la,pario,suggested,2,
partium,la,pars,suggested,2,
patebat,la,pateo,suggested,2,
paterent,la,pateo,suggested,2,
pateret,la,pateo,suggested,2,
patrio,la,patrius,suggested,2,
patrocinari,la,patrocino,suggested,2,
patrocinio,la,patrocinium,suggested,2,
patrui,la,patruus,suggested,2,
pauperes,la,pauper,suggested,2,
pavore,la,pavor,suggested,2,
pax,la,pax,suggested,2,
peccata,la,peccatum,suggested,2,
pectus,la,pectus,suggested,2,
pellem,la,pellis,suggested,2,
pendet,la,pendeo,suggested,2,
penetrant,la,penetro,suggested,2,
penetravit,la,penetro,suggested,2,
pepercit,la,parco,suggested,2,
peractis,la,perago,suggested,2,
peragendo,la,perago,suggested,2,
perdendi,la,perdo,suggested,2,
perdituri,la,perdo,suggested,2,
perduellibus,la,perduellis,suggested,2,
perduellionis,la,perduellio,suggested,2,
perferre,la,perfero,suggested,2,
pericul,la,pericul,suggested,2,
perierunt,la,pereo,suggested,2,
periisse,la,perieo,suggested,2,
periit,la,pereo,suggested,2,
periti,la,peritus,suggested,2,
peritia,la,peritium,suggested,2,
perlatum,la,perfero,suggested,2,
permissum,la,permitto,suggested,2,
permittere,la,permitto,suggested,2,
perniciem,la,pernicies,suggested,2,
perperam,la,perperam,suggested,2,
perpessi,la,perptior,suggested,2,
persistere,la,persisto,suggested,2,
persona,la,persona,suggested,2,
perspecta,la,perspicio,suggested,2,
persuaserunt,la,persuadeo,suggested,2,
pervenere,la,pervenio,suggested,2,
pervenisse,la,pervenio,suggested,2,
pervenissent,la,pervenio,suggested,2,
petens,la,peto,suggested,2,
peteret,la,peto,suggested,2,
petivit,la,peto,suggested,2,
pia,la,pius,suggested,2,
piae,la,pius,suggested,2,
pilas,la,pila,suggested,2,
pileolum,la,pileolus,suggested,2,
pingsi,la,Pingsius,suggested,2,
piscium,la,piscis,suggested,2,
pius,la,pius,suggested,2,
planitie,la,planities,suggested,2,
plecti,la,plgo,suggested,2,
plena,la,plenus,suggested,2,
pleni,la,plenus,suggested,2,
plenis,la,plenus,suggested,2,
plerosque,la,plerusque,suggested,2,
plura,la,multus,suggested,2,
plurimas,la,multus,suggested,2,
plurimis,la,multus,suggested,2,
po,la,po,suggested,2,
poenituit,la,poenitesco,suggested,2,
polliceri,la,polliceor,suggested,2,
polonus,la,polonus,suggested,2,
pontes,la,pons,suggested,2,
populos,la,populus,suggested,2,
populum,la,populus,suggested,2,
portabant,la,porto,suggested,2,
portu,la,portus,suggested,2,
portum,la,portus,suggested,2,
poscit,la,posco,suggested,2,
posthabito,la,posthabeo,suggested,2,
postulare,la,postulo,suggested,2,
potentia,la,potentia,suggested,2,
potentiae,la,potentia,suggested,2,
potentior,la,possum,suggested,2,
potentissimum,la,potens,suggested,2,
potestati,la,potestas,suggested,2,
potuere,la,possum,suggested,2,
potuimus,la,possum,suggested,2,
praeberet,la,praebeo,suggested,2,
praecedebant,la,praecedo,suggested,2,
praecipitis,la,praeceps,suggested,2,
praecipuas,la,praecipuus,suggested,2,
praecipuis,la,praecipuus,suggested,2,
praeclare,la,praeclare,suggested,2,
praedas,la,praeda,suggested,2,
praeditum,la,praeditus,suggested,2,
praeditus,la,praeditus,suggested,2,
praelio,la,praelium,suggested,2,
praemisit,la,praemitto,suggested,2,
praemissis,la,praemitto,suggested,2,
praesente,la,praesum,suggested,2,
praesidiariis,la,praesidiarius,suggested,2,
praesidiariorum,la,praesidiarius,suggested,2,
praestit,la,praesto,suggested,2,
praestitit,la,praesto,suggested,2,
praetendebat,la,praetendo,suggested,2,
praetendens,la,praetendo,suggested,2,
precationibus,la,precatio,suggested,2,
pretio,la,pretium,suggested,2,
prim,la,prim,suggested,2,
primarium,la,primarius,suggested,2,
primarius,la,primarius,suggested,2,
principum,la,princeps,suggested,2,
priorem,la,prior,suggested,2,
pristina,la,pristinus,suggested,2,
probabat,la,probo,suggested,2,
procedere,la,procedo,suggested,2,
procurator,la,procurator,suggested,2,
profectionem,la,profectio,suggested,2,
proficisci,la,proficiscor,suggested,2,
progressi,la,progredior,suggested,2,
prohibiturus,la,prohibeo,suggested,2,
proinde,la,proinde,suggested,2,
promissa,la,promitto,suggested,2,
promitteret,la,promitto,suggested,2,
promittunt,la,promitto,suggested,2,
promptissime,la,prompte,suggested,2,
promptissimi,la,promptus,suggested,2,
prono,la,pronus,suggested,2,
pronunciata,la,pronuncio,suggested,2,
propagatores,la,propagator,suggested,2,
propositum,la,propono,suggested,2,
prosecutus,la,prosequor,suggested,2,
prosequebatur,la,prosequor,suggested,2,
prosequerentur,la,prosequor,suggested,2,
prosequuntur,la,prosequor,suggested,2,
prosper,la,prosper,suggested,2,
prosperis,la,prosperus,suggested,2,
prosperum,la,prosper,suggested,2,
prout,la,prout,suggested,2,
providentiae,la,providentia,suggested,2,
provideret,la,provideo,suggested,2,
prudentie,la,prudentia,suggested,2,
prudentiores,la,prudens,suggested,2,
publica,la,publicus,suggested,2,
puero,la,puer,suggested,2,
pugnandum,la,pugno,suggested,2,
pugnare,la,pugno,suggested,2,
pugnaret,la,pugno,suggested,2,
pugnarunt,la,pugno,suggested,2,
pulcherrima,la,pulcher,suggested,2,
pulcherrimam,la,pulcher,suggested,2,
pulcherrimas,la,pulchus,suggested,2,
pulchre,la,pulchre,suggested,2,
pus,la,pus,suggested,2,
pyrata,la,pyratus,suggested,2,
quadratis,la,quadro,suggested,2,
qualia,la,qualis,suggested,2,
qualibet,la,quilibet,suggested,2,
qualis,la,qualis,suggested,2,
quambioiendonum,la,quambioiendo,suggested,2,
quamquam,la,quamquam,suggested,2,
quandam,la,quidam,suggested,2,
quarto,la,quartus,suggested,2,
quemadmod,la,quemadmod,suggested,2,
quend,la,quend,suggested,2,
quendam,la,quidam,suggested,2,
querelis,la,querela,suggested,2,
quidquam,la,quidquam,suggested,2,
quiete,la,quies,suggested,2,
quietem,la,quies,suggested,2,
quietos,la,quiesco,suggested,2,
quievit,la,quiesco,suggested,2,
quilibet,la,quilibet,suggested,2,
quinetiam,la,quinetiam,suggested,2,
quingenta,la,quingenti,suggested,2,
quingentis,la,quingenti,suggested,2,
quingentos,la,quingenti,suggested,2,
quoad,la,quoad,suggested,2,
quor,la,quor,suggested,2,
quoscumque,la,quicumque,suggested,2,
quotannis,la,quotannis,suggested,2,
raderent,la,radeo,suggested,2,
radicitus,la,radicitus,suggested,2,
rapinis,la,rapina,suggested,2,
raros,la,rarus,suggested,2,
rationem,la,ratio,suggested,2,
rationemque,la,rationemque,suggested,2,
rationes,la,ratio,suggested,2,
ratus,la,reor,suggested,2,
rebellionem,la,rebellio,suggested,2,
rebusq,la,rebusqs,suggested,2,
recens,la,recens,suggested,2,
recepere,la,recepio,suggested,2,
receperunt,la,recipio,suggested,2,
recepisset,la,recipio,suggested,2,
reciperet,la,recipio,suggested,2,
recuperarent,la,recupero,suggested,2,
recuperassent,la,recupero,suggested,2,
redacti,la,redigo,suggested,2,
redderent,la,reddo,suggested,2,
redderet,la,reddo,suggested,2,
reddiderunt,la,reddo,suggested,2,
redegerunt,la,redigo,suggested,2,
redegisset,la,redigo,suggested,2,
redeundi,la,redeo,suggested,2,
redierunt,la,redeo,suggested,2,
rediit,la,redeo,suggested,2,
rediret,la,redeo,suggested,2,
reditu,la,reditus,suggested,2,
referebant,la,refero,suggested,2,
referebantur,la,refero,suggested,2,
regebat,la,rego,suggested,2,
regendas,la,rego,suggested,2,
regerentur,la,rego,suggested,2,
regiminis,la,regimen,suggested,2,
regionibus,la,regio,suggested,2,
regionis,la,regio,suggested,2,
regius,la,regius,suggested,2,
regn,la,regn,suggested,2,
regnare,la,regno,suggested,2,
regredi,la,regredior,suggested,2,
regrediuntur,la,regredior,suggested,2,
regum,la,rex,suggested,2,
relatio,la,relatio,suggested,2,
religio,la,religio,suggested,2,
religioni,la,religio,suggested,2,
reliquae,la,reliquus,suggested,2,
reliquarum,la,reliquus,suggested,2,
reliquo,la,reliquus,suggested,2,
reliquum,la,reliquus,suggested,2,
remissionem,la,remissio,suggested,2,
remittere,la,remitto,suggested,2,
remota,la,remoueo,suggested,2,
remotum,la,remoueo,suggested,2,
reparare,la,reparo,suggested,2,
repellendam,la,repello,suggested,2,
repellentibus,la,repello,suggested,2,
repentinam,la,repentinus,suggested,2,
repererunt,la,repero,suggested,2,
reperisset,la,reperio,suggested,2,
repetendum,la,repeto,suggested,2,
repressi,la,reprimo,suggested,2,
repugnabat,la,repugno,suggested,2,
rer,la,rer,suggested,2,
rescidit,la,rescindo,suggested,2,
rescivit,la,rescio,suggested,2,
residebat,la,resideo,suggested,2,
residentiam,la,residentia,suggested,2,
resistat,la,resisto,suggested,2,
resistentibus,la,resisto,suggested,2,
resistere,la,resisto,suggested,2,
responderunt,la,respondeo,suggested,2,
restitutione,la,restitutio,suggested,2,
restitutos,la,restituo,suggested,2,
retulit,la,refero,suggested,2,
reverende,la,Reverenda,suggested,2,
reverendissimo,la,reverendor,suggested,2,
revocant,la,revoco,suggested,2,
rigore,la,rigor,suggested,2,
ritu,la,ritus,suggested,2,
rosarium,la,rosarius,suggested,2,
rum,la,rus,suggested,2,
rumore,la,rumor,suggested,2,
saccum,la,saccus,suggested,2,
sacerdotes,la,sacerdos,suggested,2,
sacerdoti,la,sacerdos,suggested,2,
sacerdotibus,la,sacerdos,suggested,2,
sacerdotis,la,sacerdos,suggested,2,
sacerdotum,la,sacerdos,suggested,2,
sacram,la,sacer,suggested,2,
sacramenti,la,sacramentum,suggested,2,
sacrificiis,la,sacrificium,suggested,2,
sacrificium,la,sacrificium,suggested,2,
sacrificulus,la,sacrificulus,suggested,2,
saepissime,la,saepe,suggested,2,
sagittis,la,sagitta,suggested,2,
saluti,la,salus,suggested,2,
salvam,la,salvus,suggested,2,
salvatoris,la,saluator,suggested,2,
salvi,la,salvus,suggested,2,
salvus,la,salvus,suggested,2,
sancta,la,sanctus,suggested,2,
sanctam,la,sanctus,suggested,2,
sancte,la,sanctus,suggested,2,
sane,la,sane,suggested,2,
sanguinis,la,sanguis,suggested,2,
sassumano,la,sassimo,suggested,2,
schall,la,schall,suggested,2,
scichum,la,scichum,suggested,2,
sciebant,la,scio,suggested,2,
sciendum,la,scio,suggested,2,
sclopetariorum,la,sclopetarius,suggested,2,
scribenda,la,scribo,suggested,2,
scripsimus,la,scribo,suggested,2,
scutatorum,la,scuto,suggested,2,
secretiora,la,secretus,suggested,2,
sectariis,la,sectarius,suggested,2,
sectione,la,sectio,suggested,2,
secundo,la,secundus,suggested,2,
secundus,la,secundus,suggested,2,
secure,la,securis,suggested,2,
securi,la,securus,suggested,2,
securior,la,securus,suggested,2,
securos,la,securus,suggested,2,
securum,la,securus,suggested,2,
secutus,la,sequor,suggested,2,
seditione,la,seditio,suggested,2,
sedulo,la,sedulo,suggested,2,
seipsum,la,seipsum,suggested,2,
seminarium,la,seminarium,suggested,2,
sensu,la,sensus,suggested,2,
sententiae,la,sententia,suggested,2,
separatur,la,separo,suggested,2,
sept,la,sepd,suggested,2,
septembri,la,september,suggested,2,
sepulchra,la,sepulcrum,suggested,2,
seq,la,seq,suggested,2,
sequenda,la,sequor,suggested,2,
sequeretur,la,sequor,suggested,2,
sequi,la,sequor,suggested,2,
sequuntur,la,sequor,suggested,2,
sericorum,la,sericus,suggested,2,
servare,la,servo,suggested,2,
servat,la,servo,suggested,2,
servator,la,servator,suggested,2,
serviebant,la,servio,suggested,2,
servire,la,servio,suggested,2,
servitium,la,seruitium,suggested,2,
severe,la,severe,suggested,2,
sexcentesimi,la,sexcentesimus,suggested,2,
sexdecim,la,sexdecim,suggested,2,
sicq,la,sicq,suggested,2,
sigillatim,la,sigillatim,suggested,2,
significat,la,significo,suggested,2,
significavit,la,significo,suggested,2,
silentium,la,silentium,suggested,2,
simile,la,similis,suggested,2,
similis,la,similis,suggested,2,
simulatione,la,simulatio,suggested,2,
singulas,la,singulus,suggested,2,
singulos,la,singulus,suggested,2,
sinicos,la,sinicus,suggested,2,
sinicus,la,sinicus,suggested,2,
societas,la,societas,suggested,2,
solatium,la,solatius,suggested,2,
solebant,la,soleo,suggested,2,
solemne,la,sollemnis,suggested,2,
solito,la,solio,suggested,2,
sollemni,la,sollemnis,suggested,2,
sollicitus,la,sollicitus,suggested,2,
solos,la,solus,suggested,2,
sortem,la,sors,suggested,2,
spectabant,la,specto,suggested,2,
spectemus,la,specto,suggested,2,
spiritalibus,la,spiritalis,suggested,2,
splendidis,la,splendidus,suggested,2,
spoliarunt,la,spolio,suggested,2,
sponsione,la,sponsio,suggested,2,
stare,la,sto,suggested,2,
starent,la,sto,suggested,2,
stat,la,sto,suggested,2,
statibus,la,status,suggested,2,
statuam,la,statua,suggested,2,
statuisse,la,statuo,suggested,2,
statuunt,la,statuo,suggested,2,
stetit,la,sto,suggested,2,
stragem,la,strages,suggested,2,
stratagema,la,stratagema,suggested,2,
stratagemate,la,stratagema,suggested,2,
stringunt,la,stringo,suggested,2,
studia,la,studium,suggested,2,
studiis,la,studium,suggested,2,
studiosos,la,studiosus,suggested,2,
studium,la,studium,suggested,2,
stupore,la,stupor,suggested,2,
su,la,su,suggested,2,
suadebant,la,suadeo,suggested,2,
subditas,la,subdo,suggested,2,
subesse,la,subsum,suggested,2,
subiectos,la,subicio,suggested,2,
subiectum,la,subicio,suggested,2,
subiiciam,la,subicio,suggested,2,
subinde,la,subinde,suggested,2,
subitaneo,la,subitaneus,suggested,2,
subito,la,subito,suggested,2,
sublata,la,tollo,suggested,2,
sublatis,la,tollo,suggested,2,
sublato,la,tollo,suggested,2,
submiserunt,la,submitto,suggested,2,
submissione,la,submissio,suggested,2,
submittendo,la,submitto,suggested,2,
submittere,la,submitto,suggested,2,
subvenire,la,subvenio,suggested,2,
succedit,la,succedo,suggested,2,
successit,la,succedo,suggested,2,
successu,la,successus,suggested,2,
successum,la,successus,suggested,2,
sufficere,la,sufficio,suggested,2,
sufficiente,la,sufficiens,suggested,2,
summae,la,summus,suggested,2,
sumpsit,la,sumo,suggested,2,
sun,la,sun,suggested,2,
suosque,la,suos,suggested,2,
superabat,la,supero,suggested,2,
superare,la,supero,suggested,2,
superassent,la,supero,suggested,2,
superavit,la,supero,suggested,2,
superesse,la,supersum,suggested,2,
superiore,la,superus,suggested,2,
suppetias,la,suppetia,suggested,2,
suscepisse,la,suscipio,suggested,2,
suscepto,la,suscipio,suggested,2,
susceptum,la,suscipio,suggested,2,
suscipere,la,suscipio,suggested,2,
suscipiendum,la,suscipio,suggested,2,
suspendit,la,suspendo,suggested,2,
suspensos,la,suspendo,suggested,2,
suspicabantur,la,suspicor,suggested,2,
suspicione,la,suspicio,suggested,2,
suspicionem,la,suspicio,suggested,2,
sustinere,la,sustineo,suggested,2,
taceo,la,taceo,suggested,2,
tamdiu,la,tamdiu,suggested,2,
tamque,la,tamque,suggested,2,
tantopere,la,tantopere,suggested,2,
tar,la,tar,suggested,2,
tarazauandono,la,tarazauandonus,suggested,2,
tarazauandonum,la,tarazauandon,suggested,2,
tartara,la,tartarus,suggested,2,
tela,la,telum,suggested,2,
tempestate,la,tempestas,suggested,2,
templa,la,templum,suggested,2,
temporum,la,tempus,suggested,2,
tendebant,la,tendo,suggested,2,
tendit,la,tendo,suggested,2,
teneret,la,teneo,suggested,2,
tentari,la,tentor,suggested,2,
tentassent,la,tento,suggested,2,
terga,la,tergum,suggested,2,
ternis,la,ternus,suggested,2,
terrae,la,terra,suggested,2,
terrarum,la,terra,suggested,2,
terris,la,terra,suggested,2,
tertius,la,tertius,suggested,2,
tes,la,tes,suggested,2,
testimonium,la,testimonium,suggested,2,
thesaurum,la,thesaurus,suggested,2,
thienus,la,thienus,suggested,2,
thomae,la,Thomas,suggested,2,
thomam,la,Thomas,suggested,2,
ti,la,ti,suggested,2,
timuit,la,timeo,suggested,2,
tis,la,tis,suggested,2,
tolleretur,la,tollo,suggested,2,
tonus,la,tonus,suggested,2,
toties,la,toties,suggested,2,
tradit,la,trado,suggested,2,
tragoediam,la,tragoedia,suggested,2,
tranquilliorem,la,tranquillis,suggested,2,
tranquillus,la,tranquillus,suggested,2,
transeunt,la,transeo,suggested,2,
transferre,la,transfero,suggested,2,
transfixus,la,transfigo,suggested,2,
transiens,la,transeo,suggested,2,
transierunt,la,transeo,suggested,2,
transirent,la,transeo,suggested,2,
transitu,la,transitus,suggested,2,
tribulationes,la,tribulatio,suggested,2,
tribunalium,la,tribunalis,suggested,2,
tricenorum,la,tricenus,suggested,2,
trucidare,la,trucido,suggested,2,
tua,la,tuus,suggested,2,
tuae,la,tuus,suggested,2,
tumultum,la,tumultus,suggested,2,
tuo,la,tuus,suggested,2,
tuos,la,tuus,suggested,2,
turbam,la,turba,suggested,2,
turbaturam,la,turbatura,suggested,2,
tutela,la,tutela,suggested,2,
tutor,la,tutor,suggested,2,
tutorem,la,tutor,suggested,2,
tyrannidem,la,tyrannis,suggested,2,
ubicumque,la,ubicumque,suggested,2,
ullum,la,ullus,suggested,2,
ulteriorem,la,ulterior,suggested,2,
ulti,la,ultus,suggested,2,
ultimis,la,ultimus,suggested,2,
undequaque,la,undequaque,suggested,2,
unitis,la,unio,suggested,2,
universa,la,universus,suggested,2,
universi,la,universus,suggested,2,
universum,la,universus,suggested,2,
urgente,la,urgeo,suggested,2,
usangueio,la,Usangueius,suggested,2,
usurpare,la,usurpo,suggested,2,
usus,la,usus,suggested,2,
utebantur,la,utor,suggested,2,
uterque,la,uterque,suggested,2,
utpote,la,utpote,suggested,2,
utrique,la,uterque,suggested,2,
utriusque,la,uterque,suggested,2,
utrumque,la,uterque,suggested,2,
utut,la,utut,suggested,2,
uxor,la,uxor,suggested,2,
uxoris,la,uxor,suggested,2,
vacuas,la,vacuus,suggested,2,
valentino,la,Valentinus,suggested,2,
vanliei,la,vanlies,suggested,2,
vasallorum,la,vasallus,suggested,2,
vastant,la,vasto,suggested,2,
vastarunt,la,vasto,suggested,2,
vastitatem,la,vastitas,suggested,2,
veneratione,la,veneratio,suggested,2,
veniamus,la,venio,suggested,2,
veniret,la,venio,suggested,2,
venisse,la,venio,suggested,2,
venter,la,venter,suggested,2,
ventris,la,venter,suggested,2,
venxui,la,venxus,suggested,2,
vereremur,la,vereo,suggested,2,
veritas,la,ueritas,suggested,2,
veritati,la,veritas,suggested,2,
versabatur,la,verso,suggested,2,
verumetiam,la,verumetia,suggested,2,
vestrarum,la,vester,suggested,2,
veterem,la,vetus,suggested,2,
veteri,la,vetus,suggested,2,
veteribus,la,vetus,suggested,2,
vetitum,la,vetio,suggested,2,
vetuit,la,vetuo,suggested,2,
vexillis,la,vexillum,suggested,2,
vicario,la,uicarius,suggested,2,
vicena,la,viceni,suggested,2,
viceprovincialis,la,viceprovincialis,suggested,2,
vicinas,la,vicinus,suggested,2,
vicissitudine,la,vicissitudo,suggested,2,
victi,la,vinco,suggested,2,
victoriarum,la,victoria,suggested,2,
vid,la,vis,suggested,2,
videantur,la,video,suggested,2,
videatur,la,video,suggested,2,
videbimus,la,video,suggested,2,
videns,la,video,suggested,2,
viderant,la,video,suggested,2,
viderent,la,video,suggested,2,
videt,la,video,suggested,2,
vilissimus,la,vilus,suggested,2,
vinci,la,vinco,suggested,2,
vinculis,la,vinculum,suggested,2,
vinculo,la,vinculum,suggested,2,
vindictae,la,vindicta,suggested,2,
violentas,la,violentus,suggested,2,
vir,la,uir,suggested,2,
virgarum,la,virga,suggested,2,
virginis,la,uirgo,suggested,2,
virum,la,vir,suggested,2,
viscera,la,viscera,suggested,2,
visi,la,uideo,suggested,2,
visitationibus,la,visitatio,suggested,2,
visitato,la,visito,suggested,2,
visitatorem,la,visitator,suggested,2,
viso,la,video,suggested,2,
vivebat,la,vivo,suggested,2,
vivit,la,vivo,suggested,2,
vixque,la,vixque,suggested,2,
voaranos,la,voaranus,suggested,2,
vocarunt,la,voco,suggested,2,
vocatum,la,voco,suggested,2,
volo,la,uolo,suggested,2,
volumina,la,volumen,suggested,2,
volunt,la,volo,suggested,2,
voluntariam,la,voluntarius,suggested,2,
voluntate,la,voluntas,suggested,2,
voluntatem,la,voluntas,suggested,2,
voluptate,la,voluptas,suggested,2,
vt,la,vt,suggested,2,
vulgus,la,vulgus,suggested,2,
vultu,la,vultus,suggested,2,
vultum,la,vultus,suggested,2,
xaoking,la,Xaokinus,suggested,2,
yuenum,la,yuenus,suggested,2,
yupi,la,yupus,suggested,2,
zungchinium,la,Zungchinius,suggested,2,
10,la,10,suggested,1,
13,la,13,suggested,1,
131,la,131,suggested,1,
14,la,14,suggested,1,
1581,la,1581,suggested,1,
1587,la,1587,suggested,1,
159,la,159,suggested,1,
1631,la,1631,suggested,1,
1633,la,1633,suggested,1,
1638,la,1638,suggested,1,
1643,la,1643,suggested,1,
1656,la,1656,suggested,1,
1665,la,1665,suggested,1,
1667,la,1667,suggested,1,
1668,la,1668,suggested,1,
1669,la,1669,suggested,1,
1681,la,1681,suggested,1,
17,la,17,suggested,1,
21,la,21,suggested,1,
38,la,38,suggested,1,
4,la,4,suggested,1,
55,la,55,suggested,1,
abdere,la,abdo,suggested,1,
abdiderunt,la,abdo,suggested,1,
abdidit,la,abdo,suggested,1,
abducti,la,abduco,suggested,1,
abduxerant,la,abduco,suggested,1,
abduxerat,la,abduco,suggested,1,
aberrabat,la,aberro,suggested,1,
abessent,la,absum,suggested,1,
abesset,la,absum,suggested,1,
abest,la,absum,suggested,1,
abfuerunt,la,abfo,suggested,1,
abhorret,la,abhorreo,suggested,1,
abiecissent,la,abicio,suggested,1,
abiectissimis,la,abiectus,suggested,1,
abiecto,la,abicio,suggested,1,
abiisse,la,abieo,suggested,1,
abiit,la,abeo,suggested,1,
abire,la,abeo,suggested,1,
ablatis,la,aufero,suggested,1,
ablatum,la,affero,suggested,1,
ablegabat,la,ablego,suggested,1,
ablegarentur,la,ablego,suggested,1,
ablegarunt,la,ablego,suggested,1,
ablegati,la,ablego,suggested,1,
abluentes,la,abluo,suggested,1,
abluti,la,abluo,suggested,1,
abnavigavit,la,abnavigo,suggested,1,
abnegandum,la,abnego,suggested,1,
abnuisset,la,abneo,suggested,1,
abolendam,la,aboleo,suggested,1,
abolitionem,la,abolitio,suggested,1,
abominari,la,abomino,suggested,1,
abradebant,la,abradeo,suggested,1,
abraderent,la,abradeo,suggested,1,
abrepta,la,abripio,suggested,1,
abreptos,la,abripio,suggested,1,
abs,la,ab,suggested,1,
abscedere,la,abscedo,suggested,1,
absentia,la,absentia,suggested,1,
absimiles,la,absimilis,suggested,1,
absit,la,absum,suggested,1,
absolutissimi,la,absolutus,suggested,1,
absoluto,la,absoluo,suggested,1,
absorpti,la,absorptus,suggested,1,
absterreri,la,absterro,suggested,1,
abstinebant,la,abstineo,suggested,1,
abstinere,la,abstineo,suggested,1,
abstinuisse,la,abstineo,suggested,1,
abstinuit,la,abstineo,suggested,1,
abstractus,la,abstraho,suggested,1,
abstrahi,la,abstraho,suggested,1,
absumpsisse,la,absumo,suggested,1,
abundantissima,la,abundantus,suggested,1,
abundat,la,abundo,suggested,1,
abundent,la,abundo,suggested,1,
abusu,la,abusus,suggested,1,
abusus,la,abusus,suggested,1,
abutens,la,abuto,suggested,1,
academias,la,Academias,suggested,1,
acascicamone,la,acascicamo,suggested,1,
accedat,la,accedo,suggested,1,
accedentibus,la,accedo,suggested,1,
accedere,la,accedo,suggested,1,
accedunt,la,accedo,suggested,1,
accenderet,la,accendo,suggested,1,
accenseas,la,accenseo,suggested,1,
acceperant,la,accipio,suggested,1,
acceperat,la,accipio,suggested,1,
acceperit,la,accipio,suggested,1,
accepissent,la,accipio,suggested,1,
acceptas,la,accipio,suggested,1,
acceptetur,la,accepto,suggested,1,
acceptis,la,accipio,suggested,1,
accepto,la,accipio,suggested,1,
accerrime,la,accer,suggested,1,
accersit,la,accergo,suggested,1,
accesserant,la,accedo,suggested,1,
accesserunt,la,accedo,suggested,1,
accessione,la,accessio,suggested,1,
accessionem,la,accessio,suggested,1,
acciderit,la,accido,suggested,1,
accidisse,la,accido,suggested,1,
accipere,la,accipio,suggested,1,
acciperent,la,accipio,suggested,1,
accipit,la,accipio,suggested,1,
accitae,la,accio,suggested,1,
accivit,la,accio,suggested,1,
accivitis,la,accives,suggested,1,
acco,la,acco,suggested,1,
accurata,la,accuratus,suggested,1,
accurate,la,accurate,suggested,1,
accuratius,la,accurate,suggested,1,
accusabat,la,accuso,suggested,1,
accusationes,la,accusatio,suggested,1,
accusationum,la,accusatio,suggested,1,
accusatori,la,accusator,suggested,1,
accusatus,la,accuso,suggested,1,
acerbis,la,acerbus,suggested,1,
acerbissimae,la,acerbus,suggested,1,
acerrime,la,acer,suggested,1,
acerrimis,la,acer,suggested,1,
achilleus,la,achilleus,suggested,1,
acie,la,acies,suggested,1,
aciem,la,acies,suggested,1,
acies,la,acies,suggested,1,
acinace,la,acinacis,suggested,1,
acinacem,la,acinax,suggested,1,
acinaces,la,acinax,suggested,1,
acquisivissent,la,acquisivo,suggested,1,
acre,la,acer,suggested,1,
acrem,la,acer,suggested,1,
acria,la,acrius,suggested,1,
acriores,la,acer,suggested,1,
acriq,la,acer,suggested,1,
acturi,la,ao,suggested,1,
acturum,la,ago,suggested,1,
actuum,la,actus,suggested,1,
acumen,la,acumen,suggested,1,
adactis,la,adigo,suggested,1,
adamantinum,la,adamantinus,suggested,1,
adamum,la,adamus,suggested,1,
adamus,la,adamus,suggested,1,
addebamus,la,addo,suggested,1,
addebatur,la,addo,suggested,1,
addendum,la,addo,suggested,1,
addere,la,addo,suggested,1,
adderemus,la,addo,suggested,1,
adderet,la,addo,suggested,1,
addicta,la,addico,suggested,1,
addictus,la,addico,suggested,1,
addiscendis,la,addisco,suggested,1,
additis,la,addo,suggested,1,
addituram,la,addo,suggested,1,
adducar,la,adduco,suggested,1,
adducentes,la,adduco,suggested,1,
adduceret,la,adduco,suggested,1,
adductis,la,adduco,suggested,1,
adducturi,la,adducio,suggested,1,
adducturum,la,adduco,suggested,1,
adducturus,la,adduco,suggested,1,
adduxerat,la,adduco,suggested,1,
adduxere,la,addco,suggested,1,
adduxerunt,la,adduco,suggested,1,
adduxissent,la,adduco,suggested,1,
adduxit,la,adduco,suggested,1,
ade,la,ade,suggested,1,
ademit,la,adimo,suggested,1,
ademptaque,la,ademptaque,suggested,1,
adeptus,la,adipiscor,suggested,1,
aderant,la,adsum,suggested,1,
aderat,la,adsum,suggested,1,
aderis,la,adsum,suggested,1,
aderit,la,adsum,suggested,1,
adessent,la,adsum,suggested,1,
adeund,la,adeo,suggested,1,
adeundo,la,adeo,suggested,1,
adferebant,la,affero,suggested,1,
adferre,la,affero,suggested,1,
adferrent,la,afferro,suggested,1,
adfuere,la,adfuereque,suggested,1,
adfuturum,la,adfsum,suggested,1,
adhaesisset,la,adhaetto,suggested,1,
adhiberent,la,adhibeo,suggested,1,
adhiberentur,la,adhibeo,suggested,1,
adhibitis,la,adhibeo,suggested,1,
adhibuere,la,adhibeo,suggested,1,
adhibuit,la,adhibeo,suggested,1,
adi,la,ado,suggested,1,
adieci,la,adiicio,suggested,1,
adiecto,la,adicio,suggested,1,
adierunt,la,adeo,suggested,1,
adigere,la,adigo,suggested,1,
adiimus,la,adieo,suggested,1,
adiisset,la,adeo,suggested,1,
adiit,la,adeo,suggested,1,
adirent,la,adeo,suggested,1,
adisgnaturum,la,adisgno,suggested,1,
adit,la,adeo,suggested,1,
adiumento,la,adiumentum,suggested,1,
adiunctis,la,adiungo,suggested,1,
adiuncto,la,adiungo,suggested,1,
adiungamus,la,adiungo,suggested,1,
adiungant,la,adiungo,suggested,1,
adiungebant,la,adiungo,suggested,1,
adiungeret,la,adiungo,suggested,1,
adiunxerat,la,adiungo,suggested,1,
adiunximus,la,adiunximus,suggested,1,
adiunxisset,la,adiungo,suggested,1,
adiurabant,la,adiuro,suggested,1,
adiuti,la,adiuuo,suggested,1,
administrandi,la,administro,suggested,1,
administrasset,la,administro,suggested,1,
administrationem,la,administratio,suggested,1,
administratorum,la,administro,suggested,1,
administravi,la,administro,suggested,1,
admir,la,admir,suggested,1,
admirabili,la,admirabilis,suggested,1,
admirabilium,la,admirabilis,suggested,1,
admiratio,la,admiratio,suggested,1,
admirationem,la,admiratio,suggested,1,
admiremur,la,admiror,suggested,1,
admiser,la,admiser,suggested,1,
admiserant,la,admitto,suggested,1,
admiserat,la,admitto,suggested,1,
admiserint,la,admitto,suggested,1,
admisissent,la,admitto,suggested,1,
admissas,la,admitto,suggested,1,
admissis,la,admitto,suggested,1,
admissurum,la,admitto,suggested,1,
admissus,la,admitto,suggested,1,
admittat,la,admitto,suggested,1,
admittebatur,la,admitto,suggested,1,
admittendas,la,admitto,suggested,1,
admitterent,la,admitto,suggested,1,
admittit,la,admitto,suggested,1,
admitunt,la,admito,suggested,1,
admo,la,admo,suggested,1,
admoneat,la,admoneo,suggested,1,
admonendum,la,admoneo,suggested,1,
admonens,la,admoneo,suggested,1,
admonere,la,admoneo,suggested,1,
admoneretur,la,admoneo,suggested,1,
admonet,la,admoneo,suggested,1,
admunerando,la,admunero,suggested,1,
adolescentia,la,adolescentia,suggested,1,
adolescentis,la,adolescens,suggested,1,
adolescentulus,la,adolescentulus,suggested,1,
adoptatam,la,adopto,suggested,1,
adoptivus,la,adoptivus,suggested,1,
adorandam,la,adoro,suggested,1,
adoraretur,la,adoro,suggested,1,
adoriri,la,adorior,suggested,1,
adoritur,la,adorior,suggested,1,
adornata,la,adorno,suggested,1,
adprecandum,la,adprecor,suggested,1,
adsciscere,la,adscisco,suggested,1,
adsciscerent,la,adscisco,suggested,1,
adscivit,la,adscio,suggested,1,
adscribi,la,ascrio,suggested,1,
adscriptos,la,adscribo,suggested,1,
adsignaturum,la,adsigno,suggested,1,
adsignavimus,la,adsigno,suggested,1,
adstabant,la,asto,suggested,1,
adstatum,la,Adstatus,suggested,1,
adulabantur,la,adulor,suggested,1,
adv,la,adv,suggested,1,
advectas,la,adveho,suggested,1,
advehebantur,la,advehor,suggested,1,
advener,la,advener,suggested,1,
advenere,la,advenio,suggested,1,
advenientibus,la,advenio,suggested,1,
advenire,la,advenio,suggested,1,
adveniret,la,advenio,suggested,1,
adventare,la,advento,suggested,1,
adversa,la,adversus,suggested,1,
adversabantur,la,adversor,suggested,1,
adversari,la,adversarius,suggested,1,
adversariis,la,adversarius,suggested,1,
adversario,la,adversarius,suggested,1,
adversarios,la,adversarius,suggested,1,
adversarius,la,adversarius,suggested,1,
adversas,la,adversus,suggested,1,
adversis,la,adverto,suggested,1,
adversitatibus,la,adversitas,suggested,1,
advertisset,la,adverto,suggested,1,
advigilarent,la,advigilo,suggested,1,
advocare,la,advoco,suggested,1,
advocatur,la,advoco,suggested,1,
advolant,la,advolo,suggested,1,
advolaret,la,advolo,suggested,1,
advolarint,la,advolo,suggested,1,
advolaturas,la,advolatura,suggested,1,
aedificarent,la,aedifico,suggested,1,
aedificationi,la,aedificatio,suggested,1,
aedificent,la,aedifico,suggested,1,
aegrotare,la,aegroto,suggested,1,
aegrotos,la,aegrotus,suggested,1,
aegrotum,la,aegrotus,suggested,1,
aemulationi,la,aemulatio,suggested,1,
aemuli,la,aemulus,suggested,1,
aemulis,la,aemula,suggested,1,
aemulo,la,aemulus,suggested,1,
aemulum,la,aemulum,suggested,1,
aequale,la,aequalis,suggested,1,
aequaret,la,aequo,suggested,1,
aequasset,la,aequo,suggested,1,
aequatae,la,aequo,suggested,1,
aequatas,la,aequo,suggested,1,
aequato,la,aequo,suggested,1,
aequi,la,aequus,suggested,1,
aequiore,la,aequus,suggested,1,
aequitatis,la,aequitas,suggested,1,
aere,la,aer,suggested,1,
aerumna,la,aerumna,suggested,1,
aerumnae,la,aerumna,suggested,1,
aerumnoso,la,aerumnosus,suggested,1,
aestas,la,aestas,suggested,1,
aestimanda,la,aestimo,suggested,1,
aestimat,la,aestimo,suggested,1,
aestimatam,la,aestimo,suggested,1,
aestimatio,la,aestimatio,suggested,1,
aestimatione,la,aestimatio,suggested,1,
aestimationem,la,aestimatio,suggested,1,
aetatem,la,aetas,suggested,1,
aeternam,la,aeternus,suggested,1,
aeternitatem,la,aeternitas,suggested,1,
aeviternum,la,aeviternus,suggested,1,
affantur,la,affo,suggested,1,
affatur,la,affo,suggested,1,
affecerat,la,afficio,suggested,1,
affecerit,la,afficio,suggested,1,
affect,la,affeo,suggested,1,
affectos,la,afficio,suggested,1,
afferebantur,la,affero,suggested,1,
afferre,la,affero,suggested,1,
afficeremur,la,afficio,suggested,1,
afficeret,la,afficio,suggested,1,
afficiebat,la,afficio,suggested,1,
afficit,la,afficio,suggested,1,
afficiunt,la,afficio,suggested,1,
affigere,la,affigo,suggested,1,
affinitatem,la,affinitas,suggested,1,
affirmabat,la,affirmo,suggested,1,
affirment,la,affirmo,suggested,1,
afflictati,la,afflicto,suggested,1,
afflicti,la,affligo,suggested,1,
afflictionem,la,afflictio,suggested,1,
afflictioni,la,afflictio,suggested,1,
affligeremur,la,affligio,suggested,1,
afflixit,la,affligo,suggested,1,
affulget,la,affulgo,suggested,1,
affuturum,la,affsum,suggested,1,
afonodangii,la,afonodango,suggested,1,
agamus,la,ago,suggested,1,
agant,la,ago,suggested,1,
agend,la,ago,suggested,1,
agenda,la,ago,suggested,1,
agendas,la,ago,suggested,1,
agendis,la,ago,suggested,1,
agendo,la,ago,suggested,1,
agentes,la,ago,suggested,1,
agerent,la,ago,suggested,1,
ageretur,la,ago,suggested,1,
agetur,la,ago,suggested,1,
aggerem,la,agger,suggested,1,
aggeribus,la,agger,suggested,1,
aggeris,la,agger,suggested,1,
aggredi,la,aggredior,suggested,1,
aggrediatur,la,aggredior,suggested,1,
aggredior,la,aggredior,suggested,1,
aggregabantur,la,aggrego,suggested,1,
aggregarant,la,aggrego,suggested,1,
aggregarunt,la,aggrego,suggested,1,
aggregata,la,aggrego,suggested,1,
aggregati,la,aggrego,suggested,1,
aggressi,la,aggredior,suggested,1,
aggressus,la,aggredior,suggested,1,
agi,la,ago,suggested,1,
agit,la,ago,suggested,1,
agitantes,la,agito,suggested,1,
agitati,la,agito,suggested,1,
agminibus,la,agmen,suggested,1,
agnis,la,agnus,suggested,1,
agnito,la,agnio,suggested,1,
agnomen,la,agnomen,suggested,1,
agnorum,la,agnus,suggested,1,
agnoscas,la,agnosco,suggested,1,
agnoscebatur,la,agnosco,suggested,1,
agnoscere,la,agnosco,suggested,1,
agnosceret,la,agnosco,suggested,1,
agnoscimus,la,agnosco,suggested,1,
agnoscit,la,agnosco,suggested,1,
agriculturae,la,agricultura,suggested,1,
agros,la,ager,suggested,1,
agrum,la,ager,suggested,1,
alacrem,la,alacer,suggested,1,
alacriores,la,alacer,suggested,1,
alacriter,la,alacriter,suggested,1,
alacrius,la,alacriter,suggested,1,
albo,la,albus,suggested,1,
album,la,albus,suggested,1,
aleam,la,alea,suggested,1,
alendae,la,alo,suggested,1,
alentes,la,alo,suggested,1,
alexander,la,alexander,suggested,1,
alexandri,la,Alexandrus,suggested,1,
alexandrum,la,alexander,suggested,1,
alga,la,alga,suggested,1,
ali,la,al,suggested,1,
aliasq,la,aliasq,suggested,1,
aliasque,la,aliasque,suggested,1,
aliave,la,aliavus,suggested,1,
alicubi,la,alicubi,suggested,1,
aliena,la,alienus,suggested,1,
alieno,la,alienus,suggested,1,
aliisq,la,aliius,suggested,1,
alimenta,la,alimentum,suggested,1,
alioq,la,alius,suggested,1,
aliove,la,aliovus,suggested,1,
aliquantisper,la,aliquantisper,suggested,1,
aliquorum,la,aliquis,suggested,1,
aliquousque,la,aliquousque,suggested,1,
allatae,la,allo,suggested,1,
allatis,la,allo,suggested,1,
allaturus,la,allo,suggested,1,
allatus,la,allo,suggested,1,
alligabat,la,alligo,suggested,1,
alloquendi,la,alloquor,suggested,1,
alloquitur,la,alloquor,suggested,1,
alluitur,la,alluo,suggested,1,
almeida,la,almeidus,suggested,1,
alphonsus,la,alphonsus,suggested,1,
alta,la,altus,suggested,1,
altari,la,altare,suggested,1,
alteras,la,alter,suggested,1,
alteriusque,la,alteriusque,suggested,1,
alterumve,la,alterumve,suggested,1,
altiores,la,altus,suggested,1,
altissima,la,altus,suggested,1,
altissimi,la,altus,suggested,1,
altius,la,alte,suggested,1,
alto,la,altus,suggested,1,
altum,la,altus,suggested,1,
alumnis,la,alumna,suggested,1,
alvarus,la,alvarus,suggested,1,
amacusadonum,la,amacusadonus,suggested,1,
amacusae,la,amacusus,suggested,1,
amacusana,la,amacusanus,suggested,1,
amaguti,la,amagutus,suggested,1,
amahan,la,amahan,suggested,1,
amandando,la,amando,suggested,1,
amandaret,la,amando,suggested,1,
amandavimus,la,amando,suggested,1,
amandavit,la,amando,suggested,1,
amangutio,la,amangutio,suggested,1,
amant,la,amo,suggested,1,
amanter,la,amanter,suggested,1,
amantes,la,amo,suggested,1,
amantibus,la,amo,suggested,1,
amaret,la,amo,suggested,1,
amariores,la,amarior,suggested,1,
amat,la,amo,suggested,1,
amavang,la,amavai,suggested,1,
amavango,la,amavangus,suggested,1,
amavangum,la,Amavangus,suggested,1,
amazon,la,amazon,suggested,1,
amazonem,la,Amazo,suggested,1,
ambabusq,la,ambabusqs,suggested,1,
ambages,la,ambages,suggested,1,
ambiguitate,la,ambiguitas,suggested,1,
ambit,la,ambio,suggested,1,
ambitiosa,la,ambitiosus,suggested,1,
ambitu,la,ambitus,suggested,1,
ambitum,la,ambitus,suggested,1,
ambitus,la,ambitus,suggested,1,
ambobus,la,ambo,suggested,1,
ambulantem,la,ambulo,suggested,1,
amens,la,amens,suggested,1,
americae,la,americus,suggested,1,
amic,la,amic,suggested,1,
amicissimus,la,amicus,suggested,1,
amicitiae,la,amicitia,suggested,1,
amico,la,amicus,suggested,1,
amicorum,la,amicus,suggested,1,
amiseramus,la,amisetto,suggested,1,
amiserat,la,amitto,suggested,1,
amiserimus,la,amitto,suggested,1,
amiserunt,la,amitto,suggested,1,
amisisset,la,amitto,suggested,1,
amisso,la,amitto,suggested,1,
amissorum,la,amitto,suggested,1,
amittendi,la,amitto,suggested,1,
amoenae,la,amoenus,suggested,1,
amoenissimam,la,amoenus,suggested,1,
amoreq,la,amor,suggested,1,
amori,la,amor,suggested,1,
amorisque,la,amorisque,suggested,1,
amoveret,la,amoveo,suggested,1,
amplectebantur,la,amplecto,suggested,1,
amplectebatur,la,amplector,suggested,1,
amplectendas,la,amplecto,suggested,1,
amplexantes,la,amplexo,suggested,1,
amplexati,la,amplexo,suggested,1,
ampliorem,la,amplus,suggested,1,
ampliores,la,amplus,suggested,1,
ampliori,la,amplus,suggested,1,
amplissima,la,amplus,suggested,1,
amplissimae,la,amplus,suggested,1,
amplissimam,la,amplus,suggested,1,
amplissimis,la,amplus,suggested,1,
amputandum,la,amputo,suggested,1,
ancocugo,la,ancocugus,suggested,1,
ancocugum,la,ancocugus,suggested,1,
ancta,la,ango,suggested,1,
anctae,la,anctus,suggested,1,
ancti,la,anctus,suggested,1,
andreas,la,Andreas,suggested,1,
angeli,la,angelus,suggested,1,
angore,la,angor,suggested,1,
angoribus,la,angor,suggested,1,
anian,la,Anianus,suggested,1,
animadversus,la,animadverto,suggested,1,
animadverteremus,la,animadverto,suggested,1,
animadverterent,la,animadverto,suggested,1,
animalium,la,animal,suggested,1,
animandas,la,animo,suggested,1,
animor,la,animor,suggested,1,
animose,la,animose,suggested,1,
animosi,la,animosus,suggested,1,
animumque,la,animumque,suggested,1,
ann,la,ann,suggested,1,
annexo,la,annecto,suggested,1,
annonae,la,annona,suggested,1,
annu,la,annus,suggested,1,
annuae,la,annuus,suggested,1,
annuarum,la,annuus,suggested,1,
annuente,la,adnuo,suggested,1,
annuentem,la,annuens,suggested,1,
annuentibus,la,annuentus,suggested,1,
annunciandi,la,annuncio,suggested,1,
annuntiabant,la,annuntio,suggested,1,
annuo,la,annuus,suggested,1,
annuos,la,annuus,suggested,1,
antam,la,anta,suggested,1,
antecellere,la,antecello,suggested,1,
antegressa,la,antegredior,suggested,1,
antesignanis,la,antesignanus,suggested,1,
antesignano,la,antesignanus,suggested,1,
antesignanum,la,antesignanus,suggested,1,
antiano,la,Antianum,suggested,1,
antianorum,la,antianus,suggested,1,
antidotum,la,antidotus,suggested,1,
antiqua,la,antiquus,suggested,1,
antiquam,la,antiquus,suggested,1,
antiquas,la,antiquus,suggested,1,
antiqui,la,antiquus,suggested,1,
antiquissima,la,antiquus,suggested,1,
antiquo,la,antiquus,suggested,1,
antiquos,la,antiquus,suggested,1,
antiquus,la,antiquus,suggested,1,
antistite,la,antistites,suggested,1,
antonium,la,Antonius,suggested,1,
antr,la,antr,suggested,1,
anxium,la,anxius,suggested,1,
aperienda,la,aperio,suggested,1,
aperiendae,la,aperio,suggested,1,
aperientibus,la,aperio,suggested,1,
aperte,la,aperte,suggested,1,
apertum,la,aperio,suggested,1,
aperuere,la,apereo,suggested,1,
aperuisset,la,aperio,suggested,1,
apostolicas,la,apostolicus,suggested,1,
apostolici,la,apostolicus,suggested,1,
apostolicos,la,apostolicus,suggested,1,
apparebat,la,appareo,suggested,1,
apparent,la,appareo,suggested,1,
apparerent,la,appareo,suggested,1,
appareret,la,appareo,suggested,1,
apparuerit,la,appareo,suggested,1,
appellant,la,appello,suggested,1,
appellare,la,appello,suggested,1,
appellarent,la,appello,suggested,1,
appellata,la,appello,suggested,1,
appellatus,la,appello,suggested,1,
appellavit,la,appello,suggested,1,
appendicem,la,appendico,suggested,1,
appingimus,la,appingo,suggested,1,
applaudentibus,la,applaudo,suggested,1,
applicare,la,applico,suggested,1,
applicatae,la,applico,suggested,1,
applicaverunt,la,applico,suggested,1,
apposite,la,appono,suggested,1,
apprime,la,apprime,suggested,1,
appulerant,la,appello,suggested,1,
appulimus,la,appulo,suggested,1,
appulit,la,appello,suggested,1,
appulsus,la,appello,suggested,1,
apricum,la,apricus,suggested,1,
aprili,la,Aprilus,suggested,1,
aptissimae,la,aptus,suggested,1,
aptissimum,la,aptus,suggested,1,
aquam,la,aqua,suggested,1,
aram,la,ara,suggested,1,
aratro,la,aratrum,suggested,1,
arbitramur,la,arbitror,suggested,1,
arbitrio,la,arbitrium,suggested,1,
arbitrium,la,arbitrium,suggested,1,
arbor,la,arbor,suggested,1,
arbore,la,arbor,suggested,1,
arcem,la,arx,suggested,1,
arcerent,la,arceo,suggested,1,
arcerentur,la,arceo,suggested,1,
arceret,la,arceo,suggested,1,
arceretur,la,arceo,suggested,1,
arcta,la,argo,suggested,1,
arctissima,la,arctus,suggested,1,
arctissimam,la,arctus,suggested,1,
arctissimo,la,arctus,suggested,1,
arcu,la,arcus,suggested,1,
ardorem,la,ardor,suggested,1,
argenteis,la,argenteus,suggested,1,
arima,la,arima,suggested,1,
arimandono,la,Arimandonus,suggested,1,
arimandonus,la,arimandonus,suggested,1,
arimani,la,arimanus,suggested,1,
arimano,la,arimanus,suggested,1,
arimensem,la,Arimensis,suggested,1,
arimondonum,la,arimondonus,suggested,1,
ariolis,la,ariolus,suggested,1,
armarunt,la,armo,suggested,1,
armatis,la,armatus,suggested,1,
armatorum,la,armatus,suggested,1,
armatum,la,armo,suggested,1,
armatus,la,armo,suggested,1,
arrepta,la,arripio,suggested,1,
arrepto,la,arripio,suggested,1,
arreptum,la,arripio,suggested,1,
arrident,la,arrideo,suggested,1,
arripere,la,arripio,suggested,1,
arripienda,la,arripio,suggested,1,
arrogantem,la,arrogo,suggested,1,
articulo,la,articulus,suggested,1,
artificibus,la,artifex,suggested,1,
artubus,la,artus,suggested,1,
ascendet,la,ascendo,suggested,1,
ascendit,la,ascendo,suggested,1,
ascicamoni,la,ascicamon,suggested,1,
asciscere,la,ascisco,suggested,1,
asia,la,asia,suggested,1,
asiam,la,Asia,suggested,1,
asonodangium,la,asonodangium,suggested,1,
asonodongiani,la,asonodongianus,suggested,1,
aspectum,la,aspectus,suggested,1,
asperiora,la,asperior,suggested,1,
asperitates,la,asperitas,suggested,1,
aspernati,la,asperno,suggested,1,
asperrimos,la,asperrimus,suggested,1,
asperrimum,la,asperrimus,suggested,1,
aspirant,la,aspiro,suggested,1,
aspirante,la,aspiro,suggested,1,
aspirarent,la,aspiro,suggested,1,
asseclis,la,assecla,suggested,1,
asserem,la,assero,suggested,1,
asserens,la,assero,suggested,1,
asserum,la,asser,suggested,1,
asseveravit,la,assevero,suggested,1,
assidua,la,assiduus,suggested,1,
assiduae,la,assiduus,suggested,1,
assignando,la,assigno,suggested,1,
assignare,la,assigno,suggested,1,
assignata,la,assigno,suggested,1,
assignatos,la,assigno,suggested,1,
assuens,la,assuo,suggested,1,
assuetum,la,assuesco,suggested,1,
assumebat,la,assumo,suggested,1,
assumens,la,assumo,suggested,1,
assumptis,la,assumo,suggested,1,
astipulemur,la,astipulo,suggested,1,
astrinxerunt,la,astringo,suggested,1,
astutissimo,la,astutus,suggested,1,
atrium,la,atrium,suggested,1,
atrocia,la,atrocius,suggested,1,
atrocibus,la,atrox,suggested,1,
atrociore,la,atrocior,suggested,1,
atrocitatem,la,atrocitas,suggested,1,
atrox,la,atrox,suggested,1,
attamen,la,attamen,suggested,1,
attenderent,la,attendo,suggested,1,
attigerat,la,attingo,suggested,1,
attigi,la,attigo,suggested,1,
attigit,la,attingo,suggested,1,
attinet,la,attineo,suggested,1,
attingit,la,attingo,suggested,1,
attollens,la,attollo,suggested,1,
attolli,la,attollo,suggested,1,
attonitos,la,attonitus,suggested,1,
attrahendo,la,attraho,suggested,1,
attrahere,la,attraho,suggested,1,
attraxerunt,la,attraho,suggested,1,
attribuendum,la,attribuo,suggested,1,
attribuere,la,attribuo,suggested,1,
attribueretur,la,attribuo,suggested,1,
attributur,la,attribuo,suggested,1,
attulerant,la,atfero,suggested,1,
attulerit,la,affero,suggested,1,
au,la,au,suggested,1,
auctis,la,augeo,suggested,1,
auctorem,la,auctor,suggested,1,
auctoresq,la,auctoresus,suggested,1,
auctoribus,la,auctor,suggested,1,
auctoritatem,la,auctoritas,suggested,1,
auctum,la,augeo,suggested,1,
auctus,la,augeo,suggested,1,
audacia,la,audacia,suggested,1,
audaciaque,la,audaciaquus,suggested,1,
audax,la,audax,suggested,1,
audeant,la,audeo,suggested,1,
audebant,la,audeo,suggested,1,
audens,la,audeo,suggested,1,
audenter,la,audenter,suggested,1,
auderet,la,audeo,suggested,1,
audiat,la,audio,suggested,1,
audiebantur,la,audio,suggested,1,
audiebatur,la,audio,suggested,1,
audiendae,la,audio,suggested,1,
audiendis,la,audio,suggested,1,
audiens,la,audio,suggested,1,
audientiam,la,audientia,suggested,1,
audientium,la,audio,suggested,1,
audiit,la,audio,suggested,1,
audirent,la,audio,suggested,1,
audiret,la,audio,suggested,1,
audiretur,la,audio,suggested,1,
audisse,la,audio,suggested,1,
audit,la,audio,suggested,1,
audita,la,audio,suggested,1,
audito,la,audio,suggested,1,
auditores,la,auditor,suggested,1,
auditorum,la,audio,suggested,1,
audivere,la,audio,suggested,1,
aufugerent,la,aufugio,suggested,1,
aufugiens,la,aufugio,suggested,1,
aufugientes,la,aufugio,suggested,1,
augere,la,augeo,suggested,1,
augerentur,la,augeo,suggested,1,
augesceret,la,augesco,suggested,1,
augusto,la,augustus,suggested,1,
aulaeque,la,aulae,suggested,1,
aulicos,la,aulicus,suggested,1,
aulicum,la,aulicus,suggested,1,
aurae,la,aura,suggested,1,
aure,la,auris,suggested,1,
aureos,la,aureus,suggested,1,
auritus,la,auritus,suggested,1,
auspiciis,la,auspicium,suggested,1,
australiori,la,australis,suggested,1,
austriacum,la,Austriacus,suggested,1,
austriacus,la,austriacus,suggested,1,
author,la,author,suggested,1,
autillam,la,autilla,suggested,1,
autoritate,la,auctoritas,suggested,1,
autoritatis,la,autoritas,suggested,1,
autumni,la,autumnus,suggested,1,
auxerit,la,auco,suggested,1,
auxerunt,la,auco,suggested,1,
auxiliaque,la,auxiliaque,suggested,1,
auxiliares,la,auxiliaris,suggested,1,
auxilioque,la,auxilioque,suggested,1,
avaros,la,avarus,suggested,1,
avarum,la,avus,suggested,1,
aversum,la,averto,suggested,1,
avertant,la,averto,suggested,1,
avertendam,la,averto,suggested,1,
avide,la,avide,suggested,1,
avidius,la,avidius,suggested,1,
avorum,la,avus,suggested,1,
avum,la,avus,suggested,1,
avunculo,la,avunculus,suggested,1,
avunculos,la,avunculus,suggested,1,
ba,la,ba,suggested,1,
babylonem,la,babylon,suggested,1,
baiuli,la,baiulus,suggested,1,
baiulos,la,baiulus,suggested,1,
balthazarem,la,balthazares,suggested,1,
baptism,la,baptisa,suggested,1,
baptismatis,la,baptisma,suggested,1,
baptista,la,Baptista,suggested,1,
baptizandique,la,baptizandique,suggested,1,
baptizati,la,baptizo,suggested,1,
baptizatorum,la,baptizo,suggested,1,
baptizatus,la,baptizo,suggested,1,
barbam,la,barba,suggested,1,
barbaras,la,barbarus,suggested,1,
barbarie,la,barbaria,suggested,1,
barbaro,la,barbarus,suggested,1,
barrapeliotaeem,la,barrapeliotaeis,suggested,1,
batavia,la,batavia,suggested,1,
beati,la,beatus,suggested,1,
beatioremq,la,beatioo,suggested,1,
beatissimae,la,beatus,suggested,1,
bellam,la,bella,suggested,1,
bellamque,la,bellam,suggested,1,
bellantes,la,bello,suggested,1,
bellatum,la,bello,suggested,1,
bellicam,la,bellicus,suggested,1,
bellicar,la,bellicor,suggested,1,
bellicorum,la,bellicus,suggested,1,
belliger,la,belliger,suggested,1,
bellorum,la,bellum,suggested,1,
bellua,la,belua,suggested,1,
benedicti,la,Benedictus,suggested,1,
benedictionem,la,benedictio,suggested,1,
benefacere,la,benefacio,suggested,1,
benefici,la,beneficus,suggested,1,
beneficia,la,beneficium,suggested,1,
beneficiarius,la,beneficiarius,suggested,1,
beneficiatorum,la,beneficiatus,suggested,1,
beneficii,la,beneficium,suggested,1,
benevolentiam,la,benevolentia,suggested,1,
benevolentie,la,benevolentia,suggested,1,
benevolentissimi,la,benevolens,suggested,1,
benevolum,la,benevolus,suggested,1,
benignissimo,la,benignus,suggested,1,
benignitatis,la,benignitas,suggested,1,
benignum,la,benignus,suggested,1,
benignus,la,benignus,suggested,1,
beratus,la,beratus,suggested,1,
bernant,la,berno,suggested,1,
bestialibus,la,bestialis,suggested,1,
biblia,la,Biblia,suggested,1,
biennium,la,biennium,suggested,1,
bigense,la,bigensis,suggested,1,
bigensi,la,bigensus,suggested,1,
binae,la,bini,suggested,1,
bini,la,binum,suggested,1,
binis,la,binus,suggested,1,
bireti,la,bireo,suggested,1,
biretum,la,biretus,suggested,1,
bisque,la,bisque,suggested,1,
bitaret,la,bito,suggested,1,
blande,la,blande,suggested,1,
blanditias,la,blanditia,suggested,1,
blasphemiis,la,blasphemia,suggested,1,
bo,la,bum,suggested,1,
bolum,la,bolum,suggested,1,
bonique,la,bonique,suggested,1,
bonorumque,la,bonorumque,suggested,1,
bonos,la,bonus,suggested,1,
bonzum,la,bonzus,suggested,1,
boreali,la,borealis,suggested,1,
borealia,la,borealis,suggested,1,
borealibus,la,borealis,suggested,1,
borealiores,la,borealis,suggested,1,
borealis,la,borealis,suggested,1,
borealissima,la,borealis,suggested,1,
bosphori,la,bosphorus,suggested,1,
brachia,la,brachium,suggested,1,
breve,la,breuis,suggested,1,
breviarium,la,breviarium,suggested,1,
brevique,la,brevique,suggested,1,
brevis,la,brevis,suggested,1,
brevissime,la,breviter,suggested,1,
brevissimis,la,brevis,suggested,1,
brevitatis,la,brevitas,suggested,1,
bug,la,bug,suggested,1,
bugen,la,bugen,suggested,1,
bugense,la,bugensis,suggested,1,
bugensis,la,bugensis,suggested,1,
buglio,la,buglius,suggested,1,
bullio,la,bullius,suggested,1,
bungenses,la,bungenses,suggested,1,
bungum,la,bungus,suggested,1,
bus,la,bus,suggested,1,
byssi,la,byssus,suggested,1,
byssinum,la,byssinum,suggested,1,
byssus,la,byssus,suggested,1,
ca,la,ca,suggested,1,
cadavera,la,cado,suggested,1,
cadaveris,la,cado,suggested,1,
caderet,la,cado,suggested,1,
caeca,la,caecus,suggested,1,
caecutit,la,caecuto,suggested,1,
caedem,la,caedes,suggested,1,
caedibus,la,caedo,suggested,1,
caelatum,la,caelo,suggested,1,
caelaveramus,la,caelao,suggested,1,
caelesti,la,caelestis,suggested,1,
caenam,la,caena,suggested,1,
caenulas,la,caenula,suggested,1,
caeperamus,la,caeperamus,suggested,1,
caeperit,la,caepi,suggested,1,
caeperunt,la,caipio,suggested,1,
caepi,la,caepum,suggested,1,
caepimus,la,cao,suggested,1,
caeremonias,la,caeremonia,suggested,1,
caerimoniis,la,caerimonium,suggested,1,
caesarem,la,Caesar,suggested,1,
caesaris,la,caesar,suggested,1,
caesus,la,caedo,suggested,1,
caetera,la,caeter,suggested,1,
caeterique,la,caeteriquus,suggested,1,
caetero,la,caeterus,suggested,1,
caeterorum,la,caeterus,suggested,1,
caeteros,la,caeterus,suggested,1,
cainocamum,la,cainocamus,suggested,1,
caiyuen,la,Caiyues,suggested,1,
calamitatib,la,calamitas,suggested,1,
calamitatis,la,calamitas,suggested,1,
calamitatum,la,calamitas,suggested,1,
calamitoso,la,calamitosus,suggested,1,
calamo,la,calamus,suggested,1,
calcaribus,la,calcar,suggested,1,
calceis,la,calceus,suggested,1,
calceos,la,calceus,suggested,1,
calculis,la,calculus,suggested,1,
caligas,la,caliga,suggested,1,
calles,la,callis,suggested,1,
callide,la,callide,suggested,1,
calumniae,la,calumnia,suggested,1,
calumniam,la,calumnia,suggested,1,
cam,la,cam,suggested,1,
cami,la,camus,suggested,1,
camorum,la,camus,suggested,1,
campis,la,campus,suggested,1,
campo,la,campus,suggested,1,
campos,la,campus,suggested,1,
campus,la,campus,suggested,1,
camus,la,camus,suggested,1,
canalem,la,canalis,suggested,1,
canales,la,canalis,suggested,1,
canali,la,canalis,suggested,1,
candelam,la,candela,suggested,1,
candidis,la,candidus,suggested,1,
cangueraso,la,canguero,suggested,1,
canguetasi,la,cangueto,suggested,1,
canguetaso,la,canguetasus,suggested,1,
canitiem,la,canities,suggested,1,
cantillare,la,cantillo,suggested,1,
cantone,la,canto,suggested,1,
cantonem,la,Canto,suggested,1,
canzui,la,canzuus,suggested,1,
canzuidonus,la,canzuidonus,suggested,1,
canzuiedono,la,canzuiedonus,suggested,1,
canzuiedonum,la,canzuiedonus,suggested,1,
canzuiodono,la,canzuiodonus,suggested,1,
caociang,la,Caocianus,suggested,1,
capax,la,capax,suggested,1,
capere,la,capio,suggested,1,
caperet,la,capio,suggested,1,
caperetur,la,capio,suggested,1,
capi,la,capio,suggested,1,
capiat,la,capio,suggested,1,
capiebant,la,capio,suggested,1,
capiendam,la,capio,suggested,1,
capiendi,la,capio,suggested,1,
capillitium,la,capillitium,suggested,1,
capitale,la,capitalis,suggested,1,
capitali,la,capitalis,suggested,1,
capitalibus,la,capitalis,suggested,1,
capitalis,la,capitalis,suggested,1,
capitibus,la,caput,suggested,1,
capsula,la,capsula,suggested,1,
captivi,la,captivus,suggested,1,
captivis,la,captivus,suggested,1,
captivos,la,captivus,suggested,1,
captivum,la,captiuus,suggested,1,
captivus,la,captivus,suggested,1,
captum,la,capio,suggested,1,
carasanum,la,carasanus,suggested,1,
carcer,la,carcer,suggested,1,
carceri,la,carcer,suggested,1,
carceribus,la,carcer,suggested,1,
careant,la,careo,suggested,1,
carent,la,careo,suggested,1,
carentes,la,careo,suggested,1,
carentibus,la,careo,suggested,1,
caritas,la,caritas,suggested,1,
carnifici,la,carnificus,suggested,1,
carnificina,la,carnificina,suggested,1,
carnificis,la,carnifex,suggested,1,
carnificum,la,carnificus,suggested,1,
caro,la,caro,suggested,1,
caroli,la,Carolus,suggested,1,
carris,la,carrus,suggested,1,
carvaglius,la,Carvaglius,suggested,1,
cascar,la,cascar,suggested,1,
castellis,la,castellum,suggested,1,
castis,la,castus,suggested,1,
castoris,la,castor,suggested,1,
castorum,la,castus,suggested,1,
castris,la,castra,suggested,1,
cataphractos,la,cataphractus,suggested,1,
catastrophe,la,catastropx,suggested,1,
catayum,la,catayum,suggested,1,
catechesi,la,Catechesus,suggested,1,
catechismo,la,catechismus,suggested,1,
catechistae,la,catechista,suggested,1,
catechizandi,la,catechizo,suggested,1,
catharina,la,catharina,suggested,1,
catholicae,la,catholicus,suggested,1,
catholicaeque,la,Catholicaequus,suggested,1,
catholice,la,catholicus,suggested,1,
caudam,la,cauda,suggested,1,
caupones,la,caupo,suggested,1,
causamque,la,causam,suggested,1,
causarum,la,causa,suggested,1,
caut,la,caut,suggested,1,
cautica,la,cauticus,suggested,1,
cautione,la,cautio,suggested,1,
cautum,la,caveo,suggested,1,
caveis,la,cavea,suggested,1,
caveremus,la,caveo,suggested,1,
caverent,la,caveo,suggested,1,
caveret,la,caveo,suggested,1,
ceciderat,la,cecido,suggested,1,
cecidisse,la,cado,suggested,1,
cedendum,la,cedo,suggested,1,
cedit,la,cedo,suggested,1,
cedunt,la,cedo,suggested,1,
celebrab,la,celebrus,suggested,1,
celebraremus,la,celebro,suggested,1,
celebrati,la,celebro,suggested,1,
celebres,la,celeber,suggested,1,
cens,la,cens,suggested,1,
censerentur,la,censeo,suggested,1,
centena,la,centum,suggested,1,
centies,la,centiens,suggested,1,
ceperunt,la,capio,suggested,1,
cerebro,la,cerebro,suggested,1,
cerimonia,la,cerimonium,suggested,1,
cernebant,la,cerno,suggested,1,
cernentibus,la,cerno,suggested,1,
cernimus,la,cerno,suggested,1,
certa,la,certus,suggested,1,
certamine,la,certamen,suggested,1,
certamini,la,certor,suggested,1,
certatim,la,certatim,suggested,1,
certior,la,certus,suggested,1,
certiorem,la,certus,suggested,1,
certioresq,la,certius,suggested,1,
certis,la,certus,suggested,1,
certoque,la,certoque,suggested,1,
cervice,la,cervix,suggested,1,
cespedes,la,cespes,suggested,1,
cessa,la,cessa,suggested,1,
cesseris,la,cesdo,suggested,1,
cesserit,la,cesdo,suggested,1,
cessuros,la,cedo,suggested,1,
cessurus,la,ceo,suggested,1,
ceteras,la,ceterus,suggested,1,
ceterique,la,ceteriquus,suggested,1,
ceteros,la,ceterus,suggested,1,
chamorum,la,chamor,suggested,1,
changcheu,la,changcheu,suggested,1,
changhienchung,la,Changhienchuus,suggested,1,
changhienchungum,la,changhienchungus,suggested,1,
changhienchungus,la,changhienchungus,suggested,1,
changus,la,changus,suggested,1,
chaoking,la,Chaokinus,suggested,1,
charactere,la,character,suggested,1,
charam,la,charus,suggested,1,
charissimi,la,charus,suggested,1,
charitatis,la,charitas,suggested,1,
charus,la,charus,suggested,1,
chatking,la,Chatkinus,suggested,1,
cheuxan,la,cheuxus,suggested,1,
chinarum,la,chinar,suggested,1,
chinas,la,chinas,suggested,1,
chinenses,la,Chinensis,suggested,1,
ching,la,ching,suggested,1,
chorda,la,chor,suggested,1,
chrismatis,la,chrisma,suggested,1,
christianarum,la,christianus,suggested,1,
christianas,la,christianus,suggested,1,
christianitatem,la,christianitas,suggested,1,
christianosq,la,christianosq,suggested,1,
chronologia,la,chronologia,suggested,1,
chu,la,chu,suggested,1,
chum,la,chum,suggested,1,
ciam,la,cio,suggested,1,
ciaremus,la,cio,suggested,1,
cibi,la,cibus,suggested,1,
cibos,la,cibus,suggested,1,
cicungani,la,Cicunganius,suggested,1,
cicungano,la,cicunganus,suggested,1,
cicungo,la,cicungus,suggested,1,
ciliare,la,cilio,suggested,1,
cincta,la,cingo,suggested,1,
cingerent,la,cingo,suggested,1,
cingit,la,cingo,suggested,1,
cingunt,la,cingo,suggested,1,
cinxissent,la,ciicio,suggested,1,
cinxit,la,cingo,suggested,1,
circ,la,circ,suggested,1,
circuitum,la,circuitus,suggested,1,
circumdant,la,circumdo,suggested,1,
circumferebantur,la,circumfero,suggested,1,
circumfert,la,circumfero,suggested,1,
circumiacentem,la,circumiaceo,suggested,1,
circumquaque,la,circumquaque,suggested,1,
circumvenire,la,circumvenio,suggested,1,
circumvicinae,la,circumvicinus,suggested,1,
circumvicinas,la,circumvicinus,suggested,1,
citroque,la,citroquus,suggested,1,
ciunagondoni,la,ciunagondonus,suggested,1,
ciunt,la,cio,suggested,1,
civem,la,civis,suggested,1,
civile,la,civilis,suggested,1,
civiles,la,civilis,suggested,1,
civilibus,la,civilis,suggested,1,
civis,la,civis,suggested,1,
civitatis,la,ciuitas,suggested,1,
clad,la,clad,suggested,1,
clamabat,la,clamo,suggested,1,
clamabatut,la,clamo,suggested,1,
clamant,la,clamo,suggested,1,
clamante,la,clamo,suggested,1,
clamor,la,clamor,suggested,1,
clamoribus,la,clamor,suggested,1,
clanculum,la,clanculus,suggested,1,
clara,la,clarus,suggested,1,
clarius,la,clare,suggested,1,
clarus,la,clarus,suggested,1,
classem,la,classis,suggested,1,
classis,la,classis,suggested,1,
claudantur,la,claudo,suggested,1,
clauderentur,la,claudo,suggested,1,
claudunt,la,claudo,suggested,1,
clauduntur,la,claudo,suggested,1,
clausa,la,claudo,suggested,1,
clausit,la,claudo,suggested,1,
claves,la,clavis,suggested,1,
clem,la,clem,suggested,1,
clementem,la,clemens,suggested,1,
clementiae,la,clementia,suggested,1,
clementiaq,la,clementia,suggested,1,
clementissime,la,clementer,suggested,1,
clerici,la,clericus,suggested,1,
coacte,la,coacte,suggested,1,
coadiutor,la,coadiutor,suggested,1,
coaluerant,la,coaluo,suggested,1,
coaluisset,la,coalo,suggested,1,
coam,la,coam,suggested,1,
coctae,la,cogo,suggested,1,
coegerunt,la,cogo,suggested,1,
coegisse,la,coegi,suggested,1,
coegit,la,cogo,suggested,1,
coelesti,la,coelestis,suggested,1,
coeli,la,Coelius,suggested,1,
coemiterio,la,coemiterius,suggested,1,
coeperat,la,coepi,suggested,1,
coeperit,la,coepi,suggested,1,
coepimus,la,coepio,suggested,1,
coepisset,la,coepi,suggested,1,
coepta,la,coepi,suggested,1,
coeptae,la,coepi,suggested,1,
coepto,la,coei,suggested,1,
coercebit,la,coerceo,suggested,1,
coeuntes,la,coeo,suggested,1,
coffler,la,coffler,suggested,1,
cogantur,la,cogo,suggested,1,
cogebant,la,cogo,suggested,1,
cogerentur,la,cogo,suggested,1,
cogeretur,la,cogo,suggested,1,
cogita,la,cogo,suggested,1,
cogitabundi,la,cogitao,suggested,1,
cogitarit,la,cogito,suggested,1,
cogitat,la,cogito,suggested,1,
cogitent,la,cogito,suggested,1,
cognati,la,cognatus,suggested,1,
cognationis,la,cognatio,suggested,1,
cognatis,la,cognatus,suggested,1,
cognato,la,cognatus,suggested,1,
cognatus,la,cognatus,suggested,1,
cogniti,la,cognosco,suggested,1,
cognitum,la,cognosco,suggested,1,
cognorat,la,cognoro,suggested,1,
cognoscatur,la,cognosco,suggested,1,
cognoscendae,la,cognosco,suggested,1,
cognoscerent,la,cognosco,suggested,1,
cognosceret,la,cognosco,suggested,1,
cognosci,la,cognosco,suggested,1,
cognoscit,la,cognosco,suggested,1,
cognoscunt,la,cognosco,suggested,1,
cohibere,la,cohibeo,suggested,1,
cohibitus,la,cohibeo,suggested,1,
cohorruit,la,cohorruo,suggested,1,
cohors,la,cohors,suggested,1,
cohortatione,la,cohortatio,suggested,1,
coibit,la,coeo,suggested,1,
colaum,la,colaus,suggested,1,
colebat,la,colo,suggested,1,
colendam,la,colo,suggested,1,
coleremus,la,colo,suggested,1,
coleretur,la,colo,suggested,1,
collapsa,la,collabor,suggested,1,
collato,la,confero,suggested,1,
collaudabat,la,collaudo,suggested,1,
collecta,la,colligo,suggested,1,
collecti,la,colligo,suggested,1,
collectum,la,colligo,suggested,1,
collegerant,la,colligo,suggested,1,
collegerat,la,collego,suggested,1,
collegere,la,collego,suggested,1,
colles,la,collis,suggested,1,
collibuerit,la,collibueo,suggested,1,
colligatos,la,colligo,suggested,1,
colligunt,la,colligo,suggested,1,
collo,la,collum,suggested,1,
collocare,la,colloco,suggested,1,
collocavere,la,colloco,suggested,1,
collocavi,la,colloco,suggested,1,
collocentur,la,colloco,suggested,1,
colloquerentur,la,colloquo,suggested,1,
colloquiis,la,colloquium,suggested,1,
colloquioq,la,colloquus,suggested,1,
collucens,la,colluceo,suggested,1,
collum,la,collum,suggested,1,
coluerunt,la,colo,suggested,1,
coluit,la,colo,suggested,1,
columna,la,columna,suggested,1,
colunt,la,colo,suggested,1,
com,la,com,suggested,1,
comburantur,la,comburo,suggested,1,
comburunt,la,comburo,suggested,1,
combussit,la,combusso,suggested,1,
combusta,la,combusto,suggested,1,
combusti,la,combustus,suggested,1,
comem,la,comes,suggested,1,
comit,la,como,suggested,1,
comitabantur,la,comitor,suggested,1,
comitari,la,comitor,suggested,1,
comitatem,la,comitas,suggested,1,
comitatis,la,comitas,suggested,1,
comitatu,la,comitatus,suggested,1,
comitem,la,comes,suggested,1,
comiter,la,comiter,suggested,1,
comitibus,la,comes,suggested,1,
commeatum,la,commeatus,suggested,1,
commēendavit,la,commēendo,suggested,1,
commemoranda,la,commemoro,suggested,1,
commemorandis,la,commemoro,suggested,1,
commemorari,la,commemoro,suggested,1,
commemorata,la,commemoro,suggested,1,
commemoratas,la,commemoro,suggested,1,
commemoratus,la,commemoro,suggested,1,
commendabant,la,commendo,suggested,1,
commendarat,la,commendo,suggested,1,
commendata,la,commendo,suggested,1,
commendatam,la,commendo,suggested,1,
commendatos,la,commendo,suggested,1,
commendemus,la,commendo,suggested,1,
commendo,la,commendo,suggested,1,
commento,la,commentum,suggested,1,
commentus,la,commentus,suggested,1,
commercio,la,commercium,suggested,1,
commercium,la,commercium,suggested,1,
commigrar,la,commigro,suggested,1,
commigraret,la,commigro,suggested,1,
commigrarit,la,commigro,suggested,1,
comminati,la,comminor,suggested,1,
comminatione,la,comminatio,suggested,1,
commiserant,la,committo,suggested,1,
commisisse,la,committo,suggested,1,
commissa,la,committo,suggested,1,
commissam,la,committo,suggested,1,
commissi,la,committo,suggested,1,
commisso,la,committo,suggested,1,
commissus,la,committo,suggested,1,
committens,la,committo,suggested,1,
committeret,la,committo,suggested,1,
committit,la,committo,suggested,1,
commoda,la,commodus,suggested,1,
commodas,la,commodus,suggested,1,
commodis,la,commodum,suggested,1,
commodissimum,la,commodus,suggested,1,
commodorum,la,commodum,suggested,1,
commodumq,la,commodumq,suggested,1,
commonefaceret,la,commonefacio,suggested,1,
commonefacti,la,commonefacio,suggested,1,
commonefecissemus,la,commonefipio,suggested,1,
commonefecit,la,commoneficio,suggested,1,
commorabantur,la,commoror,suggested,1,
commorabatur,la,commoror,suggested,1,
commorantem,la,commoror,suggested,1,
commorati,la,commoror,suggested,1,
commoratio,la,commoratio,suggested,1,
commoratur,la,commoror,suggested,1,
commoraturus,la,commoro,suggested,1,
commoti,la,commoueo,suggested,1,
commoverentur,la,commoveo,suggested,1,
commoveri,la,commoveo,suggested,1,
commovit,la,commoveo,suggested,1,
commune,la,communis,suggested,1,
communem,la,communis,suggested,1,
communes,la,communis,suggested,1,
communi,la,communis,suggested,1,
communicarent,la,communico,suggested,1,
communicata,la,communico,suggested,1,
communierunt,la,communio,suggested,1,
communion,la,communis,suggested,1,
communionem,la,communio,suggested,1,
communitas,la,communitas,suggested,1,
communito,la,communio,suggested,1,
communivit,la,communio,suggested,1,
commutare,la,commuto,suggested,1,
commutaturum,la,commuto,suggested,1,
comoedia,la,comoedia,suggested,1,
comoediam,la,comoedia,suggested,1,
compacta,la,compactus,suggested,1,
compacti,la,compacto,suggested,1,
comparare,la,comparo,suggested,1,
compararent,la,comparo,suggested,1,
comparassent,la,comparo,suggested,1,
comparasset,la,comparo,suggested,1,
comparuisse,la,compareo,suggested,1,
compegit,la,compego,suggested,1,
compellabant,la,compello,suggested,1,
compellaret,la,compello,suggested,1,
compellerent,la,compello,suggested,1,
compendii,la,Compendius,suggested,1,
compensari,la,compenso,suggested,1,
compensavit,la,compenso,suggested,1,
compescat,la,compesco,suggested,1,
compilat,la,compilo,suggested,1,
complect,la,compleo,suggested,1,
complectendam,la,complector,suggested,1,
complecti,la,complector,suggested,1,
complectitur,la,complector,suggested,1,
complendas,la,compleo,suggested,1,
complexi,la,complector,suggested,1,
complexus,la,complector,suggested,1,
componere,la,compono,suggested,1,
composita,la,compono,suggested,1,
compositae,la,compono,suggested,1,
compositionibusq,la,composition,suggested,1,
composituros,la,compono,suggested,1,
comprehenduntur,la,comprehendo,suggested,1,
comprehensa,la,comprehendo,suggested,1,
comprehensi,la,comprehendo,suggested,1,
compressis,la,comprimo,suggested,1,
compressit,la,comprimo,suggested,1,
comprobaret,la,comprobo,suggested,1,
comprobarunt,la,comprobo,suggested,1,
comprobatunt,la,comprobo,suggested,1,
computandum,la,computo,suggested,1,
conabantur,la,conor,suggested,1,
conantur,la,conor,suggested,1,
conaremur,la,conor,suggested,1,
conati,la,conor,suggested,1,
conatu,la,conatus,suggested,1,
concedat,la,concedo,suggested,1,
concedentes,la,concedo,suggested,1,
concedentibus,la,concedo,suggested,1,
concederet,la,concedo,suggested,1,
concedit,la,concedo,suggested,1,
concepit,la,concipio,suggested,1,
conceptam,la,concipio,suggested,1,
concepto,la,concipio,suggested,1,
concessae,la,concedo,suggested,1,
concessam,la,concedo,suggested,1,
concesserat,la,concedo,suggested,1,
concesserunt,la,concedo,suggested,1,
concesso,la,concedo,suggested,1,
concessuram,la,concedo,suggested,1,
concessurum,la,concedo,suggested,1,
concha,la,concha,suggested,1,
conciderunt,la,concido,suggested,1,
concidi,la,concido,suggested,1,
conciliare,la,concilio,suggested,1,
conciliarent,la,concilio,suggested,1,
conciliavit,la,concilio,suggested,1,
concionem,la,concio,suggested,1,
concionibus,la,concio,suggested,1,
concisae,la,concido,suggested,1,
concitatus,la,concito,suggested,1,
conclamant,la,conclamo,suggested,1,
conclave,la,conclavis,suggested,1,
conclusum,la,concludo,suggested,1,
concupisco,la,concupisco,suggested,1,
concurrant,la,concurro,suggested,1,
concurrentibus,la,concurro,suggested,1,
concurrere,la,concurro,suggested,1,
concurrerent,la,concurro,suggested,1,
concurrerunt,la,concurro,suggested,1,
concurrit,la,concurro,suggested,1,
concursum,la,concursus,suggested,1,
concusserint,la,concustio,suggested,1,
condecoratus,la,condecoro,suggested,1,
condemnata,la,condemno,suggested,1,
condicto,la,condico,suggested,1,
conditionem,la,conditio,suggested,1,
conditionis,la,conditio,suggested,1,
condolere,la,condoleo,suggested,1,
condoluere,la,condoluo,suggested,1,
condonanda,la,condono,suggested,1,
condonarit,la,condono,suggested,1,
conducere,la,conduco,suggested,1,
confaederatum,la,confaedo,suggested,1,
confaederatus,la,confaedo,suggested,1,
confederati,la,confedero,suggested,1,
conferentiarum,la,conferentia,suggested,1,
conferrent,la,confero,suggested,1,
conferret,la,confero,suggested,1,
confertum,la,confero,suggested,1,
conferunt,la,confero,suggested,1,
confessario,la,confessarius,suggested,1,
conficeretur,la,conficio,suggested,1,
conficiamur,la,conficio,suggested,1,
conficiebant,la,conficio,suggested,1,
conficiendum,la,conficio,suggested,1,
confidamus,la,confido,suggested,1,
confidebant,la,confido,suggested,1,
confidit,la,confido,suggested,1,
confines,la,confinis,suggested,1,
confini,la,confinis,suggested,1,
confinia,la,confinium,suggested,1,
confinibus,la,confinus,suggested,1,
confiniis,la,confinius,suggested,1,
confirmarentur,la,confirmo,suggested,1,
confirmata,la,confirmo,suggested,1,
confirmati,la,confirmo,suggested,1,
confirmatio,la,confirmatio,suggested,1,
confirmationis,la,confirmatio,suggested,1,
confirmatum,la,confirmo,suggested,1,
confisi,la,confido,suggested,1,
confitenda,la,confiteor,suggested,1,
confiterentur,la,confiteo,suggested,1,
confli,la,conflus,suggested,1,
conflictus,la,conflictus,suggested,1,
confligit,la,confligo,suggested,1,
conflu,la,conflus,suggested,1,
confluentium,la,confluo,suggested,1,
confluerent,la,confluo,suggested,1,
confluet,la,confluo,suggested,1,
confoederati,la,confoedero,suggested,1,
confoederationis,la,confoederatio,suggested,1,
confoederatis,la,confoedero,suggested,1,
conformamus,la,conformo,suggested,1,
conformia,la,conformis,suggested,1,
conformitatem,la,conformitas,suggested,1,
confortavit,la,conforto,suggested,1,
confugere,la,confugio,suggested,1,
confugiebant,la,confugio,suggested,1,
confugientibus,la,confugio,suggested,1,
confugisse,la,confugio,suggested,1,
confundatur,la,confundo,suggested,1,
confundendum,la,confundo,suggested,1,
confusa,la,confundo,suggested,1,
confusam,la,confundo,suggested,1,
confusas,la,confundo,suggested,1,
confusio,la,confusio,suggested,1,
confusionem,la,confusio,suggested,1,
confusionis,la,confusio,suggested,1,
confusos,la,confundo,suggested,1,
congensium,la,Congenses,suggested,1,
congratulantium,la,congratulor,suggested,1,
congregan,la,congrego,suggested,1,
congregandi,la,congrego,suggested,1,
congregante,la,congrego,suggested,1,
congregantes,la,congrego,suggested,1,
congregaret,la,congrego,suggested,1,
congregarunt,la,congrego,suggested,1,
congregatae,la,congrego,suggested,1,
congregatione,la,congregatio,suggested,1,
congregationem,la,congregatio,suggested,1,
congregaverunt,la,congrego,suggested,1,
congruebat,la,congruo,suggested,1,
congruens,la,congruo,suggested,1,
congruere,la,congruo,suggested,1,
coniecisse,la,conicio,suggested,1,
coniect,la,conieo,suggested,1,
coniecti,la,conicio,suggested,1,
coniecturam,la,coniectura,suggested,1,
coniecturos,la,conieccio,suggested,1,
coniicerent,la,coniicio,suggested,1,
coniiceret,la,coniicio,suggested,1,
coniici,la,coniicio,suggested,1,
coniiciebamus,la,coniicio,suggested,1,
coniiciet,la,coniicio,suggested,1,
coniiciunt,la,coniicio,suggested,1,
coniugale,la,coniugalis,suggested,1,
coniuge,la,coniunx,suggested,1,
coniugiorum,la,coniugium,suggested,1,
coniunctae,la,coniungo,suggested,1,
coniunctam,la,coniungo,suggested,1,
coniunctis,la,coniungo,suggested,1,
coniunctissimus,la,coniunctus,suggested,1,
coniunctus,la,coniungo,suggested,1,
coniungerentur,la,coniungo,suggested,1,
coniungeret,la,coniungo,suggested,1,
coniungi,la,coniungo,suggested,1,
coniurant,la,coniuro,suggested,1,
coniuratio,la,coniuratio,suggested,1,
coniux,la,coniunx,suggested,1,
conquesti,la,conquestus,suggested,1,
conquestus,la,conquestus,suggested,1,
conquierunt,la,conquio,suggested,1,
conquievisset,la,conquiesco,suggested,1,
conquiri,la,conquiro,suggested,1,
conquisitos,la,conquisio,suggested,1,
conquisitus,la,conquiro,suggested,1,
consalutavit,la,consaluto,suggested,1,
consanguinei,la,consanguineus,suggested,1,
conscenderant,la,conscendo,suggested,1,
conscenderent,la,conscendo,suggested,1,
conscendunt,la,conscendo,suggested,1,
conscensa,la,conscendo,suggested,1,
conscidisse,la,conscido,suggested,1,
conscientia,la,conscientia,suggested,1,
conscientie,la,conscientia,suggested,1,
conscii,la,conscius,suggested,1,
consciis,la,conscius,suggested,1,
conscius,la,conscius,suggested,1,
conscriberetur,la,conscribo,suggested,1,
conscribunt,la,conscribo,suggested,1,
consecratio,la,consecratio,suggested,1,
consecuta,la,consequor,suggested,1,
consecutae,la,consequor,suggested,1,
consecutum,la,consequor,suggested,1,
consecuturae,la,consefero,suggested,1,
consecuturam,la,consecuturo,suggested,1,
consecutus,la,consequor,suggested,1,
consensione,la,consensio,suggested,1,
consensit,la,consentio,suggested,1,
consensu,la,consensus,suggested,1,
consentaneam,la,consentaneus,suggested,1,
consentaneum,la,consentaneus,suggested,1,
consequatur,la,consequor,suggested,1,
consequenter,la,consequenter,suggested,1,
consequetur,la,consequor,suggested,1,
consequi,la,consequor,suggested,1,
conseruet,la,conseruo,suggested,1,
conservandis,la,conservo,suggested,1,
conservarunt,la,conservo,suggested,1,
conservata,la,conseruo,suggested,1,
conservatio,la,conservatio,suggested,1,
conservationem,la,conservatio,suggested,1,
considera,la,considero,suggested,1,
considerant,la,considero,suggested,1,
considet,la,consido,suggested,1,
consignata,la,consigno,suggested,1,
consiliariisq,la,consiliariisis,suggested,1,
consobrinum,la,consobrinus,suggested,1,
consobrinus,la,consobrinus,suggested,1,
consolati,la,consolor,suggested,1,
consolatio,la,consolatio,suggested,1,
consolationes,la,consolatio,suggested,1,
consolationi,la,consolatio,suggested,1,
consolationis,la,consolatio,suggested,1,
consolatorem,la,consolator,suggested,1,
conspectus,la,conspectus,suggested,1,
conspexere,la,consicio,suggested,1,
conspiciebant,la,conspicio,suggested,1,
conspiciebat,la,conspicio,suggested,1,
conspiratio,la,conspiratio,suggested,1,
conspirationem,la,conspiratio,suggested,1,
constabant,la,consto,suggested,1,
constanti,la,constans,suggested,1,
constantiae,la,constantia,suggested,1,
constent,la,consto,suggested,1,
constet,la,consto,suggested,1,
constipati,la,constipo,suggested,1,
constiterit,la,consisto,suggested,1,
constitit,la,consto,suggested,1,
constituentes,la,constituo,suggested,1,
constituerint,la,constituo,suggested,1,
constituimus,la,constituo,suggested,1,
constitutione,la,constitutio,suggested,1,
constitutis,la,constituo,suggested,1,
constringi,la,constringo,suggested,1,
constructa,la,construo,suggested,1,
consuetis,la,consuesco,suggested,1,
consuetudine,la,consuetudo,suggested,1,
consuetudines,la,consuetudo,suggested,1,
consuetudini,la,consuetudo,suggested,1,
consuetudo,la,consuetudo,suggested,1,
consueverat,la,consuesco,suggested,1,
consueverunt,la,consuesco,suggested,1,
consuleret,la,consulo,suggested,1,
consultius,la,consultius,suggested,1,
consuluisset,la,consulo,suggested,1,
consummandum,la,consummo,suggested,1,
contactu,la,contactus,suggested,1,
contactus,la,contactus,suggested,1,
contectos,la,conteho,suggested,1,
contegunt,la,contego,suggested,1,
contemnenda,la,contemno,suggested,1,
contemnendae,la,contemno,suggested,1,
contemnendis,la,contemno,suggested,1,
contemneremus,la,contemno,suggested,1,
contemneret,la,contemno,suggested,1,
contemptim,la,contemptim,suggested,1,
contemptos,la,contemo,suggested,1,
contemptui,la,contemptus,suggested,1,
contenderat,la,contendo,suggested,1,
contenderent,la,contendo,suggested,1,
contendisse,la,contendo,suggested,1,
contendunt,la,contendo,suggested,1,
contentiones,la,contentio,suggested,1,
conterruit,la,conterreo,suggested,1,
contexunt,la,contexum,suggested,1,
contigisset,la,contingo,suggested,1,
contineant,la,contineo,suggested,1,
continebat,la,contineo,suggested,1,
continendis,la,contineo,suggested,1,
continent,la,contineo,suggested,1,
continentem,la,contineo,suggested,1,
continenter,la,continenter,suggested,1,
contineo,la,contineo,suggested,1,
contineret,la,contineo,suggested,1,
contingat,la,contingo,suggested,1,
contingere,la,contingo,suggested,1,
continua,la,continuus,suggested,1,
continuam,la,continuus,suggested,1,
continuare,la,continuo,suggested,1,
continuata,la,continuo,suggested,1,
continuatione,la,continuatio,suggested,1,
continuoque,la,continuoque,suggested,1,
contractus,la,contraho,suggested,1,
contrarios,la,contrarius,suggested,1,
contraxerat,la,contraho,suggested,1,
contritionem,la,contritio,suggested,1,
contritionis,la,contritio,suggested,1,
controversia,la,controversia,suggested,1,
controversiae,la,controversia,suggested,1,
contrucidandos,la,contrucido,suggested,1,
contrucidarunt,la,contrucido,suggested,1,
contrucidatis,la,contrucido,suggested,1,
contulere,la,contulo,suggested,1,
contumelias,la,contumelia,suggested,1,
convehenda,la,convehendo,suggested,1,
convenerant,la,convenio,suggested,1,
conveniat,la,convenio,suggested,1,
convenisse,la,convenio,suggested,1,
conversatione,la,conversatio,suggested,1,
conversorum,la,conversus,suggested,1,
convertendae,la,converto,suggested,1,
convertendi,la,converto,suggested,1,
convertendis,la,converto,suggested,1,
converterat,la,converto,suggested,1,
converterent,la,converto,suggested,1,
converti,la,converto,suggested,1,
convertit,la,converto,suggested,1,
convicti,la,convinco,suggested,1,
convictus,la,convinco,suggested,1,
convivantes,la,convivor,suggested,1,
convivia,la,convivium,suggested,1,
convivium,la,convivium,suggested,1,
convocarant,la,convoco,suggested,1,
convocat,la,convoco,suggested,1,
coopertus,la,cooperio,suggested,1,
copiam,la,copia,suggested,1,
copiasque,la,copiasque,suggested,1,
copiosa,la,copiosus,suggested,1,
copiosi,la,copiosus,suggested,1,
copiosiore,la,copiosus,suggested,1,
coraeam,la,coraeus,suggested,1,
corai,la,Coraius,suggested,1,
coraiana,la,Coraianus,suggested,1,
coraiani,la,Coraianus,suggested,1,
coraianum,la,Coraianus,suggested,1,
cordati,la,cordor,suggested,1,
cordatum,la,cordo,suggested,1,
cordibus,la,cor,suggested,1,
coream,la,corea,suggested,1,
coreani,la,coreanus,suggested,1,
coreanos,la,coreanus,suggested,1,
corii,la,corium,suggested,1,
corio,la,corium,suggested,1,
cornu,la,cornu,suggested,1,
coronae,la,corona,suggested,1,
coronarunt,la,corono,suggested,1,
corpora,la,corpus,suggested,1,
corporalibus,la,corporalis,suggested,1,
corporisque,la,corporisque,suggested,1,
corpusque,la,corpusque,suggested,1,
corrasit,la,corro,suggested,1,
correcta,la,corrigo,suggested,1,
correcti,la,corrigo,suggested,1,
corripere,la,corripio,suggested,1,
corripiendi,la,corripio,suggested,1,
corroborati,la,corroboro,suggested,1,
corrupit,la,corrupio,suggested,1,
corrupti,la,corruptus,suggested,1,
corrupto,la,corrumpo,suggested,1,
corruptum,la,corrumpo,suggested,1,
corumi,la,corumus,suggested,1,
cospectum,la,cospectus,suggested,1,
crassum,la,crassus,suggested,1,
creabatur,la,creo,suggested,1,
crearet,la,creo,suggested,1,
creatori,la,creator,suggested,1,
creaturis,la,creatura,suggested,1,
creavit,la,creo,suggested,1,
creberrime,la,creber,suggested,1,
crebra,la,creber,suggested,1,
crebrae,la,creber,suggested,1,
crebriores,la,crebrior,suggested,1,
crebrisque,la,crebrisque,suggested,1,
crebrius,la,crebrius,suggested,1,
credat,la,credo,suggested,1,
credebant,la,credo,suggested,1,
credenti,la,credo,suggested,1,
crederem,la,credo,suggested,1,
crederent,la,credo,suggested,1,
crederes,la,credo,suggested,1,
crederet,la,credo,suggested,1,
credo,la,credo,suggested,1,
cremarunt,la,cremo,suggested,1,
crescebat,la,cresco,suggested,1,
crescente,la,cresco,suggested,1,
creta,la,cretum,suggested,1,
crevit,la,cresco,suggested,1,
criminationes,la,criminatio,suggested,1,
criminibus,la,crimen,suggested,1,
criminis,la,crimen,suggested,1,
criminum,la,crimen,suggested,1,
crocei,la,croceus,suggested,1,
croceo,la,croceus,suggested,1,
cruc,la,cruc,suggested,1,
cruces,la,crux,suggested,1,
crucifixus,la,crucifigo,suggested,1,
crude,la,crude,suggested,1,
crudeles,la,crudelis,suggested,1,
crudelior,la,crudelis,suggested,1,
crudelissima,la,crudelis,suggested,1,
crudelissimi,la,crudelis,suggested,1,
crudelissimus,la,crudelis,suggested,1,
crudelitas,la,crudelitas,suggested,1,
crudelitati,la,crudelitas,suggested,1,
cruentam,la,cruentus,suggested,1,
ctare,la,cto,suggested,1,
cti,la,go,suggested,1,
ctor,la,ctor,suggested,1,
ctoriae,la,ctoria,suggested,1,
ctus,la,ctus,suggested,1,
cubernator,la,cubernator,suggested,1,
cubile,la,cubilis,suggested,1,
cubili,la,cubile,suggested,1,
cuiqu,la,quisqu,suggested,1,
cuiquam,la,quisquam,suggested,1,
cuique,la,quisque,suggested,1,
cuiusq,la,quiu,suggested,1,
culo,la,culus,suggested,1,
cult,la,cult,suggested,1,
culta,la,cultus,suggested,1,
cultellus,la,cultellus,suggested,1,
cultorem,la,cultor,suggested,1,
cultu,la,cultus,suggested,1,
cultum,la,cultus,suggested,1,
culturum,la,culo,suggested,1,
cumulabat,la,cumulo,suggested,1,
cumulati,la,cumulo,suggested,1,
cumulato,la,cumulo,suggested,1,
cunctatus,la,cunctatus,suggested,1,
cuncto,la,cunctus,suggested,1,
cuneorum,la,cuneus,suggested,1,
cunha,la,cunha,suggested,1,
cuniculo,la,cuniculus,suggested,1,
cupando,la,cupo,suggested,1,
cupiditas,la,cupiditas,suggested,1,
cupiditate,la,cupiditas,suggested,1,
cupiditatis,la,cupiditas,suggested,1,
cupidus,la,cupidus,suggested,1,
cupressos,la,cuprimo,suggested,1,
curandis,la,curo,suggested,1,
curarent,la,curo,suggested,1,
curari,la,curo,suggested,1,
curarint,la,curo,suggested,1,
curasse,la,curo,suggested,1,
curationem,la,curatio,suggested,1,
curato,la,curo,suggested,1,
curavi,la,curo,suggested,1,
curavimus,la,curo,suggested,1,
curavit,la,curo,suggested,1,
curis,la,cura,suggested,1,
curribus,la,curris,suggested,1,
cursor,la,cursor,suggested,1,
custodes,la,custos,suggested,1,
custodiae,la,custodia,suggested,1,
custodibus,la,custos,suggested,1,
custodiebat,la,custodio,suggested,1,
custodiendas,la,custodio,suggested,1,
custodiretur,la,custodio,suggested,1,
custoditos,la,custodio,suggested,1,
d.domina,la,d.dominus,suggested,1,
d’acosta,la,d’acosta,suggested,1,
da,la,do,suggested,1,
dabimus,la,do,suggested,1,
dae,la,dae,suggested,1,
daemon,la,daemon,suggested,1,
daemone,la,daemon,suggested,1,
daemonem,la,daemon,suggested,1,
daemonum,la,daemon,suggested,1,
daifusame,la,daifusamus,suggested,1,
damnant,la,damno,suggested,1,
damnat,la,damno,suggested,1,
damnata,la,damno,suggested,1,
damnationis,la,damnatio,suggested,1,
damnatis,la,damno,suggested,1,
damnavit,la,damno,suggested,1,
dante,la,do,suggested,1,
dar,la,do,suggested,1,
darent,la,do,suggested,1,
dareque,la,dareque,suggested,1,
dari,la,do,suggested,1,
datam,la,do,suggested,1,
datum,la,do,suggested,1,
datur,la,do,suggested,1,
daturos,la,do,suggested,1,
daturum,la,do,suggested,1,
debeant,la,debeo,suggested,1,
debeas,la,debeo,suggested,1,
debebantur,la,debeo,suggested,1,
debebat,la,debeo,suggested,1,
debellare,la,debello,suggested,1,
deberemus,la,debeo,suggested,1,
debetur,la,debeo,suggested,1,
debiles,la,debilis,suggested,1,
debilitati,la,debilito,suggested,1,
debita,la,debeo,suggested,1,
debitas,la,debeo,suggested,1,
debitis,la,debeo,suggested,1,
decantatum,la,decanto,suggested,1,
deceat,la,decet,suggested,1,
decept,la,deceo,suggested,1,
deceptos,la,decipio,suggested,1,
deceptus,la,decipio,suggested,1,
deceptusq,la,deceipio,suggested,1,
decerneret,la,decerno,suggested,1,
decertabant,la,decerto,suggested,1,
decertassent,la,decerto,suggested,1,
decertatum,la,decerto,suggested,1,
decessoribus,la,decessor,suggested,1,
decessorum,la,decessus,suggested,1,
decetero,la,decetero,suggested,1,
decies,la,decies,suggested,1,
decimustertius,la,decimusterte,suggested,1,
deciperent,la,decipio,suggested,1,
decipi,la,decipio,suggested,1,
declarant,la,declaro,suggested,1,
declarar,la,declarar,suggested,1,
declarare,la,declaro,suggested,1,
declararet,la,declaro,suggested,1,
declararint,la,declaro,suggested,1,
declarat,la,declaro,suggested,1,
declaratus,la,declaro,suggested,1,
declinari,la,declino,suggested,1,
declinatis,la,declino,suggested,1,
declinemus,la,declino,suggested,1,
decretae,la,decerno,suggested,1,
decreverant,la,decro,suggested,1,
decursum,la,decursus,suggested,1,
dedebant,la,dedeo,suggested,1,
dedecore,la,dedecor,suggested,1,
dedecori,la,dedecus,suggested,1,
dedecoris,la,dedecus,suggested,1,
dederent,la,do,suggested,1,
dederit,la,do,suggested,1,
dedicatarum,la,dedico,suggested,1,
dedidit,la,do,suggested,1,
dedignantes,la,dedigno,suggested,1,
dediscentes,la,dedisco,suggested,1,
dedisse,la,do,suggested,1,
deditio,la,deditio,suggested,1,
deditione,la,deditio,suggested,1,
deditionis,la,deditio,suggested,1,
deducam,la,deduco,suggested,1,
deducerent,la,deduco,suggested,1,
deduci,la,deduco,suggested,1,
deducta,la,deduco,suggested,1,
deductis,la,deduco,suggested,1,
deducunt,la,deduco,suggested,1,
deerunt,la,desum,suggested,1,
deesse,la,desum,suggested,1,
deesset,la,desum,suggested,1,
deest,la,desum,suggested,1,
defatigationis,la,defatigatio,suggested,1,
defatigatus,la,defatigo,suggested,1,
defecerat,la,deficio,suggested,1,
defecere,la,defeco,suggested,1,
defecerunt,la,deficio,suggested,1,
defecisse,la,deficio,suggested,1,
defectione,la,defectio,suggested,1,
defendebant,la,defendo,suggested,1,
defendendi,la,defendo,suggested,1,
defendendum,la,defendo,suggested,1,
defendente,la,defendo,suggested,1,
defenderunt,la,defendo,suggested,1,
defendi,la,defendo,suggested,1,
defendissent,la,defendo,suggested,1,
defendit,la,defendo,suggested,1,
defensa,la,defendo,suggested,1,
defensi,la,defendo,suggested,1,
defensio,la,defensio,suggested,1,
defensionemq,la,defensiono,suggested,1,
defensioni,la,defensio,suggested,1,
deferre,la,defero,suggested,1,
deferret,la,defero,suggested,1,
deferretur,la,defero,suggested,1,
deficere,la,deficio,suggested,1,
deficientes,la,deficio,suggested,1,
deficit,la,deficio,suggested,1,
defigeretur,la,defigo,suggested,1,
definito,la,definio,suggested,1,
defixa,la,defigo,suggested,1,
defraudatus,la,defraudo,suggested,1,
defuerit,la,desum,suggested,1,
defuerunt,la,defuereo,suggested,1,
defuisset,la,desum,suggested,1,
defuncti,la,defungor,suggested,1,
defutur,la,defuo,suggested,1,
defuturam,la,defsum,suggested,1,
degeb,la,do,suggested,1,
degente,la,degeo,suggested,1,
degentes,la,degeo,suggested,1,
degentis,la,degens,suggested,1,
degere,la,degeo,suggested,1,
degerent,la,degereo,suggested,1,
degeret,la,do,suggested,1,
degeretq,la,degeo,suggested,1,
degustarant,la,degusto,suggested,1,
deiecissent,la,deicio,suggested,1,
deiecit,la,deicio,suggested,1,
deiecti,la,deicio,suggested,1,
deiectique,la,deiectique,suggested,1,
deiectum,la,deicio,suggested,1,
deiicimur,la,deiicio,suggested,1,
delata,la,defero,suggested,1,
delatis,la,defero,suggested,1,
delaturum,la,defero,suggested,1,
delecta,la,delego,suggested,1,
delectum,la,deligo,suggested,1,
delectus,la,deligo,suggested,1,
delegit,la,deligo,suggested,1,
delendis,la,deleo,suggested,1,
delent,la,deleo,suggested,1,
delere,la,deleo,suggested,1,
deleretur,la,deleo,suggested,1,
deleri,la,deleo,suggested,1,
deleverunt,la,deleo,suggested,1,
deliberando,la,delibero,suggested,1,
delictum,la,delictum,suggested,1,
delitescentes,la,delitesco,suggested,1,
delitescere,la,delitesco,suggested,1,
delubri,la,delubrum,suggested,1,
delubro,la,delubrum,suggested,1,
delubrum,la,delubrum,suggested,1,
demandasset,la,demando,suggested,1,
dementabat,la,demento,suggested,1,
dementandos,la,demento,suggested,1,
dementarat,la,demento,suggested,1,
demerebatur,la,demereo,suggested,1,
demissae,la,demitto,suggested,1,
demittebat,la,demitto,suggested,1,
demittunt,la,demitto,suggested,1,
demonstrabat,la,demonstro,suggested,1,
demonstrare,la,demonstro,suggested,1,
demonstraturus,la,demonstro,suggested,1,
demortui,la,demorior,suggested,1,
demulcet,la,demulco,suggested,1,
denegaturum,la,denego,suggested,1,
densissimis,la,densus,suggested,1,
denuntiant,la,denuntio,suggested,1,
deor,la,deor,suggested,1,
deos,la,deus,suggested,1,
deplorandam,la,deploro,suggested,1,
deplorandis,la,deploro,suggested,1,
deponerent,la,depono,suggested,1,
deponunt,la,depono,suggested,1,
depopulantur,la,depopulor,suggested,1,
depor,la,depor,suggested,1,
deport,la,depor,suggested,1,
deportabat,la,deporto,suggested,1,
deportaret,la,deporto,suggested,1,
deposcat,la,deposco,suggested,1,
deposito,la,depono,suggested,1,
depositurum,la,depono,suggested,1,
deposuerat,la,depono,suggested,1,
deposuerunt,la,depono,suggested,1,
deposuissent,la,deposuno,suggested,1,
depraedatio,la,depraedatio,suggested,1,
deprehendebat,la,deprehendo,suggested,1,
deprehensos,la,deprehendo,suggested,1,
depugnans,la,depugno,suggested,1,
derelictus,la,derelinquo,suggested,1,
derivandi,la,derivo,suggested,1,
derivaremus,la,derivo,suggested,1,
derunt,la,dero,suggested,1,
desaevire,la,desaevio,suggested,1,
desaeviret,la,desaevio,suggested,1,
descendens,la,descendo,suggested,1,
descendit,la,descendo,suggested,1,
describenda,la,describo,suggested,1,
describere,la,describo,suggested,1,
describuntur,la,describo,suggested,1,
descripsi,la,describo,suggested,1,
descriptus,la,describo,suggested,1,
deserenda,la,desero,suggested,1,
deserendi,la,desero,suggested,1,
desererent,la,desero,suggested,1,
deserta,la,desero,suggested,1,
desertis,la,desero,suggested,1,
desertum,la,desero,suggested,1,
desertus,la,desero,suggested,1,
deserverant,la,deservo,suggested,1,
desiderarent,la,desidero,suggested,1,
desiderarentur,la,desidero,suggested,1,
desideratis,la,desidero,suggested,1,
desideret,la,desidero,suggested,1,
desidero,la,desidero,suggested,1,
designarat,la,designo,suggested,1,
designasset,la,designo,suggested,1,
designatis,la,designo,suggested,1,
designavit,la,designo,suggested,1,
desineret,la,desino,suggested,1,
desint,la,desum,suggested,1,
desinunt,la,desino,suggested,1,
despectum,la,despectus,suggested,1,
desperamus,la,despero,suggested,1,
desperarent,la,despero,suggested,1,
desperarit,la,despero,suggested,1,
desperata,la,despero,suggested,1,
desperatis,la,despero,suggested,1,
desperent,la,despero,suggested,1,
desponderi,la,despondeo,suggested,1,
desponsavit,la,desponso,suggested,1,
destinare,la,destino,suggested,1,
destinatis,la,destino,suggested,1,
destinato,la,destino,suggested,1,
destinatos,la,destino,suggested,1,
destinatum,la,destino,suggested,1,
destinatus,la,destino,suggested,1,
destinentur,la,destino,suggested,1,
destituit,la,destituo,suggested,1,
destructa,la,destruo,suggested,1,
destructum,la,destruo,suggested,1,
destruere,la,destruo,suggested,1,
desumpsi,la,desumo,suggested,1,
detecta,la,detego,suggested,1,
deteriores,la,deterior,suggested,1,
deterreren,la,deterreo,suggested,1,
deterreret,la,deterreo,suggested,1,
deterriti,la,deterreo,suggested,1,
detestantes,la,detestor,suggested,1,
detineant,la,detineo,suggested,1,
detineat,la,detineo,suggested,1,
detineret,la,detineo,suggested,1,
detinet,la,detineo,suggested,1,
detinetur,la,detineo,suggested,1,
detinuit,la,detineo,suggested,1,
detis,la,do,suggested,1,
detracta,la,detraho,suggested,1,
detrahi,la,detraho,suggested,1,
detrectandi,la,detrecto,suggested,1,
detrectare,la,detrecto,suggested,1,
detrectat,la,detrecto,suggested,1,
detrectavit,la,detrecto,suggested,1,
detrimentum,la,detrimentum,suggested,1,
detruderet,la,detrudo,suggested,1,
detrusa,la,detrudo,suggested,1,
detrusi,la,detrudo,suggested,1,
detrusit,la,detruo,suggested,1,
detulisset,la,defero,suggested,1,
detur,la,do,suggested,1,
deturbatus,la,deturbo,suggested,1,
devastans,la,devasto,suggested,1,
devenerit,la,devenio,suggested,1,
devictos,la,devinco,suggested,1,
devinctos,la,devincio,suggested,1,
devinxit,la,devingo,suggested,1,
devorarat,la,devoro,suggested,1,
devotione,la,devotio,suggested,1,
devotus,la,devotus,suggested,1,
dextera,la,dexter,suggested,1,
diabolica,la,diabolicus,suggested,1,
diabolicas,la,diabolicus,suggested,1,
diabolicis,la,diabolicus,suggested,1,
diametro,la,diametros,suggested,1,
dicam,la,dico,suggested,1,
dicatur,la,dico,suggested,1,
dicebamus,la,dico,suggested,1,
dicemus,la,dico,suggested,1,
dicendi,la,dico,suggested,1,
dicens,la,dico,suggested,1,
dicerent,la,dico,suggested,1,
diceret,la,dico,suggested,1,
diceretque,la,dico,suggested,1,
dicimus,la,dico,suggested,1,
dico,la,dico,suggested,1,
dictae,la,dico,suggested,1,
dictas,la,dico,suggested,1,
dictitarunt,la,dictito,suggested,1,
dictor,la,dictor,suggested,1,
dictorum,la,dico,suggested,1,
dictu,la,dico,suggested,1,
dicturus,la,dico,suggested,1,
dicuntur,la,dico,suggested,1,
didicerant,la,didico,suggested,1,
didicerat,la,disco,suggested,1,
didicerit,la,disco,suggested,1,
didicit,la,disco,suggested,1,
diem,la,dies,suggested,1,
dierit,la,deo,suggested,1,
differentur,la,differo,suggested,1,
differre,la,differo,suggested,1,
differunt,la,differo,suggested,1,
difficiliora,la,difficilis,suggested,1,
difficiliores,la,difficilis,suggested,1,
difficilioribus,la,difficilus,suggested,1,
difficilius,la,difficiliter,suggested,1,
difficultas,la,difficultas,suggested,1,
difficultatem,la,difficultas,suggested,1,
difficultates,la,difficultas,suggested,1,
difficultatis,la,difficultas,suggested,1,
difficultatum,la,difficultas,suggested,1,
diffusi,la,diffundo,suggested,1,
dignae,la,dignus,suggested,1,
dignati,la,dignor,suggested,1,
dignatum,la,dignor,suggested,1,
dignatus,la,dignor,suggested,1,
dignentur,la,digno,suggested,1,
dignis,la,dignus,suggested,1,
dignitas,la,dignitas,suggested,1,
dignitate,la,dignitas,suggested,1,
dignitates,la,dignitas,suggested,1,
dignitatis,la,dignitas,suggested,1,
dignitatumque,la,dignitatum,suggested,1,
dignitissim,la,dignitissis,suggested,1,
digno,la,dignus,suggested,1,
dignosceret,la,dignosco,suggested,1,
dignumq,la,dignumq,suggested,1,
dignus,la,dignus,suggested,1,
digressos,la,digredior,suggested,1,
digressurus,la,digreo,suggested,1,
dilabendum,la,dilabeo,suggested,1,
dilaceratae,la,dilacero,suggested,1,
dilaceratum,la,dilacero,suggested,1,
dilata,la,differo,suggested,1,
diligens,la,diligo,suggested,1,
diligentibus,la,diligo,suggested,1,
diligentissime,la,diligenter,suggested,1,
diluculo,la,diluculum,suggested,1,
dimicans,la,dimico,suggested,1,
dimicassent,la,dimico,suggested,1,
dimicaturos,la,dimico,suggested,1,
dimidiam,la,dimidius,suggested,1,
dimidii,la,dimidius,suggested,1,
dimidium,la,dimidius,suggested,1,
diminutionem,la,diminutio,suggested,1,
dimissis,la,dimitto,suggested,1,
dimittebant,la,dimitto,suggested,1,
dimittebat,la,dimitto,suggested,1,
dimoveri,la,dimoveo,suggested,1,
dio,la,dium,suggested,1,
diplomatibus,la,diplomatus,suggested,1,
diq,la,diq,suggested,1,
dirae,la,dirus,suggested,1,
diram,la,dirus,suggested,1,
directae,la,dirigo,suggested,1,
direptas,la,diripio,suggested,1,
direxerant,la,digo,suggested,1,
direxit,la,dirigo,suggested,1,
dirioraq,la,dirioro,suggested,1,
diripiebat,la,diripio,suggested,1,
diripuerunt,la,diripuo,suggested,1,
diris,la,dirus,suggested,1,
dirisque,la,dirio,suggested,1,
dirissimus,la,dirus,suggested,1,
dirius,la,dirus,suggested,1,
diro,la,dirus,suggested,1,
dirum,la,dirus,suggested,1,
dirus,la,dirus,suggested,1,
dirutae,la,diruo,suggested,1,
dirutis,la,diruo,suggested,1,
discedebant,la,discedo,suggested,1,
discedendum,la,discedo,suggested,1,
discedent,la,discedo,suggested,1,
discedentibus,la,discedo,suggested,1,
discederet,la,discedo,suggested,1,
discernerent,la,discerno,suggested,1,
discesser,la,disceeo,suggested,1,
discesserunt,la,discedo,suggested,1,
discessi,la,discedo,suggested,1,
discessimus,la,discedo,suggested,1,
discessisse,la,discedo,suggested,1,
discessit,la,discedo,suggested,1,
discessu,la,discessus,suggested,1,
discessurus,la,discedo,suggested,1,
discinderentur,la,discindo,suggested,1,
discordes,la,discors,suggested,1,
discussit,la,discutio,suggested,1,
disiecta,la,disicio,suggested,1,
disiiciendis,la,disiicio,suggested,1,
disiicientes,la,disiicio,suggested,1,
disiuncta,la,disiungo,suggested,1,
disiunctum,la,disiungo,suggested,1,
dispersae,la,dispergo,suggested,1,
dispersas,la,dispergo,suggested,1,
dispersione,la,dispersio,suggested,1,
dispersis,la,dispergo,suggested,1,
dispersos,la,dispergo,suggested,1,
dispersum,la,dispergo,suggested,1,
dispertiam,la,dispertia,suggested,1,
displicere,la,displiceo,suggested,1,
disponeret,la,dispono,suggested,1,
disponsuit,la,disponsuo,suggested,1,
disposita,la,dispono,suggested,1,
disposuerunt,la,dispono,suggested,1,
disposuit,la,dispono,suggested,1,
dissecta,la,disseco,suggested,1,
dissecuerunt,la,dissecsco,suggested,1,
dissecuisse,la,dissecuo,suggested,1,
dissecuit,la,disseco,suggested,1,
dissensio,la,dissensio,suggested,1,
dissensiones,la,dissensio,suggested,1,
dissensionis,la,dissensio,suggested,1,
dissentire,la,dissentio,suggested,1,
dissideb,la,dissideo,suggested,1,
dissidia,la,dissidia,suggested,1,
dissimulabant,la,dissimulo,suggested,1,
dissimulatione,la,dissimulatio,suggested,1,
dissoluta,la,dissoluo,suggested,1,
dissolveret,la,dissolvo,suggested,1,
dissolveretur,la,dissolvo,suggested,1,
distabat,la,disto,suggested,1,
distantes,la,disto,suggested,1,
distaret,la,disto,suggested,1,
distincta,la,distinguo,suggested,1,
distinctum,la,distinguo,suggested,1,
distractas,la,distraho,suggested,1,
distribuam,la,distribuo,suggested,1,
distribuebat,la,distribuo,suggested,1,
distribuerat,la,distribuo,suggested,1,
distributis,la,distribuo,suggested,1,
distributos,la,distribuo,suggested,1,
distributum,la,distribuo,suggested,1,
distribuunt,la,distribuo,suggested,1,
distringere,la,distringo,suggested,1,
disturbata,la,disturbo,suggested,1,
disturbatas,la,disturbo,suggested,1,
ditatos,la,dito,suggested,1,
ditio,la,ditium,suggested,1,
dition,la,dition,suggested,1,
ditionis,la,ditio,suggested,1,
ditissimas,la,ditus,suggested,1,
ditissimis,la,ditus,suggested,1,
ditissimos,la,ditus,suggested,1,
ditissimus,la,dis,suggested,1,
diuq,la,diuq,suggested,1,
diuturnam,la,diuturnus,suggested,1,
divell,la,divelo,suggested,1,
divellendus,la,divello,suggested,1,
divenditis,la,divendo,suggested,1,
diverberandis,la,diverbero,suggested,1,
diverberatione,la,diverberatio,suggested,1,
diversabantur,la,diverso,suggested,1,
diversaretur,la,diverso,suggested,1,
diversorium,la,diversorium,suggested,1,
diversos,la,diverto,suggested,1,
diversus,la,diversus,suggested,1,
diverterant,la,diverto,suggested,1,
divexaret,la,divexo,suggested,1,
divexebat,la,diveho,suggested,1,
dividit,la,divido,suggested,1,
divinaeque,la,divinaequus,suggested,1,
divinaque,la,divinaque,suggested,1,
diviserunt,la,divido,suggested,1,
diviso,la,divido,suggested,1,
divit,la,deo,suggested,1,
divites,la,dives,suggested,1,
divitiae,la,divitiae,suggested,1,
divortio,la,divortio,suggested,1,
divortium,la,divortium,suggested,1,
divos,la,divus,suggested,1,
divulgabatur,la,divulgo,suggested,1,
divulgata,la,divulgo,suggested,1,
divulti,la,divulo,suggested,1,
do,la,do,suggested,1,
doceat,la,doceo,suggested,1,
docere,la,doceo,suggested,1,
docerent,la,doceo,suggested,1,
doctioribus,la,doctus,suggested,1,
doctor,la,doctor,suggested,1,
doctores,la,doctor,suggested,1,
doctoribus,la,doctor,suggested,1,
doctoris,la,doctor,suggested,1,
doctorum,la,doctor,suggested,1,
doctos,la,doctus,suggested,1,
dolente,la,doleo,suggested,1,
dolentibus,la,doleo,suggested,1,
dolere,la,doleo,suggested,1,
doleret,la,doleo,suggested,1,
dolio,la,dolium,suggested,1,
dolo,la,dolus,suggested,1,
dolor,la,dolor,suggested,1,
doloreque,la,doloreque,suggested,1,
doloribus,la,dolor,suggested,1,
doloris,la,dolor,suggested,1,
domare,la,domo,suggested,1,
domari,la,domo,suggested,1,
domesticis,la,domesticus,suggested,1,
domibus,la,domus,suggested,1,
domicilium,la,domicilium,suggested,1,
dominabatur,la,dominor,suggested,1,
dominantur,la,dominor,suggested,1,
dominatus,la,dominor,suggested,1,
domine,la,dominus,suggested,1,
dominicam,la,dominicus,suggested,1,
dominicanis,la,dominicanus,suggested,1,
dominicus,la,dominicus,suggested,1,
dominio,la,dominium,suggested,1,
dominosque,la,dominosque,suggested,1,
domorum,la,domus,suggested,1,
domumq,la,domumus,suggested,1,
domusq,la,domusq,suggested,1,
donandum,la,dono,suggested,1,
donari,la,dono,suggested,1,
donarint,la,dono,suggested,1,
donati,la,dono,suggested,1,
donaverat,la,dono,suggested,1,
dono,la,donum,suggested,1,
donus,la,donus,suggested,1,
dos,la,dos,suggested,1,
dotes,la,dos,suggested,1,
dotibus,la,dos,suggested,1,
draconem,la,draco,suggested,1,
draconi,la,draco,suggested,1,
du,la,du,suggested,1,
duabus,la,duo,suggested,1,
duabusque,la,duabus,suggested,1,
duae,la,duo,suggested,1,
duarum,la,duo,suggested,1,
dubiam,la,dubius,suggested,1,
dubitamus,la,dubito,suggested,1,
dubitan,la,dubito,suggested,1,
dubitaremus,la,dubito,suggested,1,
dubitari,la,dubito,suggested,1,
dubitarint,la,dubito,suggested,1,
dubitarit,la,dubito,suggested,1,
dubitarunt,la,dubito,suggested,1,
dubitationes,la,dubitatio,suggested,1,
dubitavit,la,dubito,suggested,1,
dubiusq,la,dubiusq,suggested,1,
duc,la,duc,suggested,1,
ducant,la,duco,suggested,1,
ducantur,la,duco,suggested,1,
ducatur,la,duco,suggested,1,
ducendam,la,duco,suggested,1,
ducenta,la,ducenti,suggested,1,
ducentas,la,ducenti,suggested,1,
ducenties,la,duceo,suggested,1,
ducere,la,duco,suggested,1,
duceret,la,duco,suggested,1,
ducimur,la,duco,suggested,1,
duco,la,duco,suggested,1,
ductabat,la,ducto,suggested,1,
ductu,la,ductus,suggested,1,
dulci,la,dulcis,suggested,1,
dumq,la,dumq,suggested,1,
duodennem,la,duodenn,suggested,1,
duodennis,la,duodennus,suggested,1,
duoq,la,duoq,suggested,1,
duplici,la,duplex,suggested,1,
durante,la,duro,suggested,1,
durantis,la,duro,suggested,1,
durarunt,la,duro,suggested,1,
duraturam,la,duro,suggested,1,
duravit,la,duro,suggested,1,
duriores,la,durus,suggested,1,
duxit,la,duco,suggested,1,
dynasta,la,dynasta,suggested,1,
dynastarum,la,dynasta,suggested,1,
dynastias,la,dynastia,suggested,1,
eae,la,is,suggested,1,
ed,la,ed,suggested,1,
edere,la,edo,suggested,1,
edes,la,edo,suggested,1,
edicta,la,edictum,suggested,1,
edidere,la,edo,suggested,1,
edidit,la,edo,suggested,1,
edisseram,la,ediseo,suggested,1,
edita,la,edo,suggested,1,
editi,la,edo,suggested,1,
editis,la,edo,suggested,1,
edoctos,la,edigo,suggested,1,
edoctus,la,edoceo,suggested,1,
educebantur,la,educo,suggested,1,
educebat,la,educo,suggested,1,
educebatur,la,educo,suggested,1,
eeiicitur,la,eeiicio,suggested,1,
effecti,la,efficio,suggested,1,
efficacia,la,efficacia,suggested,1,
efficacis,la,efficax,suggested,1,
efficerent,la,efficio,suggested,1,
effici,la,efficio,suggested,1,
efficiebant,la,efficio,suggested,1,
efficient,la,efficio,suggested,1,
effigiem,la,effigies,suggested,1,
efflagitemus,la,efflagito,suggested,1,
effraenis,la,effraenus,suggested,1,
effudisset,la,effudio,suggested,1,
effugere,la,effugio,suggested,1,
effugeret,la,effugio,suggested,1,
effugisse,la,effugio,suggested,1,
effugium,la,effugium,suggested,1,
effuse,la,effuse,suggested,1,
egentes,la,egeo,suggested,1,
egentibus,la,egeo,suggested,1,
egerunt,la,ago,suggested,1,
egestatem,la,egestas,suggested,1,
egimus,la,ago,suggested,1,
egisse,la,ego,suggested,1,
egisset,la,ago,suggested,1,
egredi,la,egredior,suggested,1,
egregia,la,egregius,suggested,1,
egregias,la,egregius,suggested,1,
egressum,la,egredior,suggested,1,
eiecerunt,la,eicio,suggested,1,
eiecit,la,eicio,suggested,1,
eiectione,la,eiectio,suggested,1,
eiicere,la,eiicio,suggested,1,
eiicerentur,la,eiicio,suggested,1,
eiiceret,la,eiicio,suggested,1,
eiiciendis,la,eiicio,suggested,1,
eisdem,la,idem,suggested,1,
eisque,la,eisque,suggested,1,
eiulatu,la,eiulatus,suggested,1,
eiurandam,la,eiuro,suggested,1,
eiurare,la,eiuro,suggested,1,
eiurarent,la,eiuro,suggested,1,
eiusd,la,ius,suggested,1,
elapsum,la,elabor,suggested,1,
elata,la,effero,suggested,1,
electi,la,eligo,suggested,1,
electum,la,eligo,suggested,1,
electus,la,eligo,suggested,1,
eleemosynae,la,eleemosyna,suggested,1,
eleemosynas,la,eleemosyna,suggested,1,
elegans,la,elego,suggested,1,
elegerat,la,eligo,suggested,1,
elegerint,la,elego,suggested,1,
elementa,la,elementum,suggested,1,
elementorum,la,elementum,suggested,1,
elevetur,la,elevo,suggested,1,
eligitur,la,eligo,suggested,1,
eloquentissimus,la,eloquens,suggested,1,
eluserunt,la,elaudo,suggested,1,
elusit,la,eludo,suggested,1,
elutos,la,eluo,suggested,1,
emanuel,la,emanuel,suggested,1,
emebat,la,emo,suggested,1,
emendandae,la,emendo,suggested,1,
emere,la,emo,suggested,1,
eminentias,la,eminentia,suggested,1,
eminet,la,emineo,suggested,1,
eminus,la,eminus,suggested,1,
emiserunt,la,emitto,suggested,1,
emissi,la,emitto,suggested,1,
emissos,la,emitto,suggested,1,
emittenda,la,emitto,suggested,1,
emollitum,la,emollo,suggested,1,
emolumento,la,emolumentum,suggested,1,
emotae,la,emoueo,suggested,1,
emporio,la,emporium,suggested,1,
empto,la,emo,suggested,1,
enarratas,la,enarro,suggested,1,
enarratis,la,enarro,suggested,1,
enecat,la,eneco,suggested,1,
eor,la,eor,suggested,1,
eorumq,la,is,suggested,1,
eosdem,la,idem,suggested,1,
eousq,la,eousq,suggested,1,
ephippia,la,ephippium,suggested,1,
ephippium,la,ephippium,suggested,1,
epitome,la,epitoma,suggested,1,
epulabatur,la,epulor,suggested,1,
epulo,la,epulum,suggested,1,
equinae,la,equina,suggested,1,
equino,la,equinus,suggested,1,
equitando,la,equito,suggested,1,
equitant,la,equito,suggested,1,
equum,la,equus,suggested,1,
eradicant,la,eradico,suggested,1,
eramus,la,sum,suggested,1,
eratque,la,sum,suggested,1,
erectis,la,erigo,suggested,1,
erepti,la,eripio,suggested,1,
erexerat,la,erego,suggested,1,
eri,la,sum,suggested,1,
erigendis,la,erigo,suggested,1,
erigere,la,erigo,suggested,1,
erigerendo,la,erigereo,suggested,1,
erigerent,la,erigo,suggested,1,
erigunt,la,erigo,suggested,1,
eripere,la,eripio,suggested,1,
ero,la,sum,suggested,1,
erogans,la,erogo,suggested,1,
erraremus,la,erro,suggested,1,
erratorum,la,erratus,suggested,1,
errores,la,error,suggested,1,
erudiendis,la,erudio,suggested,1,
erumpens,la,erumpo,suggested,1,
erumpunt,la,erumpo,suggested,1,
erunt,la,sum,suggested,1,
eruperunt,la,erumpo,suggested,1,
es,la,sum,suggested,1,
estimati,la,estimo,suggested,1,
esto,la,sum,suggested,1,
estque,la,estque,suggested,1,
estris,la,ester,suggested,1,
ethnico,la,ethnicus,suggested,1,
ethnicos,la,ethnicus,suggested,1,
ethnicum,la,ethnicus,suggested,1,
ethnicus,la,ethnicus,suggested,1,
eti,la,eti,suggested,1,
eucharistia,la,eucharistia,suggested,1,
europaeas,la,europaeus,suggested,1,
europaeorum,la,europaeus,suggested,1,
europeae,la,europeas,suggested,1,
evadendum,la,evado,suggested,1,
evadere,la,evado,suggested,1,
evaderent,la,evado,suggested,1,
evaderet,la,evado,suggested,1,
evadit,la,evado,suggested,1,
evangelicae,la,evangelicus,suggested,1,
evangelicam,la,evangelicus,suggested,1,
evangelio,la,evangelium,suggested,1,
evaserant,la,evado,suggested,1,
evasissent,la,evdo,suggested,1,
evasuri,la,evasuro,suggested,1,
evecti,la,evigo,suggested,1,
evecto,la,evigo,suggested,1,
evectus,la,eveho,suggested,1,
evenisset,la,evenio,suggested,1,
eventa,la,eventum,suggested,1,
eventum,la,eventus,suggested,1,
eventus,la,eventus,suggested,1,
everendi,la,EVERENDI,suggested,1,
everendis,la,evero,suggested,1,
eversa,la,everto,suggested,1,
evertenda,la,everto,suggested,1,
evertere,la,everto,suggested,1,
everteret,la,everto,suggested,1,
evexerat,la,eveho,suggested,1,
evidens,la,evidens,suggested,1,
evidenti,la,evidens,suggested,1,
evidentibus,la,evidens,suggested,1,
evitemus,la,evito,suggested,1,
evocaram,la,evoco,suggested,1,
evocare,la,evoco,suggested,1,
evocarent,la,evoco,suggested,1,
evocato,la,evoco,suggested,1,
evocavit,la,evoco,suggested,1,
evolaturi,la,evolo,suggested,1,
evolvendis,la,evolvo,suggested,1,
evolvet,la,evolvo,suggested,1,
evomuit,la,evomuo,suggested,1,
exacerbaret,la,exacerbo,suggested,1,
exacerbatos,la,exacerbo,suggested,1,
exacte,la,exacte,suggested,1,
exactis,la,exigo,suggested,1,
exactos,la,exigo,suggested,1,
exacuerunt,la,exaceo,suggested,1,
exaedificantur,la,exaedifico,suggested,1,
exaedificatum,la,exaedifico,suggested,1,
exaggerata,la,exaggero,suggested,1,
exagitari,la,exagito,suggested,1,
exagitati,la,exagito,suggested,1,
examinandi,la,examino,suggested,1,
examinata,la,examino,suggested,1,
exaratae,la,exaro,suggested,1,
exaratam,la,exaro,suggested,1,
exaro,la,exo,suggested,1,
exarsit,la,exardeo,suggested,1,
exauthoraretur,la,exauthoro,suggested,1,
exautorato,la,exautoro,suggested,1,
excaecatus,la,excaeco,suggested,1,
excederent,la,excedo,suggested,1,
excellentie,la,excellentia,suggested,1,
exceperit,la,excipio,suggested,1,
except,la,exipio,suggested,1,
excepti,la,excipio,suggested,1,
exceptos,la,excipio,suggested,1,
exceptum,la,excipio,suggested,1,
excesserit,la,excedo,suggested,1,
excessit,la,excedo,suggested,1,
excider,la,excido,suggested,1,
exciderit,la,excido,suggested,1,
excidio,la,excidio,suggested,1,
excidium,la,excidius,suggested,1,
excipere,la,excipio,suggested,1,
exciperentur,la,excipio,suggested,1,
exciperet,la,excipio,suggested,1,
excipiantur,la,excipio,suggested,1,
excipiebantur,la,excipio,suggested,1,
excipiendo,la,excipio,suggested,1,
excipiens,la,excipio,suggested,1,
excipientibus,la,excipio,suggested,1,
excipio,la,excipio,suggested,1,
excipiunt,la,excipio,suggested,1,
excitandi,la,excito,suggested,1,
excitandorum,la,excito,suggested,1,
excitandum,la,excito,suggested,1,
excitaret,la,excito,suggested,1,
excitaretur,la,excito,suggested,1,
excitari,la,excito,suggested,1,
excitarunt,la,excito,suggested,1,
excitasset,la,excito,suggested,1,
excitata,la,excito,suggested,1,
excitati,la,excito,suggested,1,
excitatis,la,excito,suggested,1,
excitato,la,excito,suggested,1,
excitatur,la,excito,suggested,1,
excitavimus,la,excito,suggested,1,
excitent,la,excito,suggested,1,
excitentur,la,excito,suggested,1,
excludebatur,la,excludo,suggested,1,
excludere,la,excludo,suggested,1,
excludi,la,excludo,suggested,1,
exclusa,la,excludo,suggested,1,
excluserant,la,exclo,suggested,1,
exclusi,la,excludo,suggested,1,
excogitata,la,excogito,suggested,1,
excolere,la,excolo,suggested,1,
excrescens,la,excresco,suggested,1,
excrescere,la,excresco,suggested,1,
excrevit,la,excerno,suggested,1,
excubabat,la,excubo,suggested,1,
excursionibus,la,excursio,suggested,1,
excusavit,la,excuso,suggested,1,
excutere,la,excutio,suggested,1,
exe1mpla,la,exe1mplum,suggested,1,
execrando,la,execro,suggested,1,
executione,la,exsecutio,suggested,1,
executioni,la,executio,suggested,1,
executionis,la,executio,suggested,1,
executus,la,exequor,suggested,1,
exemit,la,eximo,suggested,1,
exempl,la,exempl,suggested,1,
exemploq,la,exemploq,suggested,1,
exercendas,la,exerceo,suggested,1,
exercens,la,exerceo,suggested,1,
exercere,la,exerceo,suggested,1,
exercerent,la,exerceo,suggested,1,
exercitata,la,exercito,suggested,1,
exercitia,la,exercitium,suggested,1,
exercitiis,la,exercitium,suggested,1,
exercitui,la,exercitus,suggested,1,
exerto,la,exeo,suggested,1,
exeundi,la,exeo,suggested,1,
exeunt,la,exeo,suggested,1,
exeunte,la,exeo,suggested,1,
exhausit,la,exhaurio,suggested,1,
exhibebo,la,exhibeo,suggested,1,
exhiberent,la,exhibeo,suggested,1,
exhibitis,la,exhibeo,suggested,1,
exhibito,la,exhibeo,suggested,1,
exi,la,exeo,suggested,1,
exiguae,la,exiguus,suggested,1,
exiguam,la,exiguus,suggested,1,
exiguas,la,exiguus,suggested,1,
exigui,la,exiguus,suggested,1,
exiguor,la,exiguor,suggested,1,
exiliiq,la,exsiliiq,suggested,1,
exiliique,la,exiliique,suggested,1,
exiliit,la,exileo,suggested,1,
exilium,la,exilium,suggested,1,
exiliumve,la,Exiliumve,suggested,1,
eximeremus,la,eximo,suggested,1,
eximi,la,eximus,suggested,1,
eximia,la,eximius,suggested,1,
eximias,la,eximius,suggested,1,
eximii,la,eximius,suggested,1,
eximio,la,eximius,suggested,1,
eximium,la,eximius,suggested,1,
existimabantur,la,existimo,suggested,1,
existimarent,la,existimo,suggested,1,
existimatio,la,existimatio,suggested,1,
existimationis,la,existimatio,suggested,1,
existimaverint,la,existimo,suggested,1,
existimavi,la,existimo,suggested,1,
exit,la,exeo,suggested,1,
exitio,la,exitium,suggested,1,
exivisse,la,exeo,suggested,1,
exolescet,la,exolesco,suggested,1,
exolvere,la,exolvo,suggested,1,
exorquebat,la,exorqueo,suggested,1,
exorta,la,exorior,suggested,1,
exorti,la,exorior,suggested,1,
exosculandum,la,exosculo,suggested,1,
exotici,la,exoticus,suggested,1,
expavescerent,la,expavesco,suggested,1,
expectabatur,la,expecto,suggested,1,
expectando,la,expecto,suggested,1,
expectans,la,exspecto,suggested,1,
expectante,la,expecto,suggested,1,
expectantes,la,exspecto,suggested,1,
expectantibus,la,exspecto,suggested,1,
expectare,la,exspecto,suggested,1,
expectarent,la,exspecto,suggested,1,
expectat,la,exspecto,suggested,1,
expectationis,la,expectatio,suggested,1,
expedita,la,expedio,suggested,1,
expeditione,la,expeditio,suggested,1,
expeditionem,la,expeditio,suggested,1,
expeditioni,la,expeditio,suggested,1,
expeditionis,la,expeditio,suggested,1,
expeditiores,la,expeditus,suggested,1,
expedito,la,expedio,suggested,1,
expellendo,la,expello,suggested,1,
expelleret,la,expello,suggested,1,
expenderet,la,expendo,suggested,1,
experiamur,la,experior,suggested,1,
experientiam,la,experientia,suggested,1,
experta,la,experior,suggested,1,
experti,la,experior,suggested,1,
expetiti,la,expeto,suggested,1,
expeto,la,expeto,suggested,1,
expetunt,la,expeto,suggested,1,
expiasset,la,expio,suggested,1,
expilaverant,la,expilo,suggested,1,
explendo,la,expleo,suggested,1,
explicant,la,explico,suggested,1,
explicari,la,explico,suggested,1,
explicata,la,explico,suggested,1,
explodebantur,la,explodo,suggested,1,
explorarent,la,exploro,suggested,1,
explorata,la,exploro,suggested,1,
explorati,la,exploro,suggested,1,
explorator,la,explorator,suggested,1,
explosis,la,explosum,suggested,1,
exponam,la,expono,suggested,1,
exponebantur,la,expono,suggested,1,
exponere,la,expono,suggested,1,
exponerentur,la,expono,suggested,1,
exponit,la,expono,suggested,1,
exponitur,la,expono,suggested,1,
exporrigat,la,exporrigo,suggested,1,
exportantes,la,exporto,suggested,1,
exportarent,la,exporto,suggested,1,
exposita,la,expono,suggested,1,
expositae,la,expono,suggested,1,
expostularet,la,expostulo,suggested,1,
exposuerit,la,expono,suggested,1,
exposuimus,la,expono,suggested,1,
exposuit,la,expono,suggested,1,
expraefectorum,la,expraefectus,suggested,1,
expraefectos,la,expraefectus,suggested,1,
expresso,la,exprimo,suggested,1,
exprimerent,la,exprimo,suggested,1,
expugna,la,expugno,suggested,1,
expugnata,la,expugno,suggested,1,
expugnatio,la,expugnatio,suggested,1,
expugnationem,la,expugnatio,suggested,1,
expulit,la,expello,suggested,1,
expulsi,la,expello,suggested,1,
expulsionem,la,expulsio,suggested,1,
expulso,la,expello,suggested,1,
exquisitae,la,exquisro,suggested,1,
exquisitis,la,exquino,suggested,1,
exquisitissimae,la,exquisitus,suggested,1,
exscenderunt,la,exscendo,suggested,1,
exscensionem,la,exscensio,suggested,1,
exscindendam,la,exscindo,suggested,1,
exscindere,la,exscindo,suggested,1,
exstant,la,exsto,suggested,1,
exstitit,la,exsto,suggested,1,
exstructa,la,exstruo,suggested,1,
exstructae,la,exstruo,suggested,1,
extemplo,la,extemplus,suggested,1,
extenditur,la,extendo,suggested,1,
extensum,la,extendo,suggested,1,
exteri,la,exter,suggested,1,
exterius,la,extra,suggested,1,
exterminaret,la,extermino,suggested,1,
externa,la,externus,suggested,1,
exteros,la,exter,suggested,1,
exterquerent,la,exterqueo,suggested,1,
extimescere,la,extimesco,suggested,1,
extimesco,la,extimesco,suggested,1,
extimularunt,la,extimulo,suggested,1,
extinctae,la,extincio,suggested,1,
extincti,la,exstinguo,suggested,1,
extinctis,la,extingo,suggested,1,
extincto,la,extincto,suggested,1,
extinguendam,la,extinguo,suggested,1,
extinguere,la,ex(s)tinguo,suggested,1,
extinxit,la,extingo,suggested,1,
extirpandos,la,extirpo,suggested,1,
extirpantur,la,extirpo,suggested,1,
extirpare,la,extirpo,suggested,1,
extirparet,la,extirpo,suggested,1,
extirparint,la,extirpo,suggested,1,
extirpatum,la,extirpo,suggested,1,
extitisse,la,exsisto,suggested,1,
extollebant,la,extollo,suggested,1,
extollebat,la,extollo,suggested,1,
extollere,la,extollo,suggested,1,
extollunt,la,extollo,suggested,1,
extorquere,la,extorqueo,suggested,1,
extorsisset,la,extorsisso,suggested,1,
extorta,la,extortus,suggested,1,
extractum,la,extraho,suggested,1,
extraham,la,extraho,suggested,1,
extrahatur,la,extraho,suggested,1,
extrahentes,la,extraho,suggested,1,
extrahunt,la,extraho,suggested,1,
extraneorum,la,extraneus,suggested,1,
extraxerint,la,extrao,suggested,1,
extraxit,la,extraho,suggested,1,
extremae,la,exterior,suggested,1,
extructo,la,extruo,suggested,1,
extrudi,la,extrudo,suggested,1,
extruendis,la,extruo,suggested,1,
extruxit,la,extruo,suggested,1,
extulere,la,extulo,suggested,1,
exturbantur,la,exturbo,suggested,1,
exturbare,la,exturbo,suggested,1,
exturbati,la,exturbo,suggested,1,
exu,la,exu,suggested,1,
exuendus,la,exuo,suggested,1,
exularant,la,exularo,suggested,1,
exularat,la,exularo,suggested,1,
exularent,la,exulo,suggested,1,
exultare,la,exulto,suggested,1,
exultarent,la,exsulto,suggested,1,
exulum,la,exulus,suggested,1,
exuretur,la,exuro,suggested,1,
exurgere,la,exurgo,suggested,1,
exuti,la,exuo,suggested,1,
exveretur,la,exvor,suggested,1,
f,la,f,suggested,1,
fa,la,fa,suggested,1,
fabri,la,faber,suggested,1,
fabricae,la,fabrica,suggested,1,
fabricarunt,la,fabrico,suggested,1,
facata,la,faco,suggested,1,
facatam,la,faco,suggested,1,
facessunt,la,facesso,suggested,1,
faciam,la,facio,suggested,1,
faciat,la,facio,suggested,1,
faciebant,la,facio,suggested,1,
faciebat,la,facio,suggested,1,
faciem,la,facies,suggested,1,
faciendam,la,facio,suggested,1,
facientes,la,facio,suggested,1,
facilem,la,facilis,suggested,1,
faciles,la,facilis,suggested,1,
facilior,la,facilis,suggested,1,
facilis,la,facilis,suggested,1,
facilitate,la,facilitas,suggested,1,
facilitatis,la,facilitas,suggested,1,
facillimo,la,facile,suggested,1,
facimam,la,facimus,suggested,1,
facinore,la,facinus,suggested,1,
facinoribus,la,facinus,suggested,1,
facinus,la,facinus,suggested,1,
fact,la,faio,suggested,1,
facte,la,facio,suggested,1,
factionis,la,factio,suggested,1,
factorum,la,facio,suggested,1,
factos,la,facio,suggested,1,
facturam,la,facio,suggested,1,
facturum,la,facio,suggested,1,
facultatumque,la,facultatumque,suggested,1,
faedere,la,faedo,suggested,1,
faelicissimo,la,faelicus,suggested,1,
faeminis,la,faemina,suggested,1,
falsae,la,falsus,suggested,1,
falsam,la,falsus,suggested,1,
falso,la,falsus,suggested,1,
familiaritatis,la,familiaritas,suggested,1,
famis,la,famis,suggested,1,
famosi,la,famosus,suggested,1,
famosissimus,la,famosus,suggested,1,
famosum,la,famosus,suggested,1,
famuli,la,famulus,suggested,1,
famulorum,la,famulus,suggested,1,
fanum,la,fanus,suggested,1,
fascia,la,fascia,suggested,1,
fasciam,la,fascia,suggested,1,
fastidium,la,fastidium,suggested,1,
fatalis,la,fatalis,suggested,1,
fateor,la,fateor,suggested,1,
fatis,la,fatum,suggested,1,
fato,la,fatum,suggested,1,
fatoque,la,fatoque,suggested,1,
fatum,la,fatum,suggested,1,
faucibus,la,faux,suggested,1,
fautorq,la,fautor,suggested,1,
favens,la,faveo,suggested,1,
faveret,la,faveo,suggested,1,
favet,la,faveo,suggested,1,
februar,la,februar,suggested,1,
februarium,la,februarius,suggested,1,
fecere,la,facio,suggested,1,
fedem,la,fedes,suggested,1,
fefellit,la,fefello,suggested,1,
felicissima,la,felicis,suggested,1,
felicissime,la,felice,suggested,1,
felicissimis,la,felicus,suggested,1,
felicissimus,la,felicus,suggested,1,
felicita,la,felicitus,suggested,1,
felicitate,la,felicitas,suggested,1,
felicitatem,la,felicitas,suggested,1,
felix,la,felix,suggested,1,
fer,la,fer,suggested,1,
feram,la,fera,suggested,1,
feras,la,fera,suggested,1,
ferdinando,la,Ferdinandus,suggested,1,
ferdinandus,la,Ferdinandus,suggested,1,
ferebant,la,fero,suggested,1,
ferenda,la,fero,suggested,1,
ferendam,la,fero,suggested,1,
ferens,la,fero,suggested,1,
ferentem,la,fero,suggested,1,
ferentium,la,fero,suggested,1,
feriendis,la,ferio,suggested,1,
feritati,la,feritas,suggested,1,
ferocia,la,ferocius,suggested,1,
ferocire,la,ferocio,suggested,1,
ferocitas,la,ferocitas,suggested,1,
ferocitate,la,ferocitas,suggested,1,
ferre,la,fero,suggested,1,
ferri,la,fero,suggested,1,
fertilis,la,fertilis,suggested,1,
fervebat,la,fervo,suggested,1,
fessionibus,la,fessio,suggested,1,
fessos,la,fessus,suggested,1,
festi,la,festus,suggested,1,
festinantem,la,festino,suggested,1,
festinaret,la,festino,suggested,1,
festinationem,la,festinatio,suggested,1,
festum,la,festus,suggested,1,
fiat,la,fio,suggested,1,
fictis,la,fingo,suggested,1,
fictum,la,fingo,suggested,1,
fictus,la,fictus,suggested,1,
fideliores,la,fidelis,suggested,1,
fidelis,la,fidelis,suggested,1,
fidelissimam,la,fidelis,suggested,1,
fidelitas,la,fidelitas,suggested,1,
fidelitati,la,fidelitas,suggested,1,
fidenter,la,fidenter,suggested,1,
fidenterque,la,fidenterque,suggested,1,
fidentes,la,fido,suggested,1,
fidere,la,fido,suggested,1,
fidi,la,fidus,suggested,1,
fidioribus,la,fidus,suggested,1,
fidissimis,la,fidus,suggested,1,
fidissimo,la,fidus,suggested,1,
fidissimum,la,fidus,suggested,1,
fidissimus,la,fidus,suggested,1,
fido,la,fido,suggested,1,
fiduciam,la,fiducia,suggested,1,
fidunt,la,fido,suggested,1,
fiebant,la,fio,suggested,1,
fiet,la,fio,suggested,1,
figat,la,figo,suggested,1,
figen,la,figen,suggested,1,
figendi,la,figo,suggested,1,
figensis,la,figensis,suggested,1,
figerent,la,figo,suggested,1,
figmentis,la,figmentum,suggested,1,
figueredo,la,figueredus,suggested,1,
figuram,la,figura,suggested,1,
filiabus,la,filia,suggested,1,
filias,la,filia,suggested,1,
filioque,la,filio,suggested,1,
filios,la,filius,suggested,1,
filum,la,filus,suggested,1,
findecanus,la,findecanus,suggested,1,
findenarus,la,findenarus,suggested,1,
fines,la,finis,suggested,1,
fingana,la,Finganus,suggested,1,
finganis,la,finganus,suggested,1,
fingans,la,fingo,suggested,1,
fingensi,la,Fingensus,suggested,1,
fingensium,la,fingo,suggested,1,
fingo,la,fingus,suggested,1,
finitae,la,finio,suggested,1,
finitima,la,finitimus,suggested,1,
finitimam,la,finitimus,suggested,1,
finitimi,la,finitimus,suggested,1,
finitimis,la,finitimus,suggested,1,
finitimo,la,finitimus,suggested,1,
finivit,la,finio,suggested,1,
firadenses,la,firadenses,suggested,1,
firandensibus,la,firandensis,suggested,1,
firmam,la,firmus,suggested,1,
firmandis,la,firmo,suggested,1,
firmareque,la,firmareque,suggested,1,
firmatum,la,firmo,suggested,1,
firmiores,la,firmus,suggested,1,
firmitas,la,firmitas,suggested,1,
firmum,la,firmus,suggested,1,
firoscimani,la,firoscimanus,suggested,1,
fiungani,la,Fiunganus,suggested,1,
fixerat,la,figo,suggested,1,
fixerunt,la,figo,suggested,1,
fl,la,fl,suggested,1,
flagitiorum,la,flagitium,suggested,1,
flagrabat,la,flagro,suggested,1,
flagrans,la,flagro,suggested,1,
flagrante,la,flagro,suggested,1,
flammae,la,flamma,suggested,1,
florentibus,la,floreo,suggested,1,
florentior,la,floreo,suggested,1,
floruit,la,floreo,suggested,1,
fluctibus,la,fluctus,suggested,1,
fluens,la,fluo,suggested,1,
fluvii,la,fluvius,suggested,1,
fluvim,la,fluvis,suggested,1,
focheu,la,focheus,suggested,1,
fodinae,la,fodinus,suggested,1,
foedabat,la,foedo,suggested,1,
foedavit,la,foedo,suggested,1,
foedere,la,foedus,suggested,1,
foederis,la,foedus,suggested,1,
foemina,la,foemina,suggested,1,
foetida,la,foetidus,suggested,1,
for,la,for,suggested,1,
forent,la,foreo,suggested,1,
foris,la,foris,suggested,1,
forma,la,forma,suggested,1,
formam,la,forma,suggested,1,
formidabile,la,formidabilis,suggested,1,
formidabiles,la,formidabilis,suggested,1,
formidandum,la,formido,suggested,1,
formidarent,la,formido,suggested,1,
formidarunt,la,formido,suggested,1,
formidine,la,formido,suggested,1,
fortassis,la,fortasse,suggested,1,
forti,la,fortis,suggested,1,
fortiores,la,fortis,suggested,1,
fortique,la,fortique,suggested,1,
fortissimam,la,fortis,suggested,1,
fortissimi,la,fortis,suggested,1,
fortissimiq,la,fortis,suggested,1,
fortissimum,la,fortis,suggested,1,
fortissimus,la,fortis,suggested,1,
fortius,la,fortiter,suggested,1,
fortun,la,fortus,suggested,1,
fortunarum,la,fortuna,suggested,1,
fortunarumq,la,fortunar,suggested,1,
fossa,la,fossa,suggested,1,
fossarum,la,fossa,suggested,1,
fovend,la,foveo,suggested,1,
fracti,la,frango,suggested,1,
fragile,la,fragilis,suggested,1,
franciscana,la,franciscanus,suggested,1,
franciscani,la,franciscanus,suggested,1,
franciscanis,la,franciscanus,suggested,1,
francisco,la,franciscus,suggested,1,
frangeremur,la,frango,suggested,1,
fratribusque,la,fratribusque,suggested,1,
fratrum,la,frater,suggested,1,
fraude,la,fraus,suggested,1,
fraudes,la,fraus,suggested,1,
fremente,la,fremo,suggested,1,
frementibus,la,fremo,suggested,1,
freno,la,frenum,suggested,1,
frequentata,la,frequento,suggested,1,
frequentatae,la,frequento,suggested,1,
frequenter,la,frequenter,suggested,1,
frequentiores,la,frequens,suggested,1,
frequentissima,la,frequentus,suggested,1,
frequentissimi,la,frequens,suggested,1,
frequentissimos,la,frequens,suggested,1,
fretus,la,fretus,suggested,1,
frontem,la,frons,suggested,1,
fructuosam,la,fructuosus,suggested,1,
fructuose,la,fructuose,suggested,1,
fruebatur,la,fruor,suggested,1,
frugum,la,frux,suggested,1,
fruitur,la,fruor,suggested,1,
frusta,la,frustus,suggested,1,
frustratus,la,frustro,suggested,1,
fu,la,fu,suggested,1,
fucuscimandonum,la,fucuscimandonus,suggested,1,
fucuscimandonus,la,fucuscimandonus,suggested,1,
fuderunt,la,fundo,suggested,1,
fudit,la,fundo,suggested,1,
fuerim,la,sum,suggested,1,
fuerimus,la,sum,suggested,1,
fuero,la,sum,suggested,1,
fugat,la,fugo,suggested,1,
fugatus,la,fugo,suggested,1,
fugerunt,la,fugio,suggested,1,
fuggeren,la,fuggo,suggested,1,
fugiendi,la,fugio,suggested,1,
fugiens,la,fugio,suggested,1,
fugientem,la,fugio,suggested,1,
fugienti,la,fugio,suggested,1,
fugientibus,la,fugio,suggested,1,
fugisset,la,fugio,suggested,1,
fugit,la,fugio,suggested,1,
fui,la,sum,suggested,1,
fuissem,la,sum,suggested,1,
fulgentem,la,fulgeo,suggested,1,
fulgorem,la,fulgor,suggested,1,
fulmina,la,fulmen,suggested,1,
fulminatur,la,fulmino,suggested,1,
functione,la,functio,suggested,1,
functiones,la,functio,suggested,1,
functionesq,la,function,suggested,1,
functionum,la,functio,suggested,1,
functus,la,fungo,suggested,1,
fundamentis,la,fundamentum,suggested,1,
fundare,la,fundo,suggested,1,
fundata,la,fundo,suggested,1,
fundati,la,fundo,suggested,1,
fundatione,la,fundatio,suggested,1,
fundatorem,la,fundator,suggested,1,
funditus,la,funditus,suggested,1,
fundunt,la,fundo,suggested,1,
funem,la,funis,suggested,1,
funera,la,funus,suggested,1,
funestissimas,la,funestus,suggested,1,
funesto,la,funestus,suggested,1,
funestum,la,funestus,suggested,1,
furiae,la,furia,suggested,1,
furibunda,la,furibundus,suggested,1,
furiose,la,furiose,suggested,1,
furores,la,furor,suggested,1,
fusa,la,fundo,suggested,1,
fuscim,la,fuscim,suggested,1,
fuscimana,la,fuscimanus,suggested,1,
fuscimano,la,fuscimanus,suggested,1,
fuscimo,la,fuscimus,suggested,1,
fuscimum,la,fuscimus,suggested,1,
fuse,la,fuse,suggested,1,
fuso,la,fusus,suggested,1,
fusus,la,fundo,suggested,1,
futurae,la,futurus,suggested,1,
futurorum,la,futurus,suggested,1,
gabantur,la,gabo,suggested,1,
gabriel,la,gabriel,suggested,1,
gabriele,la,gabrielis,suggested,1,
gaiocae,la,gaiocus,suggested,1,
galea,la,galea,suggested,1,
gasacho,la,gasachus,suggested,1,
gasachum,la,gasachum,suggested,1,
gaudeat,la,gaudeo,suggested,1,
gaudemus,la,gaudeo,suggested,1,
gaudentibus,la,gaudeo,suggested,1,
gaudere,la,gaudeo,suggested,1,
gauderent,la,gaudeo,suggested,1,
gavisi,la,gaudeo,suggested,1,
gazam,la,gaza,suggested,1,
gemituque,la,gemituque,suggested,1,
generali,la,generalis,suggested,1,
generalibus,la,generalis,suggested,1,
generofus,la,generofus,suggested,1,
generose,la,generose,suggested,1,
generosus,la,generosus,suggested,1,
genio,la,genium,suggested,1,
geniti,la,gigno,suggested,1,
genitoris,la,genitor,suggested,1,
gensis,la,gensis,suggested,1,
gentilem,la,gentilis,suggested,1,
gentilitatis,la,gentilitas,suggested,1,
gentilitiae,la,gentilitia,suggested,1,
gentilitios,la,gentilitus,suggested,1,
gentos,la,gentum,suggested,1,
genua,la,genua,suggested,1,
gerebant,la,gero,suggested,1,
gerebat,la,gero,suggested,1,
gerendis,la,gero,suggested,1,
gerere,la,gero,suggested,1,
gererent,la,gero,suggested,1,
gererentur,la,gero,suggested,1,
germanica,la,germanicus,suggested,1,
germanicum,la,germanicus,suggested,1,
germano,la,germanus,suggested,1,
gerunt,la,gero,suggested,1,
gesserunt,la,gero,suggested,1,
gessit,la,gero,suggested,1,
gesta,la,gero,suggested,1,
gestae,la,gero,suggested,1,
gestamen,la,gestamen,suggested,1,
gestans,la,gesto,suggested,1,
gianangauandono,la,Gianangauandonus,suggested,1,
giateuscirani,la,giateusciranus,suggested,1,
giateusciranos,la,giateusciranus,suggested,1,
giateusciranum,la,giateusciror,suggested,1,
giavani,la,giavane,suggested,1,
gibonoscium,la,gibonoscium,suggested,1,
ginsem,la,ginses,suggested,1,
git,la,gio,suggested,1,
giusq,la,giusq,suggested,1,
gladium,la,gladius,suggested,1,
globi,la,globus,suggested,1,
gloriosae,la,gloriosus,suggested,1,
gloriose,la,gloriose,suggested,1,
gloriosum,la,gloriosus,suggested,1,
gnarusque,la,gnarusque,suggested,1,
gomez,la,gomez,suggested,1,
gra,la,gra,suggested,1,
gradus,la,gradus,suggested,1,
graecorum,la,Graeci,suggested,1,
granario,la,granarium,suggested,1,
grassanti,la,grasso,suggested,1,
grassetti,la,Grassettus,suggested,1,
grat,la,grat,suggested,1,
grata,la,gratus,suggested,1,
gratiis,la,gratia,suggested,1,
gratissima,la,gratus,suggested,1,
gravatur,la,gravo,suggested,1,
grave,la,gravis,suggested,1,
gravior,la,gravis,suggested,1,
gravis,la,gravis,suggested,1,
gravissima,la,gravis,suggested,1,
gravitate,la,gravitas,suggested,1,
gravitatem,la,gravitas,suggested,1,
gregarius,la,gregarius,suggested,1,
grege,la,grex,suggested,1,
greges,la,grex,suggested,1,
gregi,la,grex,suggested,1,
gregis,la,grex,suggested,1,
gregorium,la,Gregorius,suggested,1,
gremium,la,gremium,suggested,1,
gu,la,gu,suggested,1,
guadent,la,guado,suggested,1,
gubern,la,guber,suggested,1,
gubernabat,la,guberno,suggested,1,
gubernabatur,la,guberno,suggested,1,
gubernaculis,la,gubernaculum,suggested,1,
gubernantis,la,guberno,suggested,1,
gubernatore,la,gubernator,suggested,1,
gubernatorumque,la,gubernatorumque,suggested,1,
gubonoscio,la,Gubonoscius,suggested,1,
guei,la,gueus,suggested,1,
gueio,la,Gueius,suggested,1,
guifu,la,guifus,suggested,1,
guo,la,guo,suggested,1,
gus,la,gus,suggested,1,
gymnasium,la,gymnasius,suggested,1,
h,la,h,suggested,1,
habeant,la,habeo,suggested,1,
habebamus,la,habeo,suggested,1,
habebatur,la,habeo,suggested,1,
habemus,la,habeo,suggested,1,
haberi,la,habeo,suggested,1,
habetur,la,habeo,suggested,1,
habitant,la,habito,suggested,1,
habitaretur,la,habito,suggested,1,
habitat,la,habito,suggested,1,
habitaverat,la,habito,suggested,1,
habitis,la,habeo,suggested,1,
habuerit,la,habeo,suggested,1,
habuimus,la,habeo,suggested,1,
habuisset,la,habeo,suggested,1,
hae,la,hic,suggested,1,
haereamus,la,haereo,suggested,1,
haeredis,la,haeres,suggested,1,
haerentem,la,haereo,suggested,1,
haerentes,la,haereo,suggested,1,
haereremus,la,haereo,suggested,1,
haesimus,la,haedo,suggested,1,
hai,la,hai,suggested,1,
halucinati,la,halucino,suggested,1,
han,la,hic,suggested,1,
hanchung,la,hanchung,suggested,1,
hauserunt,la,hausero,suggested,1,
haustis,la,hausto,suggested,1,
haustus,la,haustus,suggested,1,
heres,la,heres,suggested,1,
herodis,la,Herodes,suggested,1,
heroico,la,heroicus,suggested,1,
hí,la,hí,suggested,1,
hienkien,la,hienkies,suggested,1,
hieronymi,la,hieronymis,suggested,1,
hieronymo,la,Hieronymus,suggested,1,
hilarem,la,hilaris,suggested,1,
hilariter,la,hilariter,suggested,1,
historiarum,la,historia,suggested,1,
hoang,la,hoang,suggested,1,
hoangchoango,la,hoangchoangus,suggested,1,
hoangchoangus,la,hoangchoangus,suggested,1,
hodieq,la,hodieq,suggested,1,
hoi,la,hic,suggested,1,
hoigan,la,hoigus,suggested,1,
hoii,la,hoius,suggested,1,
hollandorum,la,hollaneo,suggested,1,
homin,la,homin,suggested,1,
homuncio,la,homuncium,suggested,1,
honestatis,la,honestas,suggested,1,
honeste,la,honeste,suggested,1,
honorabit,la,honoro,suggested,1,
honorarii,la,honorarius,suggested,1,
honorariis,la,honorarius,suggested,1,
honorario,la,honorarius,suggested,1,
honorarium,la,honorarius,suggested,1,
honorarius,la,honorarius,suggested,1,
honoremque,la,honoremque,suggested,1,
honoreq,la,honor,suggested,1,
honorificum,la,honorificus,suggested,1,
horam,la,hora,suggested,1,
horarum,la,hora,suggested,1,
hordas,la,horda,suggested,1,
horrenda,la,horreo,suggested,1,
horrendis,la,horreo,suggested,1,
horresco,la,horresco,suggested,1,
horribili,la,horribilis,suggested,1,
horridique,la,horridique,suggested,1,
horrificam,la,horrificus,suggested,1,
horrore,la,horror,suggested,1,
hortantur,la,horto,suggested,1,
hortatus,la,hortor,suggested,1,
hosce,la,hic,suggested,1,
hospitio,la,hospitium,suggested,1,
hosti,la,hostis,suggested,1,
hostili,la,hostilis,suggested,1,
hostilium,la,hostilis,suggested,1,
houm,la,ic,suggested,1,
huc,la,huc,suggested,1,
huma,la,huma,suggested,1,
humandis,la,humando,suggested,1,
humanior,la,humanus,suggested,1,
humaniores,la,humanus,suggested,1,
humanis,la,humanus,suggested,1,
humanitat,la,humanitat,suggested,1,
humanitate,la,humanitas,suggested,1,
humanitatem,la,humanitas,suggested,1,
humanum,la,humanus,suggested,1,
humanus,la,humanus,suggested,1,
humarent,la,humaro,suggested,1,
humatum,la,humo,suggested,1,
humeris,la,humerus,suggested,1,
humero,la,humerus,suggested,1,
humi,la,humus,suggested,1,
humile,la,humilis,suggested,1,
humiliora,la,humilis,suggested,1,
humilioribus,la,humilis,suggested,1,
humillime,la,humile,suggested,1,
humillimus,la,umillimus,suggested,1,
humorum,la,umor,suggested,1,
hungaricis,la,hungaricus,suggested,1,
hungiius,la,hungie,suggested,1,
hungquangus,la,hungquangus,suggested,1,
hydrae,la,hydra,suggested,1,
hypocritae,la,hypocrita,suggested,1,
iacobi,la,Iacobus,suggested,1,
iactarentur,la,iacto,suggested,1,
iactata,la,iacto,suggested,1,
iactum,la,iactus,suggested,1,
iactura,la,iactura,suggested,1,
iacturae,la,iactura,suggested,1,
iacturam,la,iactura,suggested,1,
iamba,la,iamba,suggested,1,
iamdudum,la,iamdudum,suggested,1,
iampridem,la,iampridem,suggested,1,
iamq,la,iamq,suggested,1,
iamque,la,iamque,suggested,1,
ianuarii,la,ianuarius,suggested,1,
iaponensium,la,iaponensis,suggested,1,
iapones,la,Iapones,suggested,1,
iaponibus,la,iaponus,suggested,1,
iaponicarum,la,iaponicus,suggested,1,
iaponico,la,iaponicus,suggested,1,
iaponicorum,la,iaponicus,suggested,1,
iaponii,la,Iaponius,suggested,1,
iaponiis,la,iaponius,suggested,1,
iaponio,la,Iaponius,suggested,1,
iaponiorum,la,iaponius,suggested,1,
iaponius,la,iaponius,suggested,1,
iatenscico,la,iatenscicus,suggested,1,
iateusciranos,la,iateusciranus,suggested,1,
iateusciro,la,iateuscirus,suggested,1,
iatusciranum,la,iatusciranus,suggested,1,
ibant,la,eo,suggested,1,
ibat,la,eo,suggested,1,
ibiq,la,ibiq,suggested,1,
ichinocamus,la,ichinoco,suggested,1,
icta,la,ingo,suggested,1,
ictu,la,ictus,suggested,1,
ictum,la,ictus,suggested,1,
ictus,la,ictus,suggested,1,
idemque,la,itemque,suggested,1,
idiomatis,la,idiomo,suggested,1,
idolatrae,la,idolatra,suggested,1,
idolis,la,idolum,suggested,1,
idolo,la,idolon,suggested,1,
idololatram,la,idololatra,suggested,1,
idololatria,la,idololatria,suggested,1,
idololatriam,la,idololatria,suggested,1,
idoneis,la,idoneus,suggested,1,
idq,la,idq,suggested,1,
idque,la,idque,suggested,1,
iecias,la,iecias,suggested,1,
ierosolymitanae,la,ierosolymito,suggested,1,
ignari,la,ignarus,suggested,1,
ignaris,la,ignarus,suggested,1,
ignav,la,ignavs,suggested,1,
ignem,la,ignis,suggested,1,
ignemve,la,ignemvis,suggested,1,
igni,la,ignis,suggested,1,
ignibus,la,ignis,suggested,1,
ignominiae,la,ignominia,suggested,1,
ignorabant,la,ignoro,suggested,1,
ignorabat,la,ignoro,suggested,1,
ignorans,la,ignoro,suggested,1,
ignorantiae,la,ignorantia,suggested,1,
ignorarent,la,ignoro,suggested,1,
ignoraret,la,ignoro,suggested,1,
ignoratur,la,ignoro,suggested,1,
ignorem,la,ignor,suggested,1,
ignota,la,ignotus,suggested,1,
ignovit,la,ignosco,suggested,1,
iibere,la,iibere,suggested,1,
iiceretur,la,iiceo,suggested,1,
iique,la,iique,suggested,1,
iisque,la,iisque,suggested,1,
ill,la,ile,suggested,1,
illae,la,ille,suggested,1,
illaesa,la,illaesus,suggested,1,
illatae,la,infero,suggested,1,
illatas,la,infero,suggested,1,
illaturi,la,illo,suggested,1,
illecti,la,illigo,suggested,1,
illibatam,la,illibo,suggested,1,
illigatis,la,illigo,suggested,1,
illoque,la,illoque,suggested,1,
illor,la,illor,suggested,1,
illudendi,la,illudeo,suggested,1,
illudunt,la,illudo,suggested,1,
illustre,la,illustris,suggested,1,
illustres,la,illustris,suggested,1,
illustri,la,illustris,suggested,1,
illustriorem,la,illustris,suggested,1,
illustris,la,illustris,suggested,1,
im,la,im,suggested,1,
imbuti,la,imbuo,suggested,1,
imm,la,imm,suggested,1,
immania,la,immanis,suggested,1,
immanior,la,immanus,suggested,1,
immanis,la,immanis,suggested,1,
immanissime,la,immaniter,suggested,1,
immanitate,la,immanitas,suggested,1,
immanitatem,la,immanitas,suggested,1,
immaniter,la,immaniter,suggested,1,
imme,la,imme,suggested,1,
immediatam,la,immediatus,suggested,1,
immensas,la,immensus,suggested,1,
immensasque,la,immensasque,suggested,1,
immensum,la,immensus,suggested,1,
immeritam,la,immeritus,suggested,1,
immigravit,la,immigro,suggested,1,
imminenti,la,immineo,suggested,1,
imminere,la,immineo,suggested,1,
imminuimus,la,imminuo,suggested,1,
imminuta,la,imminuo,suggested,1,
imminutae,la,imminuo,suggested,1,
imminuto,la,imminuo,suggested,1,
immisceamus,la,immisceo,suggested,1,
immiscere,la,immisceo,suggested,1,
immiserit,la,immitto,suggested,1,
immisisse,la,immitto,suggested,1,
immissa,la,immitto,suggested,1,
immissae,la,immitto,suggested,1,
immittebat,la,immitto,suggested,1,
immoderationem,la,immoderatio,suggested,1,
immolaret,la,immolo,suggested,1,
immolavit,la,immolo,suggested,1,
immunis,la,immunis,suggested,1,
immutasse,la,immuto,suggested,1,
imparem,la,imparis,suggested,1,
impares,la,imparis,suggested,1,
impe,la,impe,suggested,1,
impediantur,la,impedio,suggested,1,
impedientibus,la,impedio,suggested,1,
impedimentis,la,impedimentum,suggested,1,
impedimentum,la,impedimentum,suggested,1,
impediri,la,impedio,suggested,1,
impediti,la,impedio,suggested,1,
impeditos,la,impedio,suggested,1,
impediunt,la,impedio,suggested,1,
impedivissent,la,impedo,suggested,1,
impedivisset,la,impedio,suggested,1,
impellere,la,impello,suggested,1,
impendeat,la,impendeo,suggested,1,
impendentem,la,impendeo,suggested,1,
impendentia,la,impendeo,suggested,1,
impendere,la,impendeo,suggested,1,
impendisset,la,impendo,suggested,1,
impendit,la,impendo,suggested,1,
impensa,la,impensa,suggested,1,
impense,la,impense,suggested,1,
impensis,la,impensis,suggested,1,
impenso,la,impensus,suggested,1,
imperabat,la,impero,suggested,1,
imperandi,la,impero,suggested,1,
imperans,la,impero,suggested,1,
imperaret,la,impero,suggested,1,
imperarit,la,impero,suggested,1,
imperatum,la,impero,suggested,1,
imperavit,la,impero,suggested,1,
imperet,la,impero,suggested,1,
imperi,la,imperium,suggested,1,
imperit,la,impero,suggested,1,
imperitae,la,imperitus,suggested,1,
imperitia,la,imperitia,suggested,1,
imperterritos,la,imperterritos,suggested,1,
imperterritus,la,imperterritus,suggested,1,
impertiverit,la,impertio,suggested,1,
impetrare,la,impetro,suggested,1,
impetraret,la,impetro,suggested,1,
impetrasse,la,impetro,suggested,1,
impetratis,la,impetro,suggested,1,
impetravit,la,impetro,suggested,1,
impetus,la,impetus,suggested,1,
impia,la,impius,suggested,1,
impiam,la,impius,suggested,1,
impie,la,impie,suggested,1,
impio,la,impius,suggested,1,
impletas,la,impleo,suggested,1,
implevit,la,impleo,suggested,1,
implicuit,la,impliceo,suggested,1,
implorantes,la,imploro,suggested,1,
imponens,la,impono,suggested,1,
imponerent,la,impono,suggested,1,
importunos,la,importunus,suggested,1,
impositi,la,impono,suggested,1,
imposito,la,impono,suggested,1,
impositoque,la,imposino,suggested,1,
impositus,la,impono,suggested,1,
impostorem,la,impostor,suggested,1,
imposuit,la,impono,suggested,1,
impraesentiarum,la,impraesentia,suggested,1,
impression,la,impressus,suggested,1,
impressione,la,impressio,suggested,1,
impressis,la,imprimo,suggested,1,
improbitas,la,improbitas,suggested,1,
inaccessam,la,inaccessus,suggested,1,
inaequali,la,inaequalis,suggested,1,
inaudii,la,inaudius,suggested,1,
inaudit,la,inaudio,suggested,1,
inauguratis,la,inauguro,suggested,1,
incarceratione,la,incarceratio,suggested,1,
incarceratorum,la,incarcerator,suggested,1,
incedebant,la,incedo,suggested,1,
incederent,la,incedo,suggested,1,
incendiis,la,incendium,suggested,1,
incendit,la,incendo,suggested,1,
incensi,la,incendo,suggested,1,
inceptum,la,incipio,suggested,1,
incerta,la,incertus,suggested,1,
incertis,la,incertus,suggested,1,
inchoata,la,inchoo,suggested,1,
inchoatam,la,inchoo,suggested,1,
inchoatum,la,inchoo,suggested,1,
incid,la,incid,suggested,1,
incideret,la,incido,suggested,1,
inciperet,la,incipio,suggested,1,
incitanda,la,incito,suggested,1,
inclinare,la,inclino,suggested,1,
includeretur,la,includo,suggested,1,
includi,la,includo,suggested,1,
includo,la,includo,suggested,1,
inclusa,la,includo,suggested,1,
inclytum,la,inclytus,suggested,1,
incolae,la,incola,suggested,1,
incolebam,la,incolo,suggested,1,
incolendis,la,incolo,suggested,1,
incolentes,la,incolo,suggested,1,
incolit,la,incolo,suggested,1,
incoluerat,la,incolo,suggested,1,
incolumis,la,incolumis,suggested,1,
incommodis,la,incommodus,suggested,1,
incommodorumque,la,incommodorumque,suggested,1,
incomposito,la,incompositus,suggested,1,
inconcinnum,la,inconcinnus,suggested,1,
inconstantis,la,inconsto,suggested,1,
inconsulte,la,inconsulte,suggested,1,
inconsulto,la,inconsultus,suggested,1,
incredibile,la,incredibilis,suggested,1,
incredibilia,la,incredibilis,suggested,1,
incredibilis,la,incredibilis,suggested,1,
incrementa,la,incrementum,suggested,1,
increpabat,la,increpo,suggested,1,
incruenta,la,incruenio,suggested,1,
inculcant,la,inculco,suggested,1,
inculpata,la,inculpo,suggested,1,
incumbebat,la,incumbo,suggested,1,
incumbens,la,incumbo,suggested,1,
incuria,la,incuria,suggested,1,
incurrere,la,incurro,suggested,1,
incurrerunt,la,incurro,suggested,1,
incuteret,la,incuto,suggested,1,
indecorum,la,indecorus,suggested,1,
indeq,la,indeq,suggested,1,
indiae,la,india,suggested,1,
indicaretur,la,indico,suggested,1,
indicas,la,indica,suggested,1,
indici,la,indix,suggested,1,
indiciis,la,indicium,suggested,1,
indicium,la,indicium,suggested,1,
indicta,la,indico,suggested,1,
indies,la,indies,suggested,1,
indigenae,la,indigena,suggested,1,
indigenis,la,indigenis,suggested,1,
indigeret,la,indigeo,suggested,1,
indigna,la,indignus,suggested,1,
indignabantur,la,indignor,suggested,1,
indignantes,la,indignor,suggested,1,
indignatio,la,indignatio,suggested,1,
indignationem,la,indignatio,suggested,1,
indignationis,la,indignatio,suggested,1,
indignissimus,la,indignus,suggested,1,
indignitate,la,indignitas,suggested,1,
indignus,la,indignus,suggested,1,
indiscretorum,la,indiscretor,suggested,1,
indiscretus,la,indiscretus,suggested,1,
indole,la,indoles,suggested,1,
indoles,la,indolis,suggested,1,
inducens,la,induco,suggested,1,
inducti,la,induco,suggested,1,
induere,la,induo,suggested,1,
induerent,la,induo,suggested,1,
induerunt,la,induo,suggested,1,
induit,la,induo,suggested,1,
indulgere,la,indulgeo,suggested,1,
indulserant,la,indultio,suggested,1,
indulsit,la,indulgeo,suggested,1,
indum,la,indus,suggested,1,
indurant,la,induro,suggested,1,
indurata,la,induro,suggested,1,
induta,la,induo,suggested,1,
indutos,la,induo,suggested,1,
indutum,la,induo,suggested,1,
indutus,la,induo,suggested,1,
inermes,la,inermis,suggested,1,
ineunda,la,ineo,suggested,1,
ineundis,la,ineo,suggested,1,
inexspectato,la,inexspecto,suggested,1,
infame,la,infamis,suggested,1,
infanda,la,infandus,suggested,1,
infantibus,la,infans,suggested,1,
infantis,la,infans,suggested,1,
infausta,la,infaustus,suggested,1,
infausto,la,infaustus,suggested,1,
infectantur,la,infecto,suggested,1,
infelice,la,infelice,suggested,1,
infelicem,la,infelix,suggested,1,
infeliciter,la,infeliciter,suggested,1,
infelicius,la,infeliciter,suggested,1,
infelix,la,infelix,suggested,1,
infensus,la,infendo,suggested,1,
inferant,la,infero,suggested,1,
inferatur,la,infero,suggested,1,
inferebant,la,infero,suggested,1,
inferebat,la,infero,suggested,1,
inferente,la,infero,suggested,1,
inferentes,la,infero,suggested,1,
inferet,la,infero,suggested,1,
inferior,la,inferus,suggested,1,
inferiores,la,inferus,suggested,1,
inferioris,la,inferus,suggested,1,
infernales,la,infernalis,suggested,1,
infernalis,la,infernalis,suggested,1,
inferre,la,infero,suggested,1,
infestabant,la,infesto,suggested,1,
infestam,la,infestus,suggested,1,
infestant,la,infesto,suggested,1,
infestas,la,infestus,suggested,1,
infestavit,la,infesto,suggested,1,
infideli,la,infidelis,suggested,1,
infidelibus,la,infidelis,suggested,1,
infidelitatis,la,infidelitas,suggested,1,
infidi,la,infidis,suggested,1,
infidus,la,infidus,suggested,1,
infimae,la,inferus,suggested,1,
infimi,la,inferus,suggested,1,
infimis,la,inferus,suggested,1,
infimorumque,la,infimorumque,suggested,1,
infinita,la,infinitus,suggested,1,
infinitae,la,infinitus,suggested,1,
inflammatus,la,inflammo,suggested,1,
inflati,la,inflo,suggested,1,
inflatur,la,inflo,suggested,1,
informatio,la,informatio,suggested,1,
infractum,la,infrago,suggested,1,
ing,la,ing,suggested,1,
ingenerarent,la,ingenero,suggested,1,
ingenia,la,ingenium,suggested,1,
ingenii,la,ingenium,suggested,1,
ingenioque,la,ingenioque,suggested,1,
ingenium,la,ingenium,suggested,1,
ingentis,la,ingens,suggested,1,
ingeramus,la,ingero,suggested,1,
ingrata,la,ingratus,suggested,1,
ingratum,la,ingratus,suggested,1,
ingrederetur,la,ingredior,suggested,1,
ingrediamur,la,ingredior,suggested,1,
ingrediaris,la,ingredior,suggested,1,
ingrediebantur,la,ingredior,suggested,1,
ingressos,la,ingredior,suggested,1,
ingressurus,la,ingressor,suggested,1,
inhabitandam,la,inhabito,suggested,1,
inhabitare,la,inhabito,suggested,1,
inhiare,la,inhio,suggested,1,
inhiarunt,la,inhio,suggested,1,
inhibendum,la,inhibeo,suggested,1,
inhibuit,la,inhibeo,suggested,1,
inhumana,la,inhumanus,suggested,1,
iniecta,la,inicio,suggested,1,
inierant,la,inio,suggested,1,
iniiciunt,la,iniicio,suggested,1,
iniit,la,ineo,suggested,1,
inimica,la,inimicus,suggested,1,
inimici,la,inimicus,suggested,1,
inimicitia,la,inimicitia,suggested,1,
inimicitias,la,inimicitia,suggested,1,
inimico,la,inimicus,suggested,1,
inimicorum,la,inimicus,suggested,1,
iniqua,la,iniquus,suggested,1,
iniquissimas,la,iniquus,suggested,1,
iniquissimis,la,iniquus,suggested,1,
inire,la,ineo,suggested,1,
iniret,la,ineo,suggested,1,
inita,la,ineo,suggested,1,
initae,la,ineo,suggested,1,
initi,la,ineo,suggested,1,
initiaretur,la,initio,suggested,1,
initiari,la,initior,suggested,1,
initientur,la,initior,suggested,1,
iniuriuam,la,iniuriuus,suggested,1,
iniusta,la,iniustus,suggested,1,
iniustae,la,iniustus,suggested,1,
iniustam,la,iniustus,suggested,1,
inivimus,la,iniuo,suggested,1,
innocentem,la,innocens,suggested,1,
innocentes,la,innocens,suggested,1,
innocenti,la,innocens,suggested,1,
innocentiam,la,innocentia,suggested,1,
innocentibus,la,innocens,suggested,1,
innocentum,la,innocentus,suggested,1,
innorescat,la,innoresco,suggested,1,
innotescet,la,innotesco,suggested,1,
innotuerat,la,innotuo,suggested,1,
innotuerit,la,innotuo,suggested,1,
innotuit,la,innotesco,suggested,1,
innoxiam,la,innoxius,suggested,1,
innoxio,la,innoxius,suggested,1,
innoxios,la,innoxius,suggested,1,
innumeras,la,innumerus,suggested,1,
innumeris,la,innumerus,suggested,1,
innumeros,la,innumerus,suggested,1,
ino,la,ino,suggested,1,
inopinata,la,inopinatus,suggested,1,
inopinatus,la,inopinatus,suggested,1,
inops,la,inops,suggested,1,
inprimis,la,inprimus,suggested,1,
inque,la,inque,suggested,1,
inquiebat,la,inquam,suggested,1,
inquietas,la,inquietus,suggested,1,
inquietissime,la,inquiete,suggested,1,
inquirebant,la,inquiro,suggested,1,
inquirit,la,inquiro,suggested,1,
inquisitio,la,inquisitio,suggested,1,
inquisitionis,la,inquisitio,suggested,1,
inquiunt,la,inquam,suggested,1,
insanam,la,insanus,suggested,1,
insaniebat,la,insanio,suggested,1,
insciis,la,inscius,suggested,1,
inscio,la,inscio,suggested,1,
inscius,la,inscius,suggested,1,
inscripta,la,inscribo,suggested,1,
inscriptiones,la,inscriptio,suggested,1,
insecuta,la,insequor,suggested,1,
insequenti,la,insequor,suggested,1,
insequentis,la,insequor,suggested,1,
insequitur,la,insequor,suggested,1,
insequuntur,la,insequor,suggested,1,
inserto,la,insero,suggested,1,
insidias,la,insidiae,suggested,1,
insignia,la,insignis,suggested,1,
insignium,la,insignis,suggested,1,
insilientes,la,insilio,suggested,1,
insinuavi,la,insinuo,suggested,1,
insolens,la,insoleo,suggested,1,
insolentes,la,insolens,suggested,1,
insolentia,la,insolentia,suggested,1,
insonti,la,insons,suggested,1,
insontibus,la,insons,suggested,1,
inspecturus,la,inspicio,suggested,1,
instabiles,la,instabilis,suggested,1,
instabilis,la,instabilis,suggested,1,
instar,la,instar,suggested,1,
instigantibus,la,instigo,suggested,1,
instituebatur,la,instituo,suggested,1,
instituendo,la,instituo,suggested,1,
instituens,la,instituo,suggested,1,
instituere,la,instituo,suggested,1,
instituerentur,la,instituo,suggested,1,
institui,la,instituo,suggested,1,
instituta,la,instituo,suggested,1,
institutae,la,instituo,suggested,1,
institutam,la,instituo,suggested,1,
institutione,la,institutio,suggested,1,
institutioni,la,institutio,suggested,1,
institutionis,la,institutio,suggested,1,
institutum,la,institutum,suggested,1,
instructus,la,instruo,suggested,1,
instrueret,la,instruo,suggested,1,
instruit,la,instruo,suggested,1,
instruxerant,la,instruco,suggested,1,
instruxit,la,instruo,suggested,1,
insulamque,la,insulam,suggested,1,
insulas,la,insula,suggested,1,
insulis,la,insula,suggested,1,
insumpserunt,la,insumo,suggested,1,
insumptos,la,insumo,suggested,1,
insurgentes,la,insurgo,suggested,1,
insurgentibus,la,insurgo,suggested,1,
insurrexerant,la,insurgo,suggested,1,
insurrexit,la,insurgo,suggested,1,
insuta,la,insutus,suggested,1,
intacti,la,intago,suggested,1,
intecedit,la,intecedo,suggested,1,
integer,la,integer,suggested,1,
integram,la,integer,suggested,1,
integritati,la,integritas,suggested,1,
integrum,la,integer,suggested,1,
intellecto,la,intellego,suggested,1,
intellexerint,la,intellego,suggested,1,
intellexissent,la,intellego,suggested,1,
intellexit,la,intellego,suggested,1,
intelligant,la,intellego,suggested,1,
intelligantur,la,intellego,suggested,1,
intelligat,la,intellego,suggested,1,
intelliget,la,intellego,suggested,1,
intelligo,la,intelligo,suggested,1,
intelligunt,la,intellego,suggested,1,
intendit,la,intendo,suggested,1,
intenti,la,intendo,suggested,1,
intentos,la,intendo,suggested,1,
intentus,la,intendo,suggested,1,
intercedebant,la,intercedo,suggested,1,
intercedentes,la,intercedo,suggested,1,
intercedere,la,intercedo,suggested,1,
intercederet,la,intercedo,suggested,1,
intercepisset,la,intercipio,suggested,1,
intercipere,la,intercipio,suggested,1,
intercipiendi,la,intercipio,suggested,1,
intercipit,la,intercipio,suggested,1,
intercludebat,la,intercludo,suggested,1,
intercludendo,la,intercludo,suggested,1,
intercluderent,la,intercludo,suggested,1,
intercluderetur,la,intercludo,suggested,1,
interclusa,la,intercludo,suggested,1,
interclusuri,la,interclusuro,suggested,1,
interdicta,la,interdico,suggested,1,
interdiu,la,interdiu,suggested,1,
interdixit,la,interdico,suggested,1,
interemerit,la,interemo,suggested,1,
interemit,la,interimo,suggested,1,
interempto,la,interimo,suggested,1,
interempturum,la,interempio,suggested,1,
interfuerit,la,intersum,suggested,1,
interiectae,la,intericio,suggested,1,
interiectus,la,intericio,suggested,1,
interimunt,la,interimo,suggested,1,
interitus,la,interitus,suggested,1,
internecionem,la,internecio,suggested,1,
interposita,la,interpono,suggested,1,
interque,la,interque,suggested,1,
interrogat,la,interrogo,suggested,1,
interrogavit,la,interrogo,suggested,1,
interveniente,la,intervenio,suggested,1,
intervenientis,la,intervenio,suggested,1,
interventu,la,interventus,suggested,1,
intimum,la,intimus,suggested,1,
intolerabile,la,intolerabilis,suggested,1,
intorcetta,la,intorcettus,suggested,1,
intrandi,la,intro,suggested,1,
intrandum,la,intro,suggested,1,
intrantium,la,intro,suggested,1,
intrepida,la,intrepidus,suggested,1,
introduxit,la,introduco,suggested,1,
intromissa,la,intromitto,suggested,1,
intromissus,la,intromitto,suggested,1,
intumuit,la,intumo,suggested,1,
inuenient,la,inuenio,suggested,1,
inusitato,la,inusitatus,suggested,1,
inutile,la,inutilis,suggested,1,
inutilis,la,inutilis,suggested,1,
invadat,la,invado,suggested,1,
invadendi,la,invado,suggested,1,
invaderet,la,invadio,suggested,1,
invaditur,la,invado,suggested,1,
invaduntur,la,invao,suggested,1,
invaserat,la,invado,suggested,1,
invaserint,la,invaserio,suggested,1,
invaserunt,la,invadeo,suggested,1,
invasione,la,invasio,suggested,1,
invasisse,la,invdo,suggested,1,
invasorem,la,invasor,suggested,1,
invectus,la,invecio,suggested,1,
invenerim,la,invenio,suggested,1,
inveniet,la,invenio,suggested,1,
invenimus,la,invenio,suggested,1,
inveniretur,la,invenio,suggested,1,
inveniunt,la,invenio,suggested,1,
inventus,la,invenio,suggested,1,
inverso,la,inverto,suggested,1,
investigare,la,investigo,suggested,1,
invicem,la,invicem,suggested,1,
invida,la,invidus,suggested,1,
invidere,la,invideo,suggested,1,
invidia,la,invidia,suggested,1,
invidiam,la,invidia,suggested,1,
invigilant,la,invigilo,suggested,1,
invigilat,la,invigilo,suggested,1,
invigilent,la,invigilo,suggested,1,
invisendi,la,inviso,suggested,1,
inviseremus,la,inviso,suggested,1,
inviserent,la,inviso,suggested,1,
invisit,la,inviso,suggested,1,
invitantem,la,invito,suggested,1,
invitantur,la,invito,suggested,1,
invitare,la,invito,suggested,1,
invitarunt,la,invito,suggested,1,
invitati,la,invito,suggested,1,
invitatum,la,invito,suggested,1,
invitis,la,invitus,suggested,1,
invocare,la,invoco,suggested,1,
invocatis,la,invoco,suggested,1,
involuens,la,involuo,suggested,1,
involuerit,la,involo,suggested,1,
involutum,la,involvo,suggested,1,
io,la,io,suggested,1,
ioannis,la,iohannes,suggested,1,
ioco,la,iocus,suggested,1,
ioriques,la,ioriques,suggested,1,
iosephus,la,iosephus,suggested,1,
ipsamq,la,ipe,suggested,1,
ipsimet,la,ipsi,suggested,1,
ipsique,la,ipsique,suggested,1,
iriafaconum,la,iriafaconus,suggested,1,
irrigare,la,irrigo,suggested,1,
irrito,la,irrito,suggested,1,
irritum,la,irritus,suggested,1,
irruentes,la,irruo,suggested,1,
irruentium,la,irruo,suggested,1,
irruere,la,irruo,suggested,1,
irruerent,la,irruo,suggested,1,
irrueret,la,irruo,suggested,1,
irruissent,la,irruo,suggested,1,
irruit,la,irruo,suggested,1,
irrumpebant,la,irrumpo,suggested,1,
irrumperunt,la,irrumpo,suggested,1,
irruptione,la,irruptio,suggested,1,
isafaidonus,la,isafaidonus,suggested,1,
isafaindonum,la,isafaindon,suggested,1,
isciano,la,Iscianum,suggested,1,
iscianum,la,iscianus,suggested,1,
isciensi,la,isciensus,suggested,1,
ista,la,iste,suggested,1,
istam,la,iste,suggested,1,
isthac,la,isthac,suggested,1,
isthic,la,isthic,suggested,1,
istius,la,iste,suggested,1,
italis,la,italis,suggested,1,
italus,la,italus,suggested,1,
iteratis,la,itero,suggested,1,
iterato,la,iterato,suggested,1,
iti,la,iti,suggested,1,
itineribus,la,iter,suggested,1,
itodonus,la,itodonus,suggested,1,
iubeas,la,iubeo,suggested,1,
iubeat,la,iubeo,suggested,1,
iubens,la,iubeo,suggested,1,
iubent,la,iubeo,suggested,1,
iubentes,la,iubeo,suggested,1,
iubetur,la,iubeo,suggested,1,
iudicaret,la,iudico,suggested,1,
iudicata,la,iudico,suggested,1,
iudicii,la,iudicium,suggested,1,
iudiciique,la,iudiciique,suggested,1,
iudiciorum,la,iudicium,suggested,1,
iudicum,la,iudex,suggested,1,
iuenam,la,iuenus,suggested,1,
iuge,la,iux,suggested,1,
iugis,la,iugum,suggested,1,
iugum,la,iugum,suggested,1,
iulio,la,iulius,suggested,1,
iumentis,la,iumentum,suggested,1,
iunco,la,iuncus,suggested,1,
iuncta,la,iungo,suggested,1,
iuncum,la,iuncus,suggested,1,
iuncus,la,iuncus,suggested,1,
iunglieus,la,iunglieus,suggested,1,
iunioris,la,iunus,suggested,1,
iunxissent,la,iunxio,suggested,1,
iuramentorum,la,iuramentum,suggested,1,
iurare,la,iuro,suggested,1,
iurasset,la,iuro,suggested,1,
iurati,la,iuro,suggested,1,
iureiurando,la,iureiuro,suggested,1,
iuris,la,ius,suggested,1,
iurisiurandi,la,iurisiuro,suggested,1,
ius,la,ius,suggested,1,
iusserat,la,iubeo,suggested,1,
iussi,la,iubeo,suggested,1,
iussisset,la,iubeo,suggested,1,
iussitq,la,iusbeo,suggested,1,
iusta,la,iustus,suggested,1,
iustae,la,iustus,suggested,1,
iustis,la,iustus,suggested,1,
iustissima,la,iustus,suggested,1,
iustos,la,iustus,suggested,1,
iuvandis,la,iuvo,suggested,1,
iuvandos,la,iuvo,suggested,1,
iuvarent,la,iuvo,suggested,1,
iuvaret,la,iuvo,suggested,1,
iuver,la,iuvo,suggested,1,
iuvit,la,iuvo,suggested,1,
ivi,la,ivi,suggested,1,
ivisset,la,ivio,suggested,1,
kengum,la,kengum,suggested,1,
kengus,la,kengus,suggested,1,
khiucheu,la,khiucheu,suggested,1,
kian,la,kian,suggested,1,
kiangcheu,la,kiangcheu,suggested,1,
kiangum,la,kiangus,suggested,1,
kioochang,la,kioochang,suggested,1,
kiu,la,kiu,suggested,1,
labanti,la,labo,suggested,1,
labitur,la,labor,suggested,1,
laborassent,la,laboro,suggested,1,
laboratur,la,laboro,suggested,1,
laborem,la,labor,suggested,1,
labores,la,labor,suggested,1,
labori,la,labor,suggested,1,
lachrymas,la,lachrymus,suggested,1,
lacrymarum,la,lacryma,suggested,1,
lacum,la,lacus,suggested,1,
laetari,la,laetor,suggested,1,
laetatur,la,laetor,suggested,1,
laetatus,la,laetor,suggested,1,
laetiorem,la,laetus,suggested,1,
laetissima,la,laetus,suggested,1,
laetitae,la,laetior,suggested,1,
laetitia,la,laetitia,suggested,1,
laetitiam,la,laetitia,suggested,1,
laetitiis,la,laetitia,suggested,1,
laetumque,la,laetumque,suggested,1,
lama,la,lama,suggested,1,
lamen,la,lamen,suggested,1,
lamentabili,la,lamentabilis,suggested,1,
lamentationum,la,lamentatio,suggested,1,
lancea,la,lancea,suggested,1,
languesceret,la,languesco,suggested,1,
lapsuum,la,lapsus,suggested,1,
laqueus,la,laqueus,suggested,1,
largiabatur,la,largior,suggested,1,
largitionibusque,la,largitionibusque,suggested,1,
largitus,la,largior,suggested,1,
largum,la,largus,suggested,1,
lassae,la,lassus,suggested,1,
lataeque,la,lataeus,suggested,1,
latarum,la,latus,suggested,1,
latas,la,latus,suggested,1,
latera,la,latus,suggested,1,
lateret,la,lateo,suggested,1,
lateribus,la,latus,suggested,1,
latiora,la,latus,suggested,1,
latis,la,latus,suggested,1,
latissimam,la,latus,suggested,1,
latissimas,la,latus,suggested,1,
latissime,la,late,suggested,1,
latissimi,la,latus,suggested,1,
latissimis,la,latus,suggested,1,
latitare,la,latito,suggested,1,
latitarent,la,latito,suggested,1,
latitudinem,la,latitudo,suggested,1,
latius,la,late,suggested,1,
laud,la,laud,suggested,1,
laudando,la,laudo,suggested,1,
laudantibus,la,laudo,suggested,1,
laudata,la,laudo,suggested,1,
laudataque,la,laudataquus,suggested,1,
laude,la,laus,suggested,1,
laudem,la,laus,suggested,1,
laudes,la,laus,suggested,1,
laudibus,la,laus,suggested,1,
lauream,la,laurea,suggested,1,
laute,la,laus,suggested,1,
lect,la,lect,suggested,1,
lectione,la,lectio,suggested,1,
lecto,la,lego,suggested,1,
lector,la,lector,suggested,1,
lectorem,la,lectores,suggested,1,
leg,la,leg,suggested,1,
legatione,la,legatio,suggested,1,
legationem,la,legatio,suggested,1,
legationis,la,legatio,suggested,1,
legato,la,legatus,suggested,1,
legatos,la,legatus,suggested,1,
legerat,la,lego,suggested,1,
legio,la,legio,suggested,1,
legionem,la,legio,suggested,1,
legiones,la,legio,suggested,1,
legionibus,la,legio,suggested,1,
legum,la,lex,suggested,1,
lenit,la,lenio,suggested,1,
lento,la,lentus,suggested,1,
leones,la,leo,suggested,1,
leoninae,la,leonina,suggested,1,
leopardis,la,leopardus,suggested,1,
leuca,la,leucus,suggested,1,
leucam,la,leucus,suggested,1,
leve,la,levis,suggested,1,
levis,la,levis,suggested,1,
levissima,la,levis,suggested,1,
levissimas,la,levis,suggested,1,
levissimis,la,levis,suggested,1,
levissimum,la,levis,suggested,1,
leviter,la,leviter,suggested,1,
li,la,lis,suggested,1,
libelli,la,libellus,suggested,1,
libellis,la,libellus,suggested,1,
libello,la,libellus,suggested,1,
libellos,la,libellus,suggested,1,
libentius,la,libente,suggested,1,
libera,la,liber,suggested,1,
liberalitatem,la,liberalitas,suggested,1,
liberalitati,la,liberalitas,suggested,1,
liberandam,la,libero,suggested,1,
liberando,la,libero,suggested,1,
liberari,la,libero,suggested,1,
liberarunt,la,libero,suggested,1,
liberationem,la,liberatio,suggested,1,
liberatus,la,libero,suggested,1,
liberior,la,liberus,suggested,1,
libertateq,la,libertas,suggested,1,
libertatis,la,libertas,suggested,1,
liberum,la,liber,suggested,1,
libidinem,la,libido,suggested,1,
libidinosum,la,libidinosus,suggested,1,
libido,la,libido,suggested,1,
libratores,la,librator,suggested,1,
librorum,la,liber,suggested,1,
licebat,la,licet,suggested,1,
licentiati,la,licentiatus,suggested,1,
liceret,la,licet,suggested,1,
lictoribus,la,lictor,suggested,1,
licuit,la,licet,suggested,1,
licungzum,la,licungzus,suggested,1,
ligantur,la,ligo,suggested,1,
ligati,la,ligo,suggested,1,
ligatos,la,ligo,suggested,1,
ligatum,la,ligo,suggested,1,
ligatusque,la,ligatusque,suggested,1,
ligna,la,lignum,suggested,1,
ligneam,la,ligneus,suggested,1,
ligneum,la,ligneus,suggested,1,
ligonibus,la,ligo,suggested,1,
lihuzum,la,lihuzus,suggested,1,
lineis,la,linea,suggested,1,
lingua,la,lingua,suggested,1,
linguae,la,lingua,suggested,1,
linguis,la,lingua,suggested,1,
liquet,la,liqueo,suggested,1,
liquido,la,liquidus,suggested,1,
lissime,la,le,suggested,1,
lite,la,lis,suggested,1,
literariis,la,literarius,suggested,1,
literarum,la,litera,suggested,1,
literas,la,litera,suggested,1,
literati,la,litero,suggested,1,
literis,la,litera,suggested,1,
litigantes,la,litigo,suggested,1,
litigantium,la,litigo,suggested,1,
litter,la,litter,suggested,1,
litterarium,la,litterarius,suggested,1,
litteratis,la,litteratus,suggested,1,
lius,la,lius,suggested,1,
loc,la,lus,suggested,1,
locaque,la,loca,suggested,1,
locaret,la,loco,suggested,1,
locorumque,la,locorumque,suggested,1,
locustarum,la,locusta,suggested,1,
locūum,la,locūus,suggested,1,
longae,la,longus,suggested,1,
longam,la,longus,suggested,1,
longeque,la,longeque,suggested,1,
longior,la,longus,suggested,1,
longiore,la,longus,suggested,1,
longiorem,la,longus,suggested,1,
longis,la,longus,suggested,1,
loquaces,la,loquax,suggested,1,
loquar,la,loquor,suggested,1,
loquuntur,la,loquor,suggested,1,
lorica,la,lorica,suggested,1,
loricis,la,loricus,suggested,1,
loth,la,loth,suggested,1,
lovangum,la,Lovangus,suggested,1,
lovangus,la,lovangus,suggested,1,
lubenti,la,lubeo,suggested,1,
lucas,la,lucas,suggested,1,
lucem,la,lux,suggested,1,
lucesceret,la,lucesco,suggested,1,
lucia,la,lucius,suggested,1,
lucri,la,lucrum,suggested,1,
lucro,la,lucrum,suggested,1,
lucrum,la,lucrum,suggested,1,
luctuosa,la,luctuosus,suggested,1,
luctuosi,la,luctuosus,suggested,1,
luctuosis,la,luctuosus,suggested,1,
luculentum,la,luculentus,suggested,1,
ludibrium,la,ludibrium,suggested,1,
ludovico,la,Ludwicus,suggested,1,
ludovicus,la,Ludowicus,suggested,1,
luerent,la,luo,suggested,1,
lunguus,la,lunguus,suggested,1,
lunt,la,lo,suggested,1,
lupis,la,lupus,suggested,1,
lusitaniae,la,lusitania,suggested,1,
lusitanica,la,lusitanicus,suggested,1,
lusitano,la,lusitanus,suggested,1,
lusitanorum,la,lusitanus,suggested,1,
lusitanos,la,Lusitani,suggested,1,
lustralibus,la,lustralis,suggested,1,
lustrati,la,lustro,suggested,1,
lustratus,la,lustro,suggested,1,
luteo,la,luteus,suggested,1,
luteum,la,luteus,suggested,1,
lutrari,la,lutro,suggested,1,
lxx,la,LXX,suggested,1,
lxxiii,la,LXXIII,suggested,1,
m.cc.lxxv,la,M.CC.LXXV,suggested,1,
m.cc.lxxviii,la,M.CC.LXXVIII,suggested,1,
m.cc.vi,la,M.CC.VI,suggested,1,
m.ccc.lxviii,la,M.CCC.LXVIII,suggested,1,
m.cccc.vi,la,m.cccc.vi,suggested,1,
m.d.lxxiii,la,M.D.LXXIII,suggested,1,
m.dc.xix,la,m.dc.xix,suggested,1,
m.dc.xli,la,M.DC.XLI,suggested,1,
m.dc.xlii,la,M.DC.XLII,suggested,1,
m.dc.xlvi,la,M.DC.XLVI,suggested,1,
m.dc.xvi,la,M.DC.XVI,suggested,1,
m.dc.xviii,la,m.dc.xviii,suggested,1,
m.dc.xxv,la,m.dc.xxvs,suggested,1,
m.dc.xxvii,la,M.DC.XXVII,suggested,1,
m.dc.xxx,la,m.dc.xxx,suggested,1,
m.dc.xxxvi,la,M.DC.XXXVI,suggested,1,
macaani,la,macaanus,suggested,1,
macaano,la,macaanus,suggested,1,
macaenses,la,macaensis,suggested,1,
macaensis,la,macaensis,suggested,1,
macao,la,macaus,suggested,1,
macaum,la,macaus,suggested,1,
macellum,la,macellum,suggested,1,
machina,la,machina,suggested,1,
machinantes,la,machinor,suggested,1,
machinationes,la,machinatio,suggested,1,
mactaret,la,macto,suggested,1,
mactari,la,macto,suggested,1,
madarinorum,la,madarinus,suggested,1,
magaglianes,la,magaglianis,suggested,1,
magellanes,la,magellanis,suggested,1,
magistratu,la,magistratus,suggested,1,
magistri,la,magister,suggested,1,
magn,la,magn,suggested,1,
magnaeq,la,magnaeus,suggested,1,
magnate,la,magnatus,suggested,1,
magnates,la,magnates,suggested,1,
magnificentissima,la,magnificentus,suggested,1,
magnificum,la,magnificus,suggested,1,
magnificus,la,magnificus,suggested,1,
magnitudo,la,magnitudo,suggested,1,
magnuum,la,magnuus,suggested,1,
mai,la,maus,suggested,1,
maiestate,la,maiestas,suggested,1,
maiestatem,la,maiestas,suggested,1,
maiestatis,la,maiestas,suggested,1,
malarum,la,malus,suggested,1,
maleque,la,maleque,suggested,1,
malevolis,la,malevolus,suggested,1,
mali,la,malum,suggested,1,
malis,la,malus,suggested,1,
malit,la,malo,suggested,1,
malitia,la,malitia,suggested,1,
malle,la,malo,suggested,1,
maluerunt,la,malo,suggested,1,
malum,la,malum,suggested,1,
man,la,man,suggested,1,
mancipiorum,la,mancipium,suggested,1,
mandarini,la,mandarinus,suggested,1,
mandasset,la,mando,suggested,1,
mandata,la,mandatum,suggested,1,
mane,la,mane,suggested,1,
manemus,la,maneo,suggested,1,
manent,la,maneo,suggested,1,
maneret,la,maneo,suggested,1,
mangasacana,la,mangasacanus,suggested,1,
mangin,la,Mangin,suggested,1,
manib,la,manib,suggested,1,
manicae,la,manicus,suggested,1,
manicis,la,manicus,suggested,1,
manifestae,la,manifestus,suggested,1,
manifesto,la,manifestus,suggested,1,
manifestos,la,manifestus,suggested,1,
manorum,la,manus,suggested,1,
mansisse,la,maneo,suggested,1,
mantii,la,mantius,suggested,1,
manubrium,la,manubrius,suggested,1,
manum,la,manus,suggested,1,
manuumque,la,manuumque,suggested,1,
manzuxa,la,manzuxus,suggested,1,
maovenlungum,la,maovenlungus,suggested,1,
maribus,la,mas,suggested,1,
marindoni,la,Marindus,suggested,1,
marinum,la,marinus,suggested,1,
maritim,la,maritim,suggested,1,
maritimo,la,maritimus,suggested,1,
maritis,la,maritus,suggested,1,
marsupia,la,marsupius,suggested,1,
martii,la,Martius,suggested,1,
martio,la,Martius,suggested,1,
martium,la,martius,suggested,1,
martyrii,la,martyrius,suggested,1,
martyris,la,martyr,suggested,1,
mater,la,mater,suggested,1,
materiatum,la,materio,suggested,1,
mathematica,la,mathematicus,suggested,1,
mathematicam,la,mathematicus,suggested,1,
mathematicos,la,mathematicus,suggested,1,
matrimonii,la,matrimonium,suggested,1,
matrimonio,la,matrimonium,suggested,1,
matrimonium,la,matrimonium,suggested,1,
matronas,la,matrona,suggested,1,
matta,la,matta,suggested,1,
matthaeo,la,matthaeus,suggested,1,
matura,la,maturus,suggested,1,
maturationem,la,maturatio,suggested,1,
maturavi,la,maturo,suggested,1,
mature,la,mature,suggested,1,
maturiore,la,maturus,suggested,1,
maturitatem,la,maturitas,suggested,1,
maturo,la,maturus,suggested,1,
max,la,max,suggested,1,
maxentia,la,maxentia,suggested,1,
maxentiae,la,maxentia,suggested,1,
maximae,la,magnus,suggested,1,
maximam,la,magnus,suggested,1,
maximarum,la,maxignus,suggested,1,
maximis,la,magnus,suggested,1,
meacensem,la,meacensis,suggested,1,
meacenses,la,meacensis,suggested,1,
meacensis,la,meacensis,suggested,1,
meacensiumq,la,meacensiums,suggested,1,
meae,la,meus,suggested,1,
meam,la,meus,suggested,1,
mebant,la,o,suggested,1,
mederi,la,medeor,suggested,1,
media,la,medius,suggested,1,
medias,la,medius,suggested,1,
medici,la,medicus,suggested,1,
medicinam,la,medicina,suggested,1,
medico,la,medicus,suggested,1,
mediisq,la,mediisus,suggested,1,
mediocri,la,mediocris,suggested,1,
mediocris,la,mediocris,suggested,1,
mediocriter,la,mediocriter,suggested,1,
medios,la,medius,suggested,1,
meditabatur,la,meditor,suggested,1,
meditamur,la,meditor,suggested,1,
meditata,la,meditor,suggested,1,
medius,la,medius,suggested,1,
mei,la,meus,suggested,1,
meliori,la,bonus,suggested,1,
mem,la,mem,suggested,1,
memorant,la,memoro,suggested,1,
memorata,la,memoro,suggested,1,
memorialibus,la,memorialis,suggested,1,
memorialis,la,memorialis,suggested,1,
mendaciter,la,mendaciter,suggested,1,
mendanda,la,mendo,suggested,1,
mendax,la,mendax,suggested,1,
mendicando,la,mendico,suggested,1,
mendicare,la,mendico,suggested,1,
mensa,la,mensa,suggested,1,
mente,la,mens,suggested,1,
mentem,la,mens,suggested,1,
mentibus,la,mens,suggested,1,
meorum,la,meus,suggested,1,
meque,la,meque,suggested,1,
mercaturam,la,mercatura,suggested,1,
mercede,la,merces,suggested,1,
mercimonia,la,mercimonium,suggested,1,
merebant,la,mereo,suggested,1,
merebantur,la,mereo,suggested,1,
merebatur,la,mereor,suggested,1,
merendas,la,mereo,suggested,1,
merguntur,la,mergo,suggested,1,
meritas,la,mereo,suggested,1,
meritis,la,meritum,suggested,1,
meritus,la,mereo,suggested,1,
mersi,la,mergo,suggested,1,
merso,la,mego,suggested,1,
messis,la,messis,suggested,1,
meticulosi,la,meticulosus,suggested,1,
meticulosus,la,meticulosus,suggested,1,
metropolitanae,la,metropolitanus,suggested,1,
metropolitanam,la,metropolitanus,suggested,1,
metuebat,la,metuo,suggested,1,
metuentes,la,metuo,suggested,1,
metumque,la,metumqus,suggested,1,
metuque,la,metuque,suggested,1,
metus,la,metus,suggested,1,
mi,la,ego,suggested,1,
miam,la,mius,suggested,1,
michaele,la,michael,suggested,1,
miferae,la,mifer,suggested,1,
migranti,la,migro,suggested,1,
migrare,la,migro,suggested,1,
migrassemus,la,migro,suggested,1,
migravimus,la,migro,suggested,1,
milit,la,milio,suggested,1,
militabant,la,milito,suggested,1,
militantis,la,milito,suggested,1,
militares,la,militaris,suggested,1,
militari,la,militaris,suggested,1,
militaria,la,militaris,suggested,1,
militeque,la,militequus,suggested,1,
militi,la,miles,suggested,1,
militiam,la,militia,suggested,1,
millesimi,la,millesimus,suggested,1,
millesimum,la,millesimus,suggested,1,
milliare,la,milliare,suggested,1,
milliaria,la,milliarius,suggested,1,
milliarii,la,milliarius,suggested,1,
millionem,la,millio,suggested,1,
mimazacam,la,mimazacus,suggested,1,
minatus,la,minor,suggested,1,
minentiis,la,minentia,suggested,1,
minim,la,minim,suggested,1,
minimo,la,parvus,suggested,1,
minis,la,minae,suggested,1,
minister,la,minister,suggested,1,
ministeria,la,ministerium,suggested,1,
ministeriis,la,ministerium,suggested,1,
ministrisque,la,ministrisqus,suggested,1,
ministro,la,minister,suggested,1,
ministrorum,la,minister,suggested,1,
ministros,la,minister,suggested,1,
ministrum,la,minister,suggested,1,
minitabatur,la,minito,suggested,1,
minitantia,la,minito,suggested,1,
minitantibus,la,minito,suggested,1,
minitatur,la,minitor,suggested,1,
minoan,la,minoi,suggested,1,
minora,la,paruus,suggested,1,
minores,la,paruus,suggested,1,
minutissimas,la,minutus,suggested,1,
mirabatur,la,miror,suggested,1,
mirabili,la,mirabilis,suggested,1,
mirabiliter,la,mirabiliter,suggested,1,
mirifica,la,mirificus,suggested,1,
miris,la,mirus,suggested,1,
miscebantur,la,misceo,suggested,1,
miserabilem,la,miserabilis,suggested,1,
miserabili,la,miserabilis,suggested,1,
miserabilis,la,miserabilis,suggested,1,
miserant,la,mitto,suggested,1,
miseri,la,miser,suggested,1,
miseria,la,miseria,suggested,1,
misericordiam,la,misericordia,suggested,1,
miseriis,la,miseria,suggested,1,
miserrime,la,miser,suggested,1,
misimus,la,mitto,suggested,1,
misissem,la,mitto,suggested,1,
missionarii,la,missionarius,suggested,1,
missionarius,la,missionarius,suggested,1,
missione,la,missio,suggested,1,
misso,la,missus,suggested,1,
missurus,la,mitto,suggested,1,
mit,la,mit,suggested,1,
mitesceret,la,mitesco,suggested,1,
mitiam,la,micius,suggested,1,
mitigatus,la,mitigo,suggested,1,
mitius,la,mitius,suggested,1,
mittatur,la,mitto,suggested,1,
mittebantur,la,mitto,suggested,1,
mittendi,la,mitto,suggested,1,
mittentes,la,mitto,suggested,1,
mitteretur,la,mitto,suggested,1,
mittitur,la,mitto,suggested,1,
mittunt,la,mitto,suggested,1,
mixtim,la,mixtim,suggested,1,
mobiles,la,mobilis,suggested,1,
mode,la,modus,suggested,1,
moderantibus,la,moderor,suggested,1,
moderari,la,moderor,suggested,1,
moderatio,la,moderatio,suggested,1,
moderationi,la,moderatio,suggested,1,
moderatum,la,modero,suggested,1,
moderno,la,modernus,suggested,1,
modicos,la,modicus,suggested,1,
modosq,la,modosq,suggested,1,
modumque,la,modumque,suggested,1,
moestissimum,la,moestus,suggested,1,
mole,la,mol,suggested,1,
molem,la,moles,suggested,1,
molesti,la,molestus,suggested,1,
molestiae,la,molestia,suggested,1,
molestiam,la,molestia,suggested,1,
molestias,la,molestia,suggested,1,
molestum,la,molestus,suggested,1,
molestus,la,molestus,suggested,1,
moliretur,la,molior,suggested,1,
molitiones,la,molitio,suggested,1,
molituros,la,molio,suggested,1,
moliturus,la,molior,suggested,1,
mollivi,la,mollio,suggested,1,
mom,la,mom,suggested,1,
momentaneae,la,momentaneus,suggested,1,
monebamur,la,moneo,suggested,1,
monebat,la,moneo,suggested,1,
monendum,la,moneo,suggested,1,
monens,la,moneo,suggested,1,
monitaque,la,monitaque,suggested,1,
moniti,la,moneo,suggested,1,
monitis,la,moneo,suggested,1,
monstrantibus,la,monstro,suggested,1,
monstratis,la,monstro,suggested,1,
monstrum,la,monstrum,suggested,1,
montani,la,montanus,suggested,1,
montem,la,mons,suggested,1,
monuerat,la,moneo,suggested,1,
monuerunt,la,moneo,suggested,1,
monuit,la,moneo,suggested,1,
monuitq,la,monuo,suggested,1,
morae,la,mora,suggested,1,
moralesq,la,moralesqs,suggested,1,
moramur,la,moror,suggested,1,
moratus,la,moratus,suggested,1,
morbi,la,morbus,suggested,1,
morbo,la,morbus,suggested,1,
morbus,la,morbus,suggested,1,
morem,la,mos,suggested,1,
moribus,la,mos,suggested,1,
moriebantur,la,morior,suggested,1,
moriens,la,morior,suggested,1,
morindon,la,Morindon,suggested,1,
morindonis,la,morindo,suggested,1,
moriuntur,la,morior,suggested,1,
morosam,la,morosus,suggested,1,
mortalem,la,mortalis,suggested,1,
mortales,la,mortalis,suggested,1,
mortemne,la,mortemnis,suggested,1,
mortificamur,la,mortifico,suggested,1,
mortuorum,la,morior,suggested,1,
mortuos,la,morior,suggested,1,
moscoviae,la,moscovia,suggested,1,
motam,la,moueo,suggested,1,
moti,la,moueo,suggested,1,
motu,la,motus,suggested,1,
motum,la,moueo,suggested,1,
moturi,la,mor,suggested,1,
moturos,la,moveo,suggested,1,
moturum,la,moveo,suggested,1,
moveant,la,moueo,suggested,1,
moveas,la,moveo,suggested,1,
movebat,la,moveo,suggested,1,
movent,la,moveo,suggested,1,
moverent,la,moveo,suggested,1,
moveretur,la,moueo,suggested,1,
moverunt,la,moveo,suggested,1,
moves,la,moveo,suggested,1,
movisse,la,moveo,suggested,1,
movissent,la,moeo,suggested,1,
moxque,la,moxque,suggested,1,
mu,la,mu,suggested,1,
mucrone,la,mucro,suggested,1,
mucronem,la,mucro,suggested,1,
mul,la,mul,suggested,1,
mulctare,la,mulcto,suggested,1,
mulctarentur,la,mulcto,suggested,1,
mulctari,la,mulcto,suggested,1,
mulctat,la,mulcto,suggested,1,
mulctentur,la,mulcto,suggested,1,
mulierum,la,mulier,suggested,1,
multae,la,multus,suggested,1,
multaque,la,multaque,suggested,1,
multarentur,la,multo,suggested,1,
multari,la,multo,suggested,1,
multarum,la,multus,suggested,1,
multasque,la,multas,suggested,1,
multatus,la,multo,suggested,1,
multique,la,multique,suggested,1,
multitudinem,la,multitudo,suggested,1,
multitudini,la,multitudo,suggested,1,
multitudo,la,multitudo,suggested,1,
multoque,la,multoque,suggested,1,
multosq,la,multosq,suggested,1,
multosque,la,multosque,suggested,1,
multus,la,multus,suggested,1,
mundae,la,mundus,suggested,1,
mundano,la,mundanus,suggested,1,
munditia,la,munditia,suggested,1,
munditiem,la,mundities,suggested,1,
munere,la,munus,suggested,1,
munia,la,munia,suggested,1,
munientes,la,munio,suggested,1,
munierat,la,munio,suggested,1,
munificentia,la,munificentia,suggested,1,
muniisset,la,munio,suggested,1,
munimentis,la,munimentum,suggested,1,
munita,la,munio,suggested,1,
munitiones,la,munitio,suggested,1,
munitiora,la,munitus,suggested,1,
munitissima,la,munitus,suggested,1,
muniuntur,la,munio,suggested,1,
munivit,la,munio,suggested,1,
munusculis,la,munusculum,suggested,1,
muro,la,murus,suggested,1,
mutanda,la,muto,suggested,1,
mutandis,la,muto,suggested,1,
mutarent,la,muto,suggested,1,
mutarunt,la,muto,suggested,1,
mutatae,la,muto,suggested,1,
mutationis,la,mutatio,suggested,1,
mutato,la,muto,suggested,1,
mutuae,la,mutuus,suggested,1,
mutuam,la,mutuus,suggested,1,
mutuas,la,mutuus,suggested,1,
mutuo,la,mutuo,suggested,1,
mututurus,la,mutuo,suggested,1,
mystacibus,la,mystax,suggested,1,
nacazucauam,la,nacazucauus,suggested,1,
nacti,la,nago,suggested,1,
nactus,la,nanciscor,suggested,1,
nagansachanus,la,nagansachanus,suggested,1,
nan,la,nan,suggested,1,
nangaioca,la,nangaiocus,suggested,1,
nangaiocae,la,nangaiocus,suggested,1,
nangasa,la,nangasa,suggested,1,
nangasachani,la,nangasachanic,suggested,1,
nangasachensium,la,Nangasachenses,suggested,1,
nangasachi,la,Nangasachus,suggested,1,
nangauoca,la,nangauoca,suggested,1,
nanhiung,la,Nanhiung,suggested,1,
narra,la,narro,suggested,1,
narrantem,la,narro,suggested,1,
narrat,la,narro,suggested,1,
narrati,la,narro,suggested,1,
narratione,la,narratio,suggested,1,
narrationem,la,narratio,suggested,1,
narrationis,la,narratio,suggested,1,
narrationum,la,narratio,suggested,1,
narratur,la,narro,suggested,1,
narraturus,la,narro,suggested,1,
nasum,la,nasus,suggested,1,
natalis,la,natalis,suggested,1,
natam,la,nascor,suggested,1,
nativus,la,nativus,suggested,1,
nato,la,nascor,suggested,1,
natus,la,nascor,suggested,1,
naufraga,la,naufraga,suggested,1,
nautas,la,nauta,suggested,1,
navata,la,navo,suggested,1,
navaturos,la,navo,suggested,1,
navent,la,naveo,suggested,1,
naviculis,la,naviculus,suggested,1,
navigabilem,la,navigabilis,suggested,1,
navigabiles,la,navigabilis,suggested,1,
navigantes,la,navigo,suggested,1,
navigatione,la,navigatio,suggested,1,
navigationi,la,navigatio,suggested,1,
navigiorum,la,navigium,suggested,1,
necabantur,la,neco,suggested,1,
necantur,la,neco,suggested,1,
necaretur,la,neco,suggested,1,
necati,la,neco,suggested,1,
necatis,la,neco,suggested,1,
necaturus,la,neco,suggested,1,
necavit,la,neco,suggested,1,
necessariam,la,necessarius,suggested,1,
necessariarum,la,necessarius,suggested,1,
necessarius,la,necessarius,suggested,1,
necessitatibus,la,necessitas,suggested,1,
neci,la,nex,suggested,1,
necnon,la,necnon,suggested,1,
nectit,la,necto,suggested,1,
nefandam,la,nefandus,suggested,1,
nefarius,la,nefarius,suggested,1,
nefas,la,nefas,suggested,1,
negantes,la,nego,suggested,1,
negari,la,nego,suggested,1,
negarunt,la,nego,suggested,1,
neglexerunt,la,neglego,suggested,1,
negligebat,la,neglego,suggested,1,
negligit,la,neglego,suggested,1,
negocii,la,negocius,suggested,1,
negoti,la,negotium,suggested,1,
negotiationum,la,negotiatio,suggested,1,
negotiorum,la,negotium,suggested,1,
nemine,la,nemo,suggested,1,
neminem,la,nemo,suggested,1,
nemini,la,nemo,suggested,1,
neophytorum,la,neophytus,suggested,1,
nepote,la,nepos,suggested,1,
nepotem,la,nepos,suggested,1,
nequaquam,la,nequaquam,suggested,1,
nequeant,la,nequeo,suggested,1,
nequeo,la,nequeo,suggested,1,
nequissimus,la,nequus,suggested,1,
nequitiam,la,nequitia,suggested,1,
nequiverit,la,nequivo,suggested,1,
nesciat,la,nescio,suggested,1,
neutiquam,la,neutiquam,suggested,1,
neutrales,la,neutralis,suggested,1,
neutri,la,neuter,suggested,1,
nexu,la,nexus,suggested,1,
nicolai,la,nicola,suggested,1,
nicolaus,la,nicolaus,suggested,1,
nigri,la,niger,suggested,1,
nigrum,la,niger,suggested,1,
nihili,la,nihil,suggested,1,
nii,la,nii,suggested,1,
nimir,la,nimir,suggested,1,
nimpo,la,nimpus,suggested,1,
ningyuensium,la,ningyuensis,suggested,1,
nis,la,nis,suggested,1,
niscimangobioio,la,niscimangobioius,suggested,1,
nitate,la,nitas,suggested,1,
nitatem,la,nitas,suggested,1,
nitebatur,la,nitor,suggested,1,
nitidius,la,nitide,suggested,1,
nitore,la,nitor,suggested,1,
nixo,la,nixo,suggested,1,
no,la,no,suggested,1,
nobile,la,nobilis,suggested,1,
nobilibus,la,nobilis,suggested,1,
nobiliores,la,nobilis,suggested,1,
nobilis,la,nobilis,suggested,1,
nobilissimum,la,nobilis,suggested,1,
nobilitate,la,nobilitas,suggested,1,
nobilium,la,nobilis,suggested,1,
nobisque,la,nobisque,suggested,1,
nobunagae,la,nobunagus,suggested,1,
nobunangae,la,nobunangae,suggested,1,
noctem,la,nox,suggested,1,
noctis,la,nox,suggested,1,
noctuque,la,noctuque,suggested,1,
nocturnas,la,nocturnus,suggested,1,
nodos,la,nodus,suggested,1,
nollent,la,nolo,suggested,1,
noluissent,la,noo,suggested,1,
nominant,la,nomino,suggested,1,
nominatos,la,nomino,suggested,1,
nominatus,la,nomino,suggested,1,
nomini,la,nomen,suggested,1,
nona,la,nonus,suggested,1,
nongentos,la,nongenti,suggested,1,
nonnulla,la,nonnullus,suggested,1,
norat,la,noro,suggested,1,
nosti,la,nosco,suggested,1,
nostramq,la,noser,suggested,1,
nostriq,la,noster,suggested,1,
nostrisque,la,nostrisque,suggested,1,
nostrūum,la,nostrer,suggested,1,
not,la,not,suggested,1,
notandis,la,noto,suggested,1,
notandum,la,noto,suggested,1,
notarent,la,noto,suggested,1,
notatum,la,noto,suggested,1,
notissima,la,notus,suggested,1,
notissimus,la,notus,suggested,1,
notitia,la,notitia,suggested,1,
notitiam,la,notitia,suggested,1,
notus,la,notus,suggested,1,
nov,la,nov,suggested,1,
novarum,la,novus,suggested,1,
novella,la,novellus,suggested,1,
novellaeque,la,novellaequus,suggested,1,
novellam,la,novellus,suggested,1,
novelli,la,novellus,suggested,1,
novembris,la,nouember,suggested,1,
noverant,la,nosco,suggested,1,
novique,la,novique,suggested,1,
novissimo,la,novissimus,suggested,1,
novitatibus,la,novitas,suggested,1,
noxa,la,nox,suggested,1,
noxios,la,noxius,suggested,1,
nubilem,la,nubilis,suggested,1,
nudo,la,nudus,suggested,1,
nudos,la,nudus,suggested,1,
null,la,null,suggested,1,
nume,la,nume,suggested,1,
numerabamus,la,numero,suggested,1,
numerarentur,la,numero,suggested,1,
numerat,la,numero,suggested,1,
numeratur,la,numero,suggested,1,
numeratus,la,numero,suggested,1,
numeraverint,la,numero,suggested,1,
numeremus,la,numero,suggested,1,
numeros,la,numerus,suggested,1,
numerosae,la,numerosus,suggested,1,
numine,la,numen,suggested,1,
numinibus,la,numen,suggested,1,
nunciaretur,la,nuncio,suggested,1,
nunciari,la,nuncio,suggested,1,
nunciatum,la,nuncio,suggested,1,
nunciaturum,la,nuncio,suggested,1,
nuncii,la,nuncius,suggested,1,
nunciis,la,nuncius,suggested,1,
nuncium,la,nuncius,suggested,1,
nuncius,la,nunce,suggested,1,
nuncupabo,la,nuncupo,suggested,1,
nuncupati,la,nuncupo,suggested,1,
nunqu,la,nunqu,suggested,1,
nuntiabant,la,nuntio,suggested,1,
nuntium,la,nuntius,suggested,1,
nuptiali,la,nuptialis,suggested,1,
nuptias,la,nuptiae,suggested,1,
nusquam,la,nusquam,suggested,1,
nutum,la,nutus,suggested,1,
oaranum,la,oaranus,suggested,1,
oarense,la,oarensis,suggested,1,
obambularet,la,obambulo,suggested,1,
obduxerat,la,obduco,suggested,1,
obediendum,la,obedio,suggested,1,
obedientem,la,obedio,suggested,1,
obedienti,la,obedio,suggested,1,
obedientiae,la,oboedientia,suggested,1,
obediunt,la,obedio,suggested,1,
obequitans,la,obequito,suggested,1,
obfirmavit,la,obfirmo,suggested,1,
obfuit,la,obsum,suggested,1,
obibant,la,obeo,suggested,1,
obicem,la,obex,suggested,1,
obiectum,la,obicio,suggested,1,
obiicere,la,obicio,suggested,1,
obiiceret,la,obiicio,suggested,1,
obiit,la,obeo,suggested,1,
obitus,la,obitus,suggested,1,
oblata,la,offero,suggested,1,
oblatis,la,obfero,suggested,1,
oblatum,la,offero,suggested,1,
oblectantur,la,oblecto,suggested,1,
obligatio,la,obligatio,suggested,1,
obligatione,la,obligatio,suggested,1,
obligatos,la,obligo,suggested,1,
obliti,la,obliviscor,suggested,1,
obliviscar,la,obliviscor,suggested,1,
oblonga,la,oblongus,suggested,1,
oblongis,la,oblongus,suggested,1,
oblungae,la,oblungo,suggested,1,
obnoxia,la,obnoxius,suggested,1,
obnoxius,la,obnoxius,suggested,1,
obruor,la,obruor,suggested,1,
obrutae,la,obruo,suggested,1,
obscurare,la,obscuro,suggested,1,
obscure,la,obscure,suggested,1,
obsecrabant,la,obsecro,suggested,1,
obsecundant,la,obsecundo,suggested,1,
obsecundaturos,la,obsecundo,suggested,1,
obsederant,la,obsido,suggested,1,
obsequendi,la,obsequor,suggested,1,
obsequendum,la,obsequor,suggested,1,
obsequentem,la,obsequor,suggested,1,
obsequerentur,la,obsequor,suggested,1,
obsequia,la,obsequium,suggested,1,
obser,la,obser,suggested,1,
obseratum,la,obsero,suggested,1,
observandas,la,observo,suggested,1,
observaremus,la,observo,suggested,1,
observatione,la,observatio,suggested,1,
observent,la,observeo,suggested,1,
obside,la,obses,suggested,1,
obsidebat,la,obsideo,suggested,1,
obsidendam,la,obsideo,suggested,1,
obsidendum,la,obsido,suggested,1,
obsiderent,la,obsido,suggested,1,
obsideret,la,obsido,suggested,1,
obsides,la,obses,suggested,1,
obsidet,la,obsideo,suggested,1,
obsistente,la,obsisto,suggested,1,
obsisteret,la,obsisto,suggested,1,
obstacula,la,obstaculum,suggested,1,
obstitisse,la,obsto,suggested,1,
obstitissent,la,obsto,suggested,1,
obstitisset,la,obsto,suggested,1,
obstitit,la,obsto,suggested,1,
obstupescerent,la,obstupesco,suggested,1,
obtendente,la,obtendo,suggested,1,
obtenta,la,obtendo,suggested,1,
obtentis,la,obtineo,suggested,1,
obtenturum,la,obtineo,suggested,1,
obtestans,la,obtesto,suggested,1,
obtestarentur,la,obtestor,suggested,1,
obtestatus,la,obtestor,suggested,1,
obtigit,la,obtingo,suggested,1,
obtin,la,obtin,suggested,1,
obtineant,la,obtineo,suggested,1,
obtinendam,la,obtineo,suggested,1,
obtinendi,la,obtineo,suggested,1,
obtinendis,la,obtineo,suggested,1,
obtinendo,la,obtineo,suggested,1,
obtineret,la,obtineo,suggested,1,
obtineri,la,obtineo,suggested,1,
obtinuerant,la,obtinueo,suggested,1,
obtinuerat,la,obtineo,suggested,1,
obtinuere,la,obtineo,suggested,1,
obtruncant,la,obtrunco,suggested,1,
obtruncat,la,obtrunco,suggested,1,
obtulerant,la,offero,suggested,1,
obtulerunt,la,offero,suggested,1,
obtulisset,la,offero,suggested,1,
obtundere,la,obtundo,suggested,1,
obversa,la,obverto,suggested,1,
obvii,la,obvis,suggested,1,
obvios,la,Obvii,suggested,1,
obvolutum,la,obvoluo,suggested,1,
occalluerint,la,occalluo,suggested,1,
occasiones,la,occasio,suggested,1,
occasionibus,la,occasio,suggested,1,
occasionum,la,occasio,suggested,1,
occi,la,occio,suggested,1,
occidan,la,occido,suggested,1,
occidat,la,occido,suggested,1,
occidendum,la,occido,suggested,1,
occidentali,la,occidentalis,suggested,1,
occidentalibus,la,occidentalis,suggested,1,
occidentaliores,la,occidentalis,suggested,1,
occidentalioribus,la,occidentalis,suggested,1,
occidentalissima,la,occidentalis,suggested,1,
occiderat,la,occido,suggested,1,
occideret,la,occido,suggested,1,
occidi,la,occido,suggested,1,
occidunt,la,occido,suggested,1,
occiduntur,la,occido,suggested,1,
occipite,la,occipio,suggested,1,
occisa,la,occido,suggested,1,
occisione,la,occisio,suggested,1,
occisionis,la,occisio,suggested,1,
occisorum,la,occido,suggested,1,
occisuros,la,occdo,suggested,1,
occisurum,la,occido,suggested,1,
occubituros,la,occubo,suggested,1,
occubuerit,la,occubuo,suggested,1,
occulta,la,occulo,suggested,1,
occulto,la,occultus,suggested,1,
occultus,la,occulo,suggested,1,
occumberet,la,occumbo,suggested,1,
occumbit,la,occumbo,suggested,1,
occupandam,la,occupo,suggested,1,
occupans,la,occupo,suggested,1,
occupantes,la,occupo,suggested,1,
occuparat,la,occupo,suggested,1,
occuparet,la,occupo,suggested,1,
occupatae,la,occupo,suggested,1,
occupationes,la,occupatio,suggested,1,
occupatis,la,occupo,suggested,1,
occupaturos,la,occupo,suggested,1,
occupaturum,la,occupo,suggested,1,
occupaverint,la,occupo,suggested,1,
occupaverit,la,occupo,suggested,1,
occupavero,la,occupo,suggested,1,
occupet,la,occupo,suggested,1,
occupo,la,occupo,suggested,1,
occurrent,la,occurro,suggested,1,
occurrerunt,la,occurro,suggested,1,
oceani,la,oceanus,suggested,1,
octiduo,la,octiduus,suggested,1,
octingentis,la,octingenti,suggested,1,
octobri,la,octobris,suggested,1,
oculatus,la,oculatus,suggested,1,
odia,la,odium,suggested,1,
odii,la,odium,suggested,1,
odorari,la,odoro,suggested,1,
odorem,la,odor,suggested,1,
offendentes,la,offendo,suggested,1,
offendere,la,offendo,suggested,1,
offenderet,la,offendo,suggested,1,
offensam,la,offensa,suggested,1,
offensum,la,offendo,suggested,1,
offerens,la,offero,suggested,1,
offerretur,la,offero,suggested,1,
offert,la,offero,suggested,1,
offertur,la,offero,suggested,1,
offerunt,la,offero,suggested,1,
officialibus,la,officialis,suggested,1,
officii,la,officium,suggested,1,
officium,la,officium,suggested,1,
oiano,la,Oianum,suggested,1,
ollor,la,ollor,suggested,1,
omen,la,omen,suggested,1,
omensi,la,omensis,suggested,1,
omi,la,omi,suggested,1,
omin,la,omin,suggested,1,
ominabamur,la,ominor,suggested,1,
omissur,la,omitto,suggested,1,
omn,la,omn,suggested,1,
omnemque,la,omnemque,suggested,1,
omnesiam,la,omnesia,suggested,1,
omnib,la,omnib,suggested,1,
omninus,la,omninus,suggested,1,
omnipotentia,la,omnipotentia,suggested,1,
omniumq,la,omnis,suggested,1,
omur,la,omur,suggested,1,
omura,la,omurus,suggested,1,
omurana,la,omuranus,suggested,1,
omurandoni,la,omurando,suggested,1,
omurandono,la,omurandonob,suggested,1,
omurandonum,la,omurando,suggested,1,
omurensis,la,omurensis,suggested,1,
onera,la,onus,suggested,1,
oneranda,la,onero,suggested,1,
onerant,la,onero,suggested,1,
onustissimi,la,onustus,suggested,1,
opellam,la,opella,suggested,1,
opem,la,ops,suggested,1,
operarius,la,operarius,suggested,1,
operatios,la,operatus,suggested,1,
operose,la,operose,suggested,1,
opima,la,opimus,suggested,1,
opimamque,la,opimamqus,suggested,1,
opinione,la,opinio,suggested,1,
opinionem,la,opinio,suggested,1,
opitulari,la,opitulor,suggested,1,
oportebat,la,oportet,suggested,1,
oppetendam,la,oppeto,suggested,1,
oppetere,la,oppeto,suggested,1,
opportu,la,opportus,suggested,1,
opportunissimum,la,opportunus,suggested,1,
opportunitas,la,opportunitas,suggested,1,
opportunitate,la,opportunitas,suggested,1,
opportunorum,la,opportunus,suggested,1,
oppressos,la,opprimo,suggested,1,
opprimemus,la,opprimo,suggested,1,
oppugnandi,la,oppugno,suggested,1,
oppugnare,la,oppugno,suggested,1,
opt,la,opt,suggested,1,
optabili,la,optabilis,suggested,1,
optareq,la,opto,suggested,1,
optassent,la,opto,suggested,1,
optat,la,opto,suggested,1,
optatis,la,opto,suggested,1,
optico,la,opticus,suggested,1,
optimi,la,bonus,suggested,1,
optimo,la,bonus,suggested,1,
optimorum,la,bonus,suggested,1,
optimos,la,bonus,suggested,1,
optimum,la,bonus,suggested,1,
optimus,la,bonus,suggested,1,
opulentissimae,la,opulentus,suggested,1,
ora,la,os,suggested,1,
oraculo,la,oraculum,suggested,1,
oras,la,ora,suggested,1,
orassent,la,oro,suggested,1,
orationem,la,oratio,suggested,1,
orationi,la,oratio,suggested,1,
orationibus,la,oratio,suggested,1,
oratoria,la,oratorius,suggested,1,
orciq,la,orciq,suggested,1,
ordinatis,la,ordino,suggested,1,
ordinum,la,ordo,suggested,1,
org,la,org,suggested,1,
organtin,la,organtin,suggested,1,
organtino,la,organtinum,suggested,1,
oriae,la,oria,suggested,1,
orientaliora,la,orientalis,suggested,1,
orientaliores,la,orientalis,suggested,1,
orientalis,la,orientalis,suggested,1,
orientalium,la,orientalis,suggested,1,
oriza,la,oriza,suggested,1,
ornamenti,la,ornamentum,suggested,1,
ornamento,la,ornamentum,suggested,1,
ornantes,la,orno,suggested,1,
ornati,la,orno,suggested,1,
ortu,la,ortus,suggested,1,
ostendebant,la,ostendo,suggested,1,
ostendere,la,ostendo,suggested,1,
ostenderent,la,ostendo,suggested,1,
ostenderit,la,ostendo,suggested,1,
ostentabat,la,ostento,suggested,1,
ostentare,la,ostento,suggested,1,
ostentaret,la,ostento,suggested,1,
ostiatim,la,ostiatim,suggested,1,
ostium,la,ostium,suggested,1,
ostri,la,oster,suggested,1,
otiosi,la,otiosus,suggested,1,
ovi,la,ovis,suggested,1,
ovibus,la,ovis,suggested,1,
ovium,la,ovis,suggested,1,
ozacae,la,ozacus,suggested,1,
ozacan,la,ozaces,suggested,1,
ozacanas,la,ozacanus,suggested,1,
ozace,la,Ozace,suggested,1,
p’ang,la,p’ang,suggested,1,
pac,la,pac,suggested,1,
pacandam,la,paco,suggested,1,
pacata,la,paco,suggested,1,
pacatae,la,paco,suggested,1,
pacatus,la,paco,suggested,1,
pacemque,la,paceo,suggested,1,
pacificandis,la,pacifico,suggested,1,
pacificata,la,pacifico,suggested,1,
pacificatore,la,pacificator,suggested,1,
paciscerentur,la,pacisco,suggested,1,
pacisci,la,paciscor,suggested,1,
pacisi,la,pacido,suggested,1,
pacta,la,paciscor,suggested,1,
paena,la,paena,suggested,1,
paenam,la,paena,suggested,1,
paene,la,paene,suggested,1,
paenitenda,la,paeniteo,suggested,1,
paganis,la,paganus,suggested,1,
page,la,page,suggested,1,
pago,la,pagus,suggested,1,
pagos,la,pagus,suggested,1,
pal,la,pal,suggested,1,
palabundum,la,palabundum,suggested,1,
palamque,la,palamque,suggested,1,
palati,la,palatum,suggested,1,
palliarunt,la,pallio,suggested,1,
pallii,la,pallium,suggested,1,
palmos,la,palmus,suggested,1,
pandat,la,pando,suggested,1,
pane,la,panis,suggested,1,
panis,la,panis,suggested,1,
panno,la,pannus,suggested,1,
pannorum,la,pannus,suggested,1,
papyro,la,papyrus,suggested,1,
par,la,par,suggested,1,
parabantur,la,paro,suggested,1,
parabat,la,paro,suggested,1,
parantur,la,paro,suggested,1,
parata,la,paro,suggested,1,
paratissimus,la,paro,suggested,1,
paratosq,la,paratosus,suggested,1,
parcant,la,parco,suggested,1,
parcat,la,parco,suggested,1,
parcens,la,parco,suggested,1,
parceret,la,parco,suggested,1,
parcitum,la,parco,suggested,1,
pareant,la,pareo,suggested,1,
parentaret,la,parento,suggested,1,
parentelae,la,parentela,suggested,1,
parentem,la,parens,suggested,1,
parentis,la,parens,suggested,1,
parentum,la,parens,suggested,1,
parietem,la,paries,suggested,1,
parietes,la,paries,suggested,1,
parituros,la,pareo,suggested,1,
parti,la,pars,suggested,1,
partiarios,la,partiarius,suggested,1,
particularia,la,particularis,suggested,1,
partitione,la,partitio,suggested,1,
parto,la,partus,suggested,1,
partu,la,partus,suggested,1,
parui,la,pareo,suggested,1,
paruit,la,pareo,suggested,1,
parvam,la,parvus,suggested,1,
parvis,la,parvus,suggested,1,
parvit,la,pareo,suggested,1,
parvo,la,parvus,suggested,1,
parvos,la,parvus,suggested,1,
parvulis,la,parvulus,suggested,1,
pascua,la,pascuum,suggested,1,
passa,la,patior,suggested,1,
passu,la,passus,suggested,1,
passuum,la,passus,suggested,1,
patefactis,la,patefacio,suggested,1,
patefecisset,la,pateficio,suggested,1,
patentibus,la,pateo,suggested,1,
paterentur,la,pateo,suggested,1,
paternae,la,paternus,suggested,1,
paternitas,la,paternitas,suggested,1,
paternitatem,la,paternitas,suggested,1,
paternitati,la,paternitas,suggested,1,
pati,la,patior,suggested,1,
patiar,la,patior,suggested,1,
patiebatur,la,patior,suggested,1,
patienter,la,patienter,suggested,1,
patienterq,la,patienterq,suggested,1,
patienti,la,patior,suggested,1,
patientia,la,patientia,suggested,1,
patio,la,patius,suggested,1,
patrasse,la,patro,suggested,1,
patrisque,la,patrisque,suggested,1,
patrocinabatur,la,patrocinor,suggested,1,
patrocinium,la,patrocinium,suggested,1,
patronum,la,patronus,suggested,1,
patrumq,la,patrer,suggested,1,
patrumque,la,patrumquus,suggested,1,
patruus,la,patruus,suggested,1,
pauca,la,paucus,suggested,1,
paucitate,la,paucitas,suggested,1,
paucorum,la,paucus,suggested,1,
paucula,la,pauculus,suggested,1,
pauculis,la,pauculus,suggested,1,
paulum,la,Paulus,suggested,1,
paventes,la,paveo,suggested,1,
pavor,la,pavor,suggested,1,
pavoreque,la,pavoreque,suggested,1,
pavoris,la,pavor,suggested,1,
pe,la,pe,suggested,1,
pectore,la,pectus,suggested,1,
pectori,la,pectus,suggested,1,
pectoris,la,pectus,suggested,1,
peculiarem,la,peculiaris,suggested,1,
peculiari,la,peculiaris,suggested,1,
peculiaris,la,peculiaris,suggested,1,
pecuniae,la,pecunia,suggested,1,
pedes,la,pes,suggested,1,
pedesq,la,pedesq,suggested,1,
pedester,la,pedester,suggested,1,
pedibus,la,pes,suggested,1,
peditum,la,pedes,suggested,1,
peiora,la,malus,suggested,1,
peiorem,la,peior,suggested,1,
pellectis,la,pellego,suggested,1,
pelleremur,la,pello,suggested,1,
pelles,la,pellis,suggested,1,
pellibus,la,pellis,suggested,1,
pelliceret,la,pelliceo,suggested,1,
pena,la,poena,suggested,1,
pendent,la,pendeo,suggested,1,
penes,la,penes,suggested,1,
penetr,la,peneo,suggested,1,
penetraret,la,penetro,suggested,1,
penetrasset,la,penetro,suggested,1,
penetrat,la,penetro,suggested,1,
peninsula,la,peninsula,suggested,1,
penitus,la,penitus,suggested,1,
penthesileam,la,penthesileus,suggested,1,
pequinianam,la,Pequinianus,suggested,1,
pequiniano,la,pequinianus,suggested,1,
peracerbo,la,peracerbo,suggested,1,
peracerbum,la,peracerbus,suggested,1,
perambulandam,la,perambulo,suggested,1,
perambulare,la,perambulo,suggested,1,
peramplis,la,peramplum,suggested,1,
perangustum,la,perangustus,suggested,1,
percensebo,la,percenseo,suggested,1,
percommodum,la,percommodus,suggested,1,
percrebuit,la,percrebeo,suggested,1,
perculerit,la,perfero,suggested,1,
perculit,la,perculo,suggested,1,
perdidicit,la,perdido,suggested,1,
perdiscenda,la,perdisco,suggested,1,
perditam,la,perdo,suggested,1,
perditi,la,perdo,suggested,1,
perditis,la,perdo,suggested,1,
perditissimos,la,perditus,suggested,1,
perditorum,la,perdo,suggested,1,
perditos,la,perdo,suggested,1,
perducere,la,perduco,suggested,1,
perduceret,la,perduco,suggested,1,
perducturam,la,perduco,suggested,1,
perductutum,la,perduco,suggested,1,
perduelli,la,perduello,suggested,1,
perduellione,la,perduellio,suggested,1,
perduellionem,la,perduellio,suggested,1,
perdurarunt,la,perduro,suggested,1,
perduravit,la,perduro,suggested,1,
pereat,la,pereo,suggested,1,
peregrinae,la,peregrina,suggested,1,
peregrini,la,peregrinus,suggested,1,
peregrinis,la,peregrinus,suggested,1,
perennes,la,perenno,suggested,1,
pererrant,la,pererro,suggested,1,
pereundum,la,pereo,suggested,1,
perfecte,la,perfecte,suggested,1,
perfecto,la,perfectus,suggested,1,
perfectum,la,perfectus,suggested,1,
perfide,la,perfide,suggested,1,
perfidi,la,perfidus,suggested,1,
perfidis,la,perfes,suggested,1,
perfidorum,la,perfidus,suggested,1,
perfrui,la,perfruor,suggested,1,
perfruituram,la,perfruituo,suggested,1,
perfugium,la,perfugium,suggested,1,
perfusa,la,perfundo,suggested,1,
perhumaniter,la,perhumaniter,suggested,1,
perhumanum,la,perhumanus,suggested,1,
periclitari,la,periclitor,suggested,1,
pericolorumque,la,pericolorumque,suggested,1,
periculorum,la,periculum,suggested,1,
perimere,la,perimo,suggested,1,
peritis,la,peritus,suggested,1,
peritosque,la,peritosque,suggested,1,
peritus,la,peritus,suggested,1,
periucundum,la,periucundus,suggested,1,
perium,la,perium,suggested,1,
permiserunt,la,permitto,suggested,1,
permisisset,la,permitto,suggested,1,
permissa,la,permitto,suggested,1,
permissas,la,permitto,suggested,1,
permittant,la,permitto,suggested,1,
permixto,la,permisceo,suggested,1,
permovendam,la,permoveo,suggested,1,
permulti,la,permultus,suggested,1,
permultis,la,permultus,suggested,1,
permutarunt,la,permuto,suggested,1,
pernicibus,la,pernix,suggested,1,
perniciosas,la,perniciosus,suggested,1,
pernicis,la,pernica,suggested,1,
perpendamus,la,perpendo,suggested,1,
perpendentes,la,perpendo,suggested,1,
perpendit,la,perpendo,suggested,1,
perpessione,la,perpessio,suggested,1,
perpessos,la,perpetior,suggested,1,
perpetiendam,la,perpetio,suggested,1,
perpetua,la,perpetuus,suggested,1,
perpetuum,la,perpetuus,suggested,1,
perplexi,la,perpligo,suggested,1,
perplexo,la,perplexus,suggested,1,
perrumpunt,la,perrumpo,suggested,1,
perrupit,la,perrumpo,suggested,1,
perscribit,la,perscribo,suggested,1,
persecutio,la,persecutio,suggested,1,
persecutionum,la,persecutio,suggested,1,
persecutor,la,persecutor,suggested,1,
persensisse,la,persentio,suggested,1,
persequebantur,la,persequor,suggested,1,
persequebatur,la,persequor,suggested,1,
persequutus,la,perseqquor,suggested,1,
perseverat,la,persevero,suggested,1,
persistendi,la,persisto,suggested,1,
persisteret,la,persisto,suggested,1,
persistit,la,persisto,suggested,1,
persolverentur,la,persolvo,suggested,1,
persolvi,la,persolvo,suggested,1,
personae,la,persona,suggested,1,
personam,la,persona,suggested,1,
personas,la,persona,suggested,1,
perspectam,la,perspicio,suggested,1,
perspexisse,la,perspicio,suggested,1,
perspicue,la,perspicue,suggested,1,
perstantes,la,persto,suggested,1,
perstitit,la,persisto,suggested,1,
perstituram,la,perstituo,suggested,1,
perstringenda,la,perstringo,suggested,1,
perstrinxit,la,perstringo,suggested,1,
persuadent,la,persuadeo,suggested,1,
persuadeo,la,persuadeo,suggested,1,
persuaderent,la,persuadeo,suggested,1,
persuasi,la,persuadeo,suggested,1,
persuasione,la,persuasio,suggested,1,
persuasum,la,persuadeo,suggested,1,
pertimescenda,la,pertimesco,suggested,1,
pertinacissima,la,pertinacus,suggested,1,
pertinaciter,la,pertinaciter,suggested,1,
pertinent,la,pertineo,suggested,1,
pertinentibus,la,pertineo,suggested,1,
pertinet,la,pertineo,suggested,1,
pertractaret,la,pertracto,suggested,1,
pertraxissent,la,pertricio,suggested,1,
perturbabant,la,perturbo,suggested,1,
perturbarent,la,perturbo,suggested,1,
perturbatio,la,perturbatio,suggested,1,
perturbationum,la,perturbatio,suggested,1,
pervenerit,la,pervenio,suggested,1,
pervenerunt,la,pervenio,suggested,1,
pervenire,la,pervenio,suggested,1,
perveniret,la,pervenio,suggested,1,
pervenisset,la,pervenio,suggested,1,
perventuras,la,pervenio,suggested,1,
perversae,la,perverto,suggested,1,
pessime,la,pessime,suggested,1,
pessis,la,pessis,suggested,1,
pessumdaret,la,pessumdo,suggested,1,
pestem,la,pestis,suggested,1,
petant,la,peto,suggested,1,
petendum,la,peto,suggested,1,
petentes,la,peto,suggested,1,
peti,la,peto,suggested,1,
petierant,la,peto,suggested,1,
petierat,la,peto,suggested,1,
petierunt,la,peto,suggested,1,
petii,la,peto,suggested,1,
petiit,la,peto,suggested,1,
petitionis,la,petitio,suggested,1,
petiverat,la,peto,suggested,1,
petivere,la,peto,suggested,1,
petrus,la,petrus,suggested,1,
philippinis,la,philippina,suggested,1,
philosophia,la,philosophia,suggested,1,
philosophis,la,philosophus,suggested,1,
philosopho,la,philosophus,suggested,1,
philosophorum,la,philosophus,suggested,1,
physicos,la,physicus,suggested,1,
pictam,la,pingo,suggested,1,
pie,la,pie,suggested,1,
pieque,la,pieque,suggested,1,
pietas,la,pietas,suggested,1,
pietati,la,pietas,suggested,1,
pietatisq,la,pietatisq,suggested,1,
pii,la,pius,suggested,1,
pileo,la,pileum,suggested,1,
pingnan,la,Pingnas,suggested,1,
pingpu,la,pingpu,suggested,1,
piscatione,la,piscatio,suggested,1,
piscator,la,piscator,suggested,1,
piscatoribus,la,piscator,suggested,1,
piti,la,piti,suggested,1,
placare,la,placo,suggested,1,
placatus,la,placo,suggested,1,
placere,la,placeo,suggested,1,
placuerit,la,placeo,suggested,1,
plagam,la,plaga,suggested,1,
planities,la,planities,suggested,1,
plano,la,planus,suggested,1,
plateam,la,platea,suggested,1,
plateas,la,platea,suggested,1,
plateis,la,platea,suggested,1,
plebe,la,plebs,suggested,1,
plebei,la,plebes,suggested,1,
plebem,la,plebs,suggested,1,
plebis,la,plebs,suggested,1,
plectebatur,la,plector,suggested,1,
plenam,la,plenus,suggested,1,
plenissima,la,plenus,suggested,1,
plenissimas,la,plenus,suggested,1,
plenissime,la,plene,suggested,1,
plenissimi,la,plenus,suggested,1,
pleno,la,plenus,suggested,1,
plenoque,la,plenoque,suggested,1,
plenos,la,plenus,suggested,1,
plenum,la,plenus,suggested,1,
pleriq,la,pler,suggested,1,
plerisque,la,plerusque,suggested,1,
plexi,la,pligo,suggested,1,
plius,la,plius,suggested,1,
pluribusque,la,quibusque,suggested,1,
plurimam,la,multus,suggested,1,
plurimorum,la,plurime,suggested,1,
plurimos,la,multus,suggested,1,
plurium,la,multus,suggested,1,
plusq,la,plusq,suggested,1,
pluviae,la,pluvia,suggested,1,
poenitendum,la,poeniteor,suggested,1,
politices,la,Politices,suggested,1,
politicis,la,politicus,suggested,1,
pollebat,la,pollo,suggested,1,
pollens,la,pollo,suggested,1,
polleret,la,pollo,suggested,1,
poloniae,la,polonia,suggested,1,
polonicis,la,polonicus,suggested,1,
pomarium,la,pomarium,suggested,1,
pomerio,la,Pomerius,suggested,1,
ponatur,la,pono,suggested,1,
ponere,la,pono,suggested,1,
pontifici,la,pontifex,suggested,1,
populabundi,la,Wpulabundus,suggested,1,
populoque,la,populoque,suggested,1,
populor,la,populor,suggested,1,
populorum,la,populus,suggested,1,
populosissima,la,populosus,suggested,1,
populosissimam,la,populosus,suggested,1,
populosissimas,la,populosus,suggested,1,
porcina,la,porcinus,suggested,1,
poris,la,pos,suggested,1,
porrecta,la,porrectus,suggested,1,
porrexerunt,la,porgo,suggested,1,
porrexit,la,porgo,suggested,1,
porrigenda,la,porrigo,suggested,1,
porrigendas,la,porrigo,suggested,1,
port,la,port,suggested,1,
portanda,la,porto,suggested,1,
portat,la,porto,suggested,1,
posit,la,posum,suggested,1,
posita,la,pono,suggested,1,
positos,la,pono,suggested,1,
positum,la,pono,suggested,1,
positurum,la,pono,suggested,1,
posseq,la,possum,suggested,1,
possessione,la,possessio,suggested,1,
possessor,la,possessor,suggested,1,
possideant,la,possideo,suggested,1,
possidere,la,possideo,suggested,1,
possiderent,la,possideo,suggested,1,
possis,la,possum,suggested,1,
possum,la,possum,suggested,1,
postera,la,posterus,suggested,1,
posteris,la,posterus,suggested,1,
posteros,la,posterus,suggested,1,
posthabere,la,posthabeo,suggested,1,
postliminio,la,postliminium,suggested,1,
postposuit,la,postpono,suggested,1,
postqu,la,postqu,suggested,1,
postrema,la,postremo,suggested,1,
postremi,la,postremo,suggested,1,
postremis,la,postremus,suggested,1,
postulab,la,postulo,suggested,1,
postulans,la,postulo,suggested,1,
postulata,la,postulo,suggested,1,
postulet,la,postulo,suggested,1,
posueramus,la,posuno,suggested,1,
posuerant,la,pono,suggested,1,
posuisse,la,pono,suggested,1,
pote,la,pote,suggested,1,
potentes,la,possum,suggested,1,
potenti,la,pssum,suggested,1,
potentiaque,la,potentiaque,suggested,1,
potentiore,la,possum,suggested,1,
potentissimi,la,potens,suggested,1,
poteramus,la,poteo,suggested,1,
poterunt,la,possum,suggested,1,
potesta,la,potestas,suggested,1,
potiorem,la,potior,suggested,1,
potissima,la,potis,suggested,1,
potissime,la,potius,suggested,1,
potissimum,la,potissimum,suggested,1,
potiti,la,potior,suggested,1,
potitus,la,potior,suggested,1,
potuerant,la,possum,suggested,1,
potuerint,la,possum,suggested,1,
potuissemus,la,potuior,suggested,1,
praebent,la,praebeo,suggested,1,
praebere,la,praebeo,suggested,1,
praebet,la,praebeo,suggested,1,
praebuerit,la,praebeo,suggested,1,
praebuisset,la,praebeo,suggested,1,
praecaveantur,la,praecaveo,suggested,1,
praecedat,la,praecedo,suggested,1,
praecedit,la,praecedo,suggested,1,
praecepit,la,praecipio,suggested,1,
praecesser,la,praecesser,suggested,1,
praecessissent,la,praecedo,suggested,1,
praecipere,la,praecipio,suggested,1,
praecipitem,la,praeceps,suggested,1,
praecipites,la,praeceps,suggested,1,
praecipitio,la,praecipitio,suggested,1,
praecipuarum,la,praecipuus,suggested,1,
praecipuos,la,praecipuus,suggested,1,
praeclar,la,praeclar,suggested,1,
praeclara,la,praeclarus,suggested,1,
praeclaram,la,praeclarus,suggested,1,
praeconio,la,praeconium,suggested,1,
praedae,la,praeda,suggested,1,
praedantes,la,praedo,suggested,1,
praedantibus,la,praedo,suggested,1,
praedestinationis,la,praedestinatio,suggested,1,
praedicandi,la,praedico,suggested,1,
praedicaremus,la,praedico,suggested,1,
praedicatione,la,praedicatio,suggested,1,
praedicationis,la,praedicatio,suggested,1,
praedicta,la,praedico,suggested,1,
praedictae,la,praedico,suggested,1,
praedictus,la,praedico,suggested,1,
praedita,la,praeditus,suggested,1,
praediti,la,praeditus,suggested,1,
praeest,la,praesum,suggested,1,
praefectum,la,praefectus,suggested,1,
praefecturae,la,praefectura,suggested,1,
praefer,la,praefero,suggested,1,
praeficere,la,praeficio,suggested,1,
praegnantes,la,praegnanto,suggested,1,
praegnantibus,la,praegnans,suggested,1,
praeibo,la,praeeo,suggested,1,
praelectionibus,la,praelectio,suggested,1,
praeliis,la,praelium,suggested,1,
praelium,la,praelium,suggested,1,
praeludium,la,praeludium,suggested,1,
praemiis,la,praemium,suggested,1,
praemittunt,la,praemitto,suggested,1,
praenominato,la,praenominatus,suggested,1,
praenuntiare,la,praenuncio,suggested,1,
praepararent,la,praeparo,suggested,1,
praeparatione,la,praeparatio,suggested,1,
praeparaverant,la,praeparo,suggested,1,
praeparavit,la,praeparo,suggested,1,
praepositos,la,praepono,suggested,1,
praepositum,la,praepono,suggested,1,
praerepti,la,praeripio,suggested,1,
praeriperet,la,praeripio,suggested,1,
praesagium,la,praesagium,suggested,1,
praescidit,la,praescido,suggested,1,
praescripta,la,praescribo,suggested,1,
praescriptam,la,praescribo,suggested,1,
praesentari,la,praesento,suggested,1,
praesentiam,la,praesentia,suggested,1,
praesentiarum,la,praesentia,suggested,1,
praesentibus,la,praesum,suggested,1,
praesentissimis,la,praesens,suggested,1,
praesentium,la,praesens,suggested,1,
praesi,la,praesus,suggested,1,
praesideret,la,praesideo,suggested,1,
praestabunt,la,praesto,suggested,1,
praestandam,la,praesto,suggested,1,
praestandum,la,praesto,suggested,1,
praestant,la,praesto,suggested,1,
praestantiam,la,praestantia,suggested,1,
praestantibus,la,praesto,suggested,1,
praestantissimos,la,praestantus,suggested,1,
praestare,la,praesto,suggested,1,
praestiturum,la,praesto,suggested,1,
praestolamur,la,praestolo,suggested,1,
praestolantur,la,praestolo,suggested,1,
praesunt,la,praesum,suggested,1,
praeterfluit,la,praeterfluo,suggested,1,
praeteribo,la,praetereo,suggested,1,
praeterita,la,praetereo,suggested,1,
praeteritis,la,praetereo,suggested,1,
praetermisso,la,praetermitto,suggested,1,
praetermissum,la,praetermitto,suggested,1,
praetermittam,la,praetermitto,suggested,1,
praetulisset,la,praefero,suggested,1,
praev,la,praev,suggested,1,
pransus,la,pransus,suggested,1,
prava,la,pravus,suggested,1,
pravorum,la,pravus,suggested,1,
praxes,la,prax,suggested,1,
pre,la,prae,suggested,1,
precationum,la,precatio,suggested,1,
prehensi,la,prehendo,suggested,1,
prelectionibus,la,prelectio,suggested,1,
premebatur,la,premo,suggested,1,
pressus,la,premo,suggested,1,
prestitimus,la,presto,suggested,1,
pretiosae,la,pretiosus,suggested,1,
pretiosarum,la,pretiosus,suggested,1,
pretiosissimas,la,pretiosus,suggested,1,
pretium,la,pretium,suggested,1,
primaria,la,primarius,suggested,1,
primariorum,la,primarius,suggested,1,
primas,la,primus,suggested,1,
primi,la,primus,suggested,1,
primogeniti,la,primogenitus,suggested,1,
primogenito,la,primogenitus,suggested,1,
primos,la,primus,suggested,1,
principe,la,princeps,suggested,1,
principia,la,principium,suggested,1,
principibus,la,princeps,suggested,1,
principium,la,principium,suggested,1,
prior,la,prior,suggested,1,
priore,la,prior,suggested,1,
priores,la,prior,suggested,1,
priori,la,prior,suggested,1,
prioris,la,prior,suggested,1,
priscas,la,priscus,suggested,1,
priscis,la,priscus,suggested,1,
pristin,la,pristin,suggested,1,
pristinamque,la,pristinaus,suggested,1,
pristino,la,pristinus,suggested,1,
pristinum,la,pristinus,suggested,1,
priusquam,la,priusquam,suggested,1,
privant,la,privo,suggested,1,
privata,la,priuo,suggested,1,
privato,la,priuo,suggested,1,
probarant,la,probo,suggested,1,
probaretur,la,probo,suggested,1,
probarunt,la,probo,suggested,1,
probatur,la,probo,suggested,1,
probaverint,la,probo,suggested,1,
probiores,la,probior,suggested,1,
probro,la,probrum,suggested,1,
probrosum,la,probrosus,suggested,1,
probrum,la,probrum,suggested,1,
proced,la,proced,suggested,1,
procedamus,la,procedo,suggested,1,
procederet,la,procedo,suggested,1,
procedunt,la,procedo,suggested,1,
procella,la,procella,suggested,1,
procellis,la,procella,suggested,1,
processi,la,procedo,suggested,1,
processum,la,procedo,suggested,1,
processurum,la,procedo,suggested,1,
proclamabat,la,proclamo,suggested,1,
proclamant,la,proclamo,suggested,1,
proclamatum,la,proclamo,suggested,1,
proclamavit,la,proclamo,suggested,1,
proclive,la,proclive,suggested,1,
procul,la,procul,suggested,1,
proculcatur,la,proculco,suggested,1,
procurabat,la,procuro,suggested,1,
procuraturus,la,procuro,suggested,1,
prodente,la,prodo,suggested,1,
prodessent,la,prodsum,suggested,1,
prodesset,la,prosum,suggested,1,
prodiderint,la,prodo,suggested,1,
prodiere,la,prodeo,suggested,1,
prodigia,la,prodigium,suggested,1,
prodigiis,la,prodigium,suggested,1,
prodiit,la,prodeo,suggested,1,
prodire,la,prodeo,suggested,1,
prodirent,la,prodeo,suggested,1,
proditio,la,proditio,suggested,1,
proditione,la,proditio,suggested,1,
proditionem,la,proditio,suggested,1,
proditiones,la,proditio,suggested,1,
proditor,la,proditor,suggested,1,
proditores,la,proditor,suggested,1,
proditoribus,la,proditor,suggested,1,
proditoris,la,proditor,suggested,1,
prodituram,la,prodituo,suggested,1,
proditus,la,prodo,suggested,1,
prodromos,la,prodromus,suggested,1,
proferrem,la,profero,suggested,1,
proferret,la,profero,suggested,1,
professi,la,profiteor,suggested,1,
professus,la,profiteor,suggested,1,
profitebantur,la,profiteor,suggested,1,
profiterentur,la,profiteor,suggested,1,
profligarent,la,profligo,suggested,1,
profligata,la,profligo,suggested,1,
proftrato,la,proftro,suggested,1,
profudi,la,profundo,suggested,1,
profugus,la,profugus,suggested,1,
profuit,la,prosum,suggested,1,
profund,la,profund,suggested,1,
profundissimae,la,profundus,suggested,1,
profunditatis,la,profunditas,suggested,1,
progenie,la,progenies,suggested,1,
progreditur,la,progredior,suggested,1,
progressae,la,progredior,suggested,1,
progressibus,la,progressus,suggested,1,
progressu,la,progressus,suggested,1,
progressum,la,progressus,suggested,1,
progressurum,la,progredo,suggested,1,
prohibebat,la,prohibeo,suggested,1,
prohibere,la,prohibeo,suggested,1,
prohiberemur,la,prohibeo,suggested,1,
prohiberent,la,prohibeo,suggested,1,
prohibet,la,prohibeo,suggested,1,
prohibita,la,prohibeo,suggested,1,
prohibiti,la,prohibeo,suggested,1,
proiecit,la,proicio,suggested,1,
proiecta,la,proicio,suggested,1,
proiiciuntur,la,proiicio,suggested,1,
prolixior,la,prolixus,suggested,1,
prolixius,la,prolixe,suggested,1,
prom,la,prom,suggested,1,
promiserunt,la,promitto,suggested,1,
promisi,la,promitto,suggested,1,
promisimus,la,promitto,suggested,1,
promissas,la,promitto,suggested,1,
promissione,la,promissio,suggested,1,
promisso,la,promitto,suggested,1,
promissorum,la,promitto,suggested,1,
promittebant,la,promitto,suggested,1,
promittebantur,la,promitto,suggested,1,
promittendo,la,promitto,suggested,1,
promittens,la,promitto,suggested,1,
promotionem,la,promotio,suggested,1,
promoturam,la,promotura,suggested,1,
promoturum,la,promoveo,suggested,1,
promovenda,la,promoveo,suggested,1,
promovendo,la,promoveo,suggested,1,
promovendum,la,promoveo,suggested,1,
promovere,la,promoveo,suggested,1,
promoverent,la,promoveo,suggested,1,
promoverunt,la,promoveo,suggested,1,
promovit,la,promoveo,suggested,1,
promptam,la,promptus,suggested,1,
prompti,la,promo,suggested,1,
promptiores,la,promo,suggested,1,
promptissimus,la,promptus,suggested,1,
promptius,la,prompte,suggested,1,
promptu,la,promptus,suggested,1,
promulgatis,la,promulgo,suggested,1,
promulgato,la,promulgo,suggested,1,
promulgavit,la,promulgo,suggested,1,
pronam,la,prona,suggested,1,
pronum,la,pronus,suggested,1,
propagandam,la,propago,suggested,1,
propagare,la,propago,suggested,1,
propagata,la,propago,suggested,1,
propagatio,la,propagatio,suggested,1,
propagent,la,propago,suggested,1,
propemodum,la,propemodum,suggested,1,
propensum,la,propensus,suggested,1,
propero,la,properus,suggested,1,
propinare,la,propino,suggested,1,
propinato,la,propino,suggested,1,
propinquitate,la,propinquitas,suggested,1,
propitio,la,propitius,suggested,1,
propitius,la,propitius,suggested,1,
propiusque,la,propiusque,suggested,1,
proposit,la,proposum,suggested,1,
proposuerunt,la,propono,suggested,1,
propria,la,proprius,suggested,1,
propriae,la,proprius,suggested,1,
propriam,la,proprius,suggested,1,
proprie,la,proprie,suggested,1,
proprii,la,proprius,suggested,1,
propugnabat,la,propugno,suggested,1,
propugnacula,la,propugnaculum,suggested,1,
propugnaculoque,la,propugnaculoque,suggested,1,
propugnaculorum,la,propugnaculum,suggested,1,
proregi,la,Prorex,suggested,1,
proregis,la,prorex,suggested,1,
prorogandum,la,prorogo,suggested,1,
prorumperet,la,prorumpo,suggested,1,
prosecutes,la,prosequor,suggested,1,
prosecuti,la,prosequor,suggested,1,
prosequatur,la,prosequor,suggested,1,
prosequendo,la,prosequor,suggested,1,
prosequi,la,prosequor,suggested,1,
prospectans,la,prospecto,suggested,1,
prospectum,la,prospicio,suggested,1,
prospera,la,prosperus,suggested,1,
prosperi,la,prosperus,suggested,1,
prosperior,la,prosperus,suggested,1,
prosperiorum,la,prosperus,suggested,1,
prosperos,la,prosperus,suggested,1,
prosperrimos,la,prosperrimus,suggested,1,
prostabat,la,prosto,suggested,1,
protectorem,la,protector,suggested,1,
protectores,la,protector,suggested,1,
protegere,la,protego,suggested,1,
protractam,la,protraho,suggested,1,
protracto,la,protraho,suggested,1,
protulit,la,profero,suggested,1,
prouincia,la,provincia,suggested,1,
prouincias,la,provincia,suggested,1,
provecta,la,provicio,suggested,1,
provectis,la,proveho,suggested,1,
provenerint,la,provenio,suggested,1,
provexit,la,proveho,suggested,1,
provide,la,provideo,suggested,1,
provideant,la,provideo,suggested,1,
providentiam,la,providentia,suggested,1,
provideri,la,provideo,suggested,1,
providum,la,provis,suggested,1,
provin,la,provin,suggested,1,
provinciale,la,provincialis,suggested,1,
provisione,la,provisio,suggested,1,
provisionem,la,provisio,suggested,1,
provisorias,la,provisorius,suggested,1,
provisum,la,provideo,suggested,1,
provocabat,la,provoco,suggested,1,
provocarent,la,provoco,suggested,1,
provolutus,la,provoluo,suggested,1,
proxima,la,proximus,suggested,1,
proximo,la,proximus,suggested,1,
proximorum,la,proximus,suggested,1,
proximus,la,proximus,suggested,1,
prudens,la,prudens,suggested,1,
prudentiae,la,prudentia,suggested,1,
prudentiam,la,prudentia,suggested,1,
prudentibus,la,prudens,suggested,1,
prudentissimos,la,prudens,suggested,1,
pruno,la,prunum,suggested,1,
ptiores,la,ptior,suggested,1,
ptistae,la,ptista,suggested,1,
publicae,la,publicus,suggested,1,
publicam,la,publicus,suggested,1,
publicatam,la,publico,suggested,1,
publicato,la,publico,suggested,1,
publicavit,la,publico,suggested,1,
publicis,la,publicus,suggested,1,
pucheu,la,Pucheus,suggested,1,
pudefactis,la,pudefacio,suggested,1,
pudefecerunt,la,pudeficio,suggested,1,
pudet,la,pudo,suggested,1,
puellam,la,puella,suggested,1,
puellarum,la,puella,suggested,1,
puellas,la,puella,suggested,1,
puellis,la,puella,suggested,1,
puerilem,la,puerilis,suggested,1,
puerili,la,puerilis,suggested,1,
pueris,la,puer,suggested,1,
pueros,la,puer,suggested,1,
pueruli,la,puerulus,suggested,1,
pugnabant,la,pugno,suggested,1,
pugnabat,la,pugno,suggested,1,
pugnacul,la,pugnacul,suggested,1,
pugnant,la,pugno,suggested,1,
pugnantium,la,pugno,suggested,1,
pugnarat,la,pugno,suggested,1,
pugnarent,la,pugno,suggested,1,
pugnatur,la,pugno,suggested,1,
pugnis,la,pugnus,suggested,1,
pulcherrimae,la,pulcher,suggested,1,
pulcherrime,la,pulcher,suggested,1,
pulcherrimum,la,pulcher,suggested,1,
pulchra,la,pulcher,suggested,1,
pulchrioribus,la,pulchrior,suggested,1,
pulchritudinem,la,pulchritudo,suggested,1,
pulchrum,la,pulcher,suggested,1,
pullularunt,la,pullulo,suggested,1,
pulsam,la,pello,suggested,1,
pulsum,la,pello,suggested,1,
pulvere,la,pulvis,suggested,1,
pulveris,la,pulvis,suggested,1,
puniretur,la,punio,suggested,1,
punit,la,punio,suggested,1,
purgationi,la,purgatio,suggested,1,
purgato,la,purgo,suggested,1,
purgatorii,la,purgatorius,suggested,1,
purpurei,la,purpureus,suggested,1,
putabant,la,puto,suggested,1,
putabantur,la,puto,suggested,1,
putabatur,la,puto,suggested,1,
putarent,la,puto,suggested,1,
putaret,la,puto,suggested,1,
putaretur,la,puto,suggested,1,
putavi,la,puto,suggested,1,
putridi,la,putridus,suggested,1,
pyratar,la,pyratar,suggested,1,
quacumque,la,quicumque,suggested,1,
quadantenus,la,quadantenus,suggested,1,
quadragies,la,quadragies,suggested,1,
quadringentorum,la,quadringenti,suggested,1,
quaereret,la,quaero,suggested,1,
quaeri,la,quaero,suggested,1,
quaestione,la,quaestio,suggested,1,
quaestum,la,quaestus,suggested,1,
quale,la,qualis,suggested,1,
qualemcunque,la,qualemcunques,suggested,1,
qualitatem,la,qualitas,suggested,1,
quambioindono,la,quambioindonus,suggested,1,
quamdam,la,quidam,suggested,1,
quamdiu,la,quamdiu,suggested,1,
quammaxime,la,quammaxime,suggested,1,
quamplurim,la,quamplurim,suggested,1,
quamplurimae,la,quamplurimus,suggested,1,
quangning,la,quangnii,suggested,1,
quantani,la,quantanus,suggested,1,
quantanis,la,quantanus,suggested,1,
quantanorum,la,quantanus,suggested,1,
quantas,la,quantus,suggested,1,
quantis,la,quantus,suggested,1,
quantumuis,la,quantumuus,suggested,1,
quantumvis,la,quantumvus,suggested,1,
quantung,la,quantunus,suggested,1,
quarta,la,quartus,suggested,1,
quartae,la,quartus,suggested,1,
quartum,la,quartus,suggested,1,
quarumque,la,quique,suggested,1,
quarundam,la,quidam,suggested,1,
quascumque,la,quicumque,suggested,1,
quasdam,la,quidam,suggested,1,
quater,la,quater,suggested,1,
quaternis,la,quaternus,suggested,1,
quatuordecim,la,quattuordecim,suggested,1,
queant,la,queo,suggested,1,
quebant,la,quebo,suggested,1,
quedam,la,quidam,suggested,1,
queicheu,la,queichei,suggested,1,
queilin,la,Queilin,suggested,1,
quemdam,la,quidam,suggested,1,
quenqu,la,quenqus,suggested,1,
querelas,la,querela,suggested,1,
querulus,la,querulus,suggested,1,
quevira,la,queviras,suggested,1,
quic,la,quic,suggested,1,
quicquid,la,quisquis,suggested,1,
quicumque,la,quicumque,suggested,1,
quidpiam,la,quidpiam,suggested,1,
quidvis,la,quivis,suggested,1,
quies,la,quies,suggested,1,
quiescendi,la,quiesco,suggested,1,
quiescerent,la,quiesco,suggested,1,
quieta,la,quisco,suggested,1,
quieti,la,quietus,suggested,1,
quietis,la,quies,suggested,1,
quietum,la,quietus,suggested,1,
quietus,la,quietus,suggested,1,
quievere,la,quievo,suggested,1,
quina,la,quina,suggested,1,
quinam,la,quinam,suggested,1,
quingenti,la,quingenti,suggested,1,
quingodono,la,quingodonus,suggested,1,
quingodonus,la,quingodonus,suggested,1,
quinis,la,quinus,suggested,1,
quinquagesimum,la,quinquagesimus,suggested,1,
quinta,la,quintus,suggested,1,
quintam,la,quintus,suggested,1,
quintum,la,quintus,suggested,1,
quiq,la,quiq,suggested,1,
quique,la,quique,suggested,1,
quisqu,la,quisqu,suggested,1,
quivis,la,quivis,suggested,1,
quodammodo,la,quodammodo,suggested,1,
quodd,la,quoi,suggested,1,
quoddam,la,quidam,suggested,1,
quodmodo,la,quodmodo,suggested,1,
quodq,la,quodq,suggested,1,
quodque,la,quodque,suggested,1,
quon,la,quon,suggested,1,
quonam,la,quonam,suggested,1,
quoni,la,quoni,suggested,1,
quoquam,la,quisquam,suggested,1,
quoquo,la,quisquis,suggested,1,
quorsum,la,quorsum,suggested,1,
quorumdam,la,quidam,suggested,1,
quum,la,quum,suggested,1,
r.t,la,r.t,suggested,1,
rabiem,la,rabies,suggested,1,
radicem,la,radix,suggested,1,
radices,la,radix,suggested,1,
radunt,la,rado,suggested,1,
raperent,la,rapio,suggested,1,
rapiebat,la,rapio,suggested,1,
raptantur,la,rapto,suggested,1,
rapuerunt,la,rapesco,suggested,1,
rara,la,rarus,suggested,1,
raras,la,rarus,suggested,1,
rari,la,rarus,suggested,1,
rarissimi,la,rarus,suggested,1,
rasse,la,rassis,suggested,1,
rasum,la,rasus,suggested,1,
rater,la,rater,suggested,1,
ration,la,ration,suggested,1,
rationeq,la,ratio,suggested,1,
rationeque,la,rationeque,suggested,1,
rationi,la,ratio,suggested,1,
ratoris,la,rator,suggested,1,
reaedificandis,la,reaedifico,suggested,1,
rebellantibus,la,rebello,suggested,1,
rebellassent,la,rebello,suggested,1,
rebellione,la,rebellio,suggested,1,
rebellioni,la,rebellio,suggested,1,
rebusque,la,rebusque,suggested,1,
rec,la,rec,suggested,1,
recedere,la,recedo,suggested,1,
recederet,la,recedo,suggested,1,
recensebo,la,recenseo,suggested,1,
recensentur,la,recenseo,suggested,1,
recenseo,la,recenseo,suggested,1,
recensui,la,recensus,suggested,1,
recenti,la,recens,suggested,1,
receperat,la,recipio,suggested,1,
receptaculum,la,receptaculum,suggested,1,
receptum,la,recipio,suggested,1,
recepturos,la,recipio,suggested,1,
recesserit,la,recedo,suggested,1,
recessit,la,recedo,suggested,1,
recidit,la,recido,suggested,1,
recipiantur,la,recipio,suggested,1,
recitantes,la,recito,suggested,1,
recitare,la,recito,suggested,1,
reclusionis,la,reclusio,suggested,1,
recordari,la,recordor,suggested,1,
recordaturi,la,recordaor,suggested,1,
recreandis,la,recreo,suggested,1,
recreare,la,recreo,suggested,1,
recreati,la,recreo,suggested,1,
recreavit,la,recreo,suggested,1,
recreent,la,recreo,suggested,1,
rectae,la,rectus,suggested,1,
rectaque,la,rectaque,suggested,1,
rectores,la,rector,suggested,1,
reculis,la,recula,suggested,1,
recuperaret,la,recupero,suggested,1,
recuperarint,la,recupero,suggested,1,
recuperarunt,la,recupero,suggested,1,
redacto,la,redigo,suggested,1,
redactus,la,redacio,suggested,1,
reddam,la,reddo,suggested,1,
reddi,la,reddo,suggested,1,
reddit,la,reddo,suggested,1,
redditae,la,reddo,suggested,1,
redditi,la,reddo,suggested,1,
redditurum,la,reddo,suggested,1,
reddituum,la,redditus,suggested,1,
reddunt,la,reddo,suggested,1,
redeant,la,redeo,suggested,1,
redegere,la,redego,suggested,1,
redegissent,la,redego,suggested,1,
redegit,la,redigo,suggested,1,
redeuntes,la,redeo,suggested,1,
redibant,la,redeo,suggested,1,
rediens,la,redeo,suggested,1,
rediero,la,redeo,suggested,1,
redigebat,la,redigo,suggested,1,
redigere,la,redigo,suggested,1,
redigit,la,redigo,suggested,1,
rediisse,la,redieo,suggested,1,
rediisset,la,redeo,suggested,1,
redintegranda,la,redintegro,suggested,1,
rediremus,la,rediro,suggested,1,
rediturum,la,redeo,suggested,1,
reducere,la,reduco,suggested,1,
redundaret,la,redundo,suggested,1,
redundavit,la,redundo,suggested,1,
redundet,la,redundo,suggested,1,
referam,la,refero,suggested,1,
referendae,la,refero,suggested,1,
referens,la,refero,suggested,1,
referre,la,refero,suggested,1,
refertum,la,refero,suggested,1,
reflexi,la,reflego,suggested,1,
reformidarent,la,reformido,suggested,1,
reformidasset,la,reformido,suggested,1,
reformidavit,la,reformido,suggested,1,
regalem,la,regalis,suggested,1,
regales,la,regalis,suggested,1,
regalis,la,regalis,suggested,1,
regebatur,la,rego,suggested,1,
regendum,la,rego,suggested,1,
regentium,la,rego,suggested,1,
regerent,la,rego,suggested,1,
regeret,la,rego,suggested,1,
reges,la,rex,suggested,1,
regias,la,regius,suggested,1,
regimine,la,regimen,suggested,1,
reginae,la,regina,suggested,1,
reginarum,la,regina,suggested,1,
regiones,la,regio,suggested,1,
regionum,la,regio,suggested,1,
regiorum,la,regius,suggested,1,
regit,la,rego,suggested,1,
regnaret,la,regno,suggested,1,
regnat,la,regno,suggested,1,
regnaverat,la,regno,suggested,1,
regnavit,la,regno,suggested,1,
regnet,la,regno,suggested,1,
regnor,la,regnor,suggested,1,
regressorum,la,regressor,suggested,1,
regressus,la,regredior,suggested,1,
regulorum,la,regulus,suggested,1,
reiecit,la,reicio,suggested,1,
reiecti,la,reicio,suggested,1,
reiectos,la,reicio,suggested,1,
reiiciuntur,la,reiicio,suggested,1,
reip,la,reis,suggested,1,
relapsurum,la,relago,suggested,1,
relatione,la,relatio,suggested,1,
relationem,la,relatio,suggested,1,
relatum,la,refero,suggested,1,
relatus,la,refero,suggested,1,
relictae,la,relinquo,suggested,1,
relictos,la,relinquo,suggested,1,
relictum,la,relinquo,suggested,1,
religiosorum,la,religiosus,suggested,1,
religiosos,la,religiosus,suggested,1,
relin,la,relo,suggested,1,
relinquant,la,relinquo,suggested,1,
relinquat,la,relinquo,suggested,1,
relinquendum,la,relinquo,suggested,1,
relinqueret,la,relinquo,suggested,1,
relinqueretur,la,relinquo,suggested,1,
relinquitur,la,relinquo,suggested,1,
relinquo,la,relinquo,suggested,1,
relinquunt,la,relinquo,suggested,1,
relique,la,reliquus,suggested,1,
reliquer,la,relnquo,suggested,1,
reliquerat,la,relinquo,suggested,1,
reliquere,la,relinquo,suggested,1,
reliquerint,la,relinquo,suggested,1,
reliquerit,la,relinquo,suggested,1,
reliquia,la,reliquium,suggested,1,
reliquiae,la,reliquiae,suggested,1,
reliquiarum,la,reliquia,suggested,1,
reliquiis,la,relnquo,suggested,1,
reliquosque,la,reliquos,suggested,1,
reluctante,la,relucto,suggested,1,
remanendi,la,remaneo,suggested,1,
remanente,la,remaneo,suggested,1,
remanerent,la,remaneo,suggested,1,
remanserant,la,remaneo,suggested,1,
remanserint,la,remaneo,suggested,1,
remansuros,la,remaneo,suggested,1,
remedia,la,remedium,suggested,1,
reminam,la,remina,suggested,1,
remisit,la,remitto,suggested,1,
remittat,la,remitto,suggested,1,
remittendis,la,remitto,suggested,1,
remotior,la,remotus,suggested,1,
remotos,la,remoueo,suggested,1,
removerunt,la,removeo,suggested,1,
rempublicam,la,respublica,suggested,1,
remuneratione,la,remuneratio,suggested,1,
remunerationis,la,remuneratio,suggested,1,
remuneratus,la,remunero,suggested,1,
renovaretur,la,renovo,suggested,1,
renovavit,la,renovo,suggested,1,
renuat,la,renuo,suggested,1,
renunciarent,la,renuncio,suggested,1,
reparandae,la,reparo,suggested,1,
reparatis,la,reparo,suggested,1,
repedaret,la,repedo,suggested,1,
repellere,la,repello,suggested,1,
repellit,la,repello,suggested,1,
repellitur,la,repello,suggested,1,
rependat,la,rependo,suggested,1,
rependendum,la,rependo,suggested,1,
rependere,la,rependo,suggested,1,
repentina,la,repentinus,suggested,1,
repentino,la,repentinus,suggested,1,
repentinos,la,repentinus,suggested,1,
reperi,la,repero,suggested,1,
reperiebantur,la,reperio,suggested,1,
reperientur,la,reperio,suggested,1,
reperissent,la,reperio,suggested,1,
reperit,la,reperio,suggested,1,
reperiunt,la,reperio,suggested,1,
reperta,la,reperio,suggested,1,
repertus,la,reperio,suggested,1,
reperunt,la,repero,suggested,1,
repetendi,la,repeto,suggested,1,
repetendis,la,repeto,suggested,1,
repetendo,la,repeto,suggested,1,
repeteret,la,repeto,suggested,1,
repetionibus,la,repetio,suggested,1,
repetit,la,repeto,suggested,1,
repetita,la,repeto,suggested,1,
repleant,la,repleo,suggested,1,
repleta,la,repleo,suggested,1,
reponendus,la,repono,suggested,1,
reportare,la,reporto,suggested,1,
reportat,la,reporto,suggested,1,
reportavit,la,reporto,suggested,1,
reposcerem,la,reposco,suggested,1,
reposita,la,repono,suggested,1,
reposuisset,la,repono,suggested,1,
repperit,la,repperio,suggested,1,
repraesentarint,la,repraesento,suggested,1,
reprehendet,la,reprehendo,suggested,1,
repressa,la,reprimo,suggested,1,
repressit,la,reprimo,suggested,1,
reprimerent,la,reprimo,suggested,1,
reprimi,la,reprimo,suggested,1,
republica,la,republica,suggested,1,
repudiarent,la,repudio,suggested,1,
repudiato,la,repudio,suggested,1,
repugnabant,la,repugno,suggested,1,
repugnante,la,repugno,suggested,1,
repugnatum,la,repugno,suggested,1,
repulerunt,la,repello,suggested,1,
reputabo,la,reputo,suggested,1,
reputant,la,reputo,suggested,1,
rescindere,la,rescindo,suggested,1,
rescissionibus,la,rescissio,suggested,1,
reservarunt,la,reservo,suggested,1,
residenti,la,resideo,suggested,1,
residentiarum,la,residentia,suggested,1,
residentiis,la,residentia,suggested,1,
residere,la,resideo,suggested,1,
residuos,la,residuus,suggested,1,
resistens,la,resisto,suggested,1,
resistentes,la,resisto,suggested,1,
respectu,la,respectus,suggested,1,
respirabant,la,respiro,suggested,1,
respirabit,la,respiro,suggested,1,
respirare,la,respiro,suggested,1,
respirarunt,la,respiro,suggested,1,
respon,la,respon,suggested,1,
respondebat,la,respondeo,suggested,1,
responderent,la,respondeo,suggested,1,
responsa,la,responsum,suggested,1,
responsione,la,responsio,suggested,1,
responsionem,la,responsio,suggested,1,
resq,la,resqs,suggested,1,
restabant,la,resto,suggested,1,
restauratoris,la,restaurator,suggested,1,
resti,la,restis,suggested,1,
restitissent,la,resto,suggested,1,
restitit,la,resto,suggested,1,
restituendarum,la,restituo,suggested,1,
restituere,la,restituo,suggested,1,
restitueret,la,restituo,suggested,1,
restitui,la,restituo,suggested,1,
restitutus,la,restituo,suggested,1,
resumere,la,resumo,suggested,1,
resumerent,la,resumo,suggested,1,
resumptis,la,resumo,suggested,1,
retardabatur,la,retardo,suggested,1,
retardaret,la,retardo,suggested,1,
rete,la,rete,suggested,1,
retentis,la,retineo,suggested,1,
reti,la,retum,suggested,1,
reticula,la,reticula,suggested,1,
retineat,la,retineo,suggested,1,
retinend,la,retineo,suggested,1,
retineri,la,retineo,suggested,1,
retinuerint,la,retineo,suggested,1,
retractus,la,retraho,suggested,1,
retraxit,la,retraho,suggested,1,
retro,la,retro,suggested,1,
retrocedere,la,retrocedo,suggested,1,
retrusum,la,retrusus,suggested,1,
retulisse,la,rfero,suggested,1,
retusa,la,retundo,suggested,1,
reum,la,reus,suggested,1,
reverendissimi,la,reverendissimor,suggested,1,
reverendum,la,reveror,suggested,1,
reverenter,la,reverenter,suggested,1,
reversum,la,reuorto,suggested,1,
reversurum,la,revertor,suggested,1,
revertamur,la,revertor,suggested,1,
revertant,la,reuorto,suggested,1,
reverterit,la,revertor,suggested,1,
reverterunt,la,revertor,suggested,1,
reverti,la,revertor,suggested,1,
revertissent,la,reverto,suggested,1,
revertisset,la,reverto,suggested,1,
revertuntur,la,revertor,suggested,1,
revocabantur,la,revoco,suggested,1,
revocarent,la,revoco,suggested,1,
revocari,la,revoco,suggested,1,
revocarunt,la,revoco,suggested,1,
revocatis,la,revoco,suggested,1,
revocent,la,revoco,suggested,1,
rexerunt,la,rego,suggested,1,
rexit,la,rego,suggested,1,
riam,la,ria,suggested,1,
riccio,la,riccius,suggested,1,
ridet,la,rideo,suggested,1,
ripam,la,ripa,suggested,1,
risum,la,risus,suggested,1,
rito,la,rito,suggested,1,
robertus,la,robertus,suggested,1,
roborati,la,roboro,suggested,1,
roboris,la,robur,suggested,1,
robustiores,la,robustus,suggested,1,
robustis,la,robustus,suggested,1,
rogabant,la,rogo,suggested,1,
rogans,la,rogo,suggested,1,
rogante,la,rogo,suggested,1,
rogantes,la,rogo,suggested,1,
rogare,la,rogo,suggested,1,
rogarunt,la,rogo,suggested,1,
rogatis,la,rogo,suggested,1,
rogatu,la,rogo,suggested,1,
rogerio,la,rogerius,suggested,1,
roget,la,rogo,suggested,1,
rogum,la,rogus,suggested,1,
romam,la,Roma,suggested,1,
romana,la,romanus,suggested,1,
romanum,la,romanus,suggested,1,
ros,la,ros,suggested,1,
rosae,la,rosa,suggested,1,
rosarii,la,rosarius,suggested,1,
rosariis,la,rosarius,suggested,1,
rota,la,rota,suggested,1,
rotam,la,rota,suggested,1,
rotundum,la,rotundus,suggested,1,
rubra,la,ruber,suggested,1,
rubrae,la,rubra,suggested,1,
rubrum,la,rubrus,suggested,1,
rudimenta,la,rudimentum,suggested,1,
ruentem,la,ruo,suggested,1,
ruete,la,ruo,suggested,1,
ruina,la,ruina,suggested,1,
ruituros,la,ruo,suggested,1,
rumor,la,rumor,suggested,1,
rumoribus,la,rumor,suggested,1,
runt,la,ro,suggested,1,
ruptis,la,rumpo,suggested,1,
rupto,la,rumpo,suggested,1,
rustica,la,rusticus,suggested,1,
rustici,la,rusticus,suggested,1,
rusticorum,la,rusticus,suggested,1,
sacaiano,la,Sacaianus,suggested,1,
sacaianus,la,sacaianus,suggested,1,
sacerdos,la,sacerdos,suggested,1,
sacr,la,sacr,suggested,1,
sacrae,la,sacer,suggested,1,
sacramenta,la,sacramentum,suggested,1,
sacramentum,la,sacramentum,suggested,1,
sacraq,la,sacer,suggested,1,
sacrarum,la,sacer,suggested,1,
sacri,la,sacer,suggested,1,
sacrifici,la,sacrifico,suggested,1,
sacrificuli,la,sacrificulum,suggested,1,
sacrificulis,la,sacrificulum,suggested,1,
sacrificulorum,la,sacrificulum,suggested,1,
sacrificulum,la,sacrificulum,suggested,1,
sacrosancta,la,sacrosanctus,suggested,1,
sacrosanctis,la,sacrosanctus,suggested,1,
sacrosanctum,la,sacrosanctus,suggested,1,
sacuiman,la,Sacuiman,suggested,1,
saeviebat,la,saevio,suggested,1,
saeviendo,la,saevio,suggested,1,
saeviente,la,saevio,suggested,1,
saevierunt,la,saevio,suggested,1,
saeviit,la,saevio,suggested,1,
saevire,la,saevio,suggested,1,
saeviri,la,saevio,suggested,1,
saevitia,la,saevitia,suggested,1,
saevitiae,la,saevitia,suggested,1,
saevitiam,la,saevitia,suggested,1,
sagaci,la,sagacus,suggested,1,
sagitas,la,sagitas,suggested,1,
sagittae,la,sagitta,suggested,1,
saluberrimus,la,saluberrimus,suggested,1,
salubri,la,salubris,suggested,1,
salubria,la,salubris,suggested,1,
salutandum,la,saluto,suggested,1,
salutaribus,la,salutaris,suggested,1,
salutiferum,la,salutiferus,suggested,1,
salvandi,la,salvo,suggested,1,
salvare,la,salvo,suggested,1,
salvatori,la,salvator,suggested,1,
salvis,la,salvus,suggested,1,
salvos,la,salvus,suggested,1,
samahania,la,samahania,suggested,1,
sancti,la,sanctus,suggested,1,
sanctiore,la,sanctus,suggested,1,
sanctissima,la,sanctus,suggested,1,
sanctissimam,la,sanctus,suggested,1,
sanctissimis,la,sanctus,suggested,1,
sanctissimum,la,sanctus,suggested,1,
sancto,la,sanctus,suggested,1,
sangui,la,sanguis,suggested,1,
sanguin,la,sanguin,suggested,1,
sanguinem,la,sanguis,suggested,1,
sanguinolento,la,sanguinolentus,suggested,1,
sanxerunt,la,sancio,suggested,1,
sanxisset,la,sango,suggested,1,
sapienter,la,sapienter,suggested,1,
sarcirentur,la,sarcior,suggested,1,
sarpetri,la,sarpetrus,suggested,1,
sartam,la,sario,suggested,1,
sassedonus,la,sassedon,suggested,1,
sassumani,la,sassumanis,suggested,1,
sat,la,satis,suggested,1,
satanae,la,Satanas,suggested,1,
sathanae,la,sathanes,suggested,1,
sathanico,la,Sathanicus,suggested,1,
sathanicos,la,sathanicus,suggested,1,
satiari,la,satio,suggested,1,
satiat,la,satio,suggested,1,
satisfactione,la,satisfactio,suggested,1,
satius,la,sate,suggested,1,
sauoiamanum,la,sauoiamanus,suggested,1,
scalae,la,scala,suggested,1,
scalas,la,scala,suggested,1,
scandenda,la,scando,suggested,1,
scandit,la,scando,suggested,1,
scelerati,la,scelero,suggested,1,
scelere,la,scelus,suggested,1,
sceleribus,la,scelus,suggested,1,
scelerum,la,scelus,suggested,1,
scelus,la,scelus,suggested,1,
scena,la,scena,suggested,1,
scenae,la,scena,suggested,1,
scenas,la,scena,suggested,1,
scenderet,la,scendo,suggested,1,
schedulis,la,schedulus,suggested,1,
sci,la,sci,suggested,1,
scias,la,Scias,suggested,1,
scich,la,scich,suggested,1,
scicianum,la,scicianus,suggested,1,
scico,la,scicus,suggested,1,
scimanarum,la,scimanus,suggested,1,
scimanas,la,scimanus,suggested,1,
scimandono,la,Scimandonus,suggested,1,
scimanis,la,scimanus,suggested,1,
scinfaciman,la,scinfaciman,suggested,1,
scintillas,la,scintilla,suggested,1,
scintillis,la,scintillus,suggested,1,
scissisq,la,scisndo,suggested,1,
sclopeta,la,sclopeta,suggested,1,
sclopetariae,la,sclopetarius,suggested,1,
sclopetis,la,sclopes,suggested,1,
scloporum,la,sclopus,suggested,1,
scomma,la,scomma,suggested,1,
scriberent,la,scribo,suggested,1,
scriberet,la,scribo,suggested,1,
scriberetur,la,scribo,suggested,1,
scribit,la,scribo,suggested,1,
scribitur,la,scribo,suggested,1,
scripserant,la,scribo,suggested,1,
scripsere,la,scribo,suggested,1,
scripserunt,la,scribo,suggested,1,
scripsimusq,la,scripbo,suggested,1,
scripto,la,scribo,suggested,1,
scuto,la,scutum,suggested,1,
sec,la,sec,suggested,1,
secat,la,seco,suggested,1,
secesserunt,la,secedo,suggested,1,
secessio,la,secessio,suggested,1,
seceta,la,secetus,suggested,1,
secretis,la,secerno,suggested,1,
secretissime,la,secrete,suggested,1,
sectabantur,la,secto,suggested,1,
sectabatur,la,sector,suggested,1,
sectator,la,sectator,suggested,1,
sectis,la,sego,suggested,1,
seculo,la,saeculum,suggested,1,
secundi,la,secundus,suggested,1,
secura,la,securus,suggested,1,
securam,la,securus,suggested,1,
securitatem,la,securitas,suggested,1,
securitatis,la,securitas,suggested,1,
secuturam,la,secutura,suggested,1,
secuturas,la,secutura,suggested,1,
secuturi,la,secutur,suggested,1,
sedata,la,sedo,suggested,1,
sedatis,la,sedo,suggested,1,
sedaverit,la,sedo,suggested,1,
sede,la,sedes,suggested,1,
sedecim,la,sedecim,suggested,1,
seditioni,la,seditio,suggested,1,
seditionis,la,seditio,suggested,1,
seipsos,la,seipsum,suggested,1,
selecto,la,seligo,suggested,1,
selectorum,la,seligo,suggested,1,
semedo,la,Semedus,suggested,1,
semestre,la,semestre,suggested,1,
semiassa,la,semiassum,suggested,1,
semicocta,la,semicoctus,suggested,1,
semihoram,la,semihora,suggested,1,
semina,la,semen,suggested,1,
seminarii,la,seminarium,suggested,1,
senes,la,senex,suggested,1,
senio,la,senium,suggested,1,
seniore,la,senior,suggested,1,
sensa,la,sensum,suggested,1,
sensimus,la,sensio,suggested,1,
sensit,la,sentio,suggested,1,
sententi,la,senteo,suggested,1,
sentinam,la,sentina,suggested,1,
sentio,la,Sentius,suggested,1,
sentire,la,sentio,suggested,1,
sentiret,la,sentio,suggested,1,
separantur,la,separo,suggested,1,
sepe,la,saepe,suggested,1,
septembris,la,september,suggested,1,
septemtrionales,la,septemtrionalis,suggested,1,
septennis,la,septennus,suggested,1,
septenorum,la,septenor,suggested,1,
septimum,la,septimus,suggested,1,
septingentos,la,septingenti,suggested,1,
septus,la,septus,suggested,1,
sepulturae,la,sepultura,suggested,1,
sequentes,la,sequor,suggested,1,
sequitur,la,sequor,suggested,1,
serenioris,la,serenus,suggested,1,
serenissima,la,serenus,suggested,1,
serenitate,la,serenitas,suggested,1,
seri,la,sero,suggested,1,
serica,la,sericus,suggested,1,
sericae,la,sericus,suggested,1,
sericis,la,sericus,suggested,1,
serico,la,sericus,suggested,1,
sericum,la,sericus,suggested,1,
serie,la,serie,suggested,1,
sermone,la,sermo,suggested,1,
sermonem,la,sermo,suggested,1,
sermonibusque,la,sermonibusque,suggested,1,
sero,la,sero,suggested,1,
servant,la,servo,suggested,1,
servarunt,la,servo,suggested,1,
servatis,la,servo,suggested,1,
servatores,la,servator,suggested,1,
servatoris,la,servator,suggested,1,
serviant,la,servio,suggested,1,
servias,la,servio,suggested,1,
serviendum,la,servio,suggested,1,
serviens,la,servio,suggested,1,
servier,la,servio,suggested,1,
servierant,la,servio,suggested,1,
servitia,la,servitium,suggested,1,
servitio,la,servitium,suggested,1,
servivit,la,servio,suggested,1,
servos,la,servus,suggested,1,
servus,la,servus,suggested,1,
ses,la,ses,suggested,1,
sessione,la,sessio,suggested,1,
severissime,la,severe,suggested,1,
severissimo,la,severissimi,suggested,1,
severitate,la,severitas,suggested,1,
sexagenarius,la,sexagenarius,suggested,1,
sexcentis,la,sexcenti,suggested,1,
sexcentisve,la,sexcentisve,suggested,1,
sexcentos,la,sexcenti,suggested,1,
sexenni,la,sexennus,suggested,1,
sexennis,la,sexennis,suggested,1,
sexies,la,sexio,suggested,1,
sexta,la,sextus,suggested,1,
sexus,la,sexus,suggested,1,
sibique,la,sibique,suggested,1,
siccior,la,siccus,suggested,1,
siculo,la,Siculus,suggested,1,
sigmento,la,sigmentum,suggested,1,
sign,la,sign,suggested,1,
signi,la,signum,suggested,1,
signiferum,la,signifer,suggested,1,
significarem,la,significo,suggested,1,
significari,la,significo,suggested,1,
significarunt,la,significo,suggested,1,
significatione,la,significatio,suggested,1,
signo,la,signum,suggested,1,
silio,la,silium,suggested,1,
silvis,la,silva,suggested,1,
simili,la,similis,suggested,1,
similiter,la,similiter,suggested,1,
similium,la,similis,suggested,1,
simon,la,simon,suggested,1,
simonascechi,la,Simonascechus,suggested,1,
simulans,la,simulo,suggested,1,
simulat,la,simulo,suggested,1,
simulate,la,simulo,suggested,1,
simulato,la,simulo,suggested,1,
simulatq,la,simulo,suggested,1,
simulq,la,simulq,suggested,1,
simum,la,simum,suggested,1,
simus,la,sum,suggested,1,
sin,la,sin,suggested,1,
sinar,la,sina,suggested,1,
sinarumque,la,sinarumque,suggested,1,
sincerum,la,sincerus,suggested,1,
sincerus,la,sincerus,suggested,1,
sinensem,la,sinensis,suggested,1,
sinensis,la,sinensis,suggested,1,
sinensium,la,sinensis,suggested,1,
singularem,la,singularis,suggested,1,
singuliq,la,singulus,suggested,1,
singulorumque,la,singulorumque,suggested,1,
sinicarum,la,sinicus,suggested,1,
sinistr,la,sinistr,suggested,1,
sinistro,la,sinister,suggested,1,
sinistrum,la,sinister,suggested,1,
sinit,la,sino,suggested,1,
sinunt,la,sino,suggested,1,
sis,la,sum,suggested,1,
sitiret,la,sitio,suggested,1,
sitis,la,sum,suggested,1,
situ,la,situs,suggested,1,
siuencheu,la,siuenches,suggested,1,
sius,la,sius,suggested,1,
smogoleski,la,Smogoleskus,suggested,1,
sobole,la,soboles,suggested,1,
soceri,la,socer,suggested,1,
societati,la,societas,suggested,1,
socii,la,socius,suggested,1,
socios,la,socius,suggested,1,
sodoma,la,Sodoma,suggested,1,
soiemondono,la,Soiemondonus,suggested,1,
solam,la,solus,suggested,1,
solarentur,la,solaro,suggested,1,
solatiorum,la,solatium,suggested,1,
soleas,la,soleo,suggested,1,
solenni,la,solennus,suggested,1,
solenniores,la,solennus,suggested,1,
solida,la,solidus,suggested,1,
solidius,la,solidius,suggested,1,
solidum,la,solidus,suggested,1,
solitis,la,soleo,suggested,1,
solitum,la,soleo,suggested,1,
solitus,la,soleo,suggested,1,
sollicitabant,la,sollicito,suggested,1,
sollicitudin,la,sollicitudin,suggested,1,
solvunt,la,solvo,suggested,1,
soni,la,sonus,suggested,1,
sontem,la,sons,suggested,1,
sophismatis,la,sophisma,suggested,1,
sopitum,la,sopitus,suggested,1,
sorore,la,soror,suggested,1,
sororem,la,soror,suggested,1,
sorte,la,sors,suggested,1,
sortis,la,sors,suggested,1,
sortita,la,sortior,suggested,1,
sortium,la,sors,suggested,1,
sos,la,sum,suggested,1,
spacio,la,spacium,suggested,1,
sparsa,la,spargo,suggested,1,
sparsorum,la,sparsus,suggested,1,
spatiosum,la,spatiosus,suggested,1,
speciali,la,specialis,suggested,1,
speciatim,la,speciatim,suggested,1,
speciosus,la,speciosus,suggested,1,
specta,la,spicio,suggested,1,
spectabat,la,specto,suggested,1,
spectaculo,la,spectaculum,suggested,1,
spectaculum,la,spectaculum,suggested,1,
spectant,la,specto,suggested,1,
spectante,la,specto,suggested,1,
spectantes,la,specto,suggested,1,
spectantibus,la,specto,suggested,1,
spectantium,la,specto,suggested,1,
spectes,la,specto,suggested,1,
specula,la,speculum,suggested,1,
speculam,la,specula,suggested,1,
sperabant,la,spero,suggested,1,
sperarent,la,spero,suggested,1,
sperari,la,spero,suggested,1,
speratis,la,spero,suggested,1,
sperem,la,spero,suggested,1,
spero,la,spero,suggested,1,
spicuae,la,spicuus,suggested,1,
spiculatori,la,spiculator,suggested,1,
spinas,la,spina,suggested,1,
spirantibus,la,spiro,suggested,1,
spiri,la,spio,suggested,1,
spiritalia,la,spiritalis,suggested,1,
spiritalium,la,spiritalis,suggested,1,
spiritibus,la,spiritus,suggested,1,
spiritualem,la,spiritualis,suggested,1,
spirituali,la,spiritualis,suggested,1,
spiritualibus,la,spiritualis,suggested,1,
spiritualis,la,spiritualis,suggested,1,
spiritus,la,spiritus,suggested,1,
splendide,la,splendide,suggested,1,
splendidum,la,splendidus,suggested,1,
splendidus,la,splendidus,suggested,1,
splendore,la,splendor,suggested,1,
spolia,la,spolium,suggested,1,
spoliare,la,spolio,suggested,1,
spoliata,la,spolio,suggested,1,
spoliatae,la,spolio,suggested,1,
spoliati,la,spolio,suggested,1,
spoliatum,la,spolio,suggested,1,
spondent,la,spondeo,suggested,1,
sponderet,la,spondeo,suggested,1,
sponsa,la,sponsus,suggested,1,
sponsam,la,sponsa,suggested,1,
sponsi,la,sponsus,suggested,1,
sponsioni,la,sponsio,suggested,1,
sponsionibus,la,sponsio,suggested,1,
spoponderant,la,spopoo,suggested,1,
spretis,la,sperno,suggested,1,
spretum,la,sperno,suggested,1,
squalore,la,squalor,suggested,1,
stabilita,la,stabilio,suggested,1,
stabilitum,la,stabilio,suggested,1,
stabilivit,la,stabilio,suggested,1,
stabulis,la,stabulum,suggested,1,
standum,la,sto,suggested,1,
stapedes,la,stapes,suggested,1,
statet,la,sto,suggested,1,
statio,la,statio,suggested,1,
stationem,la,statio,suggested,1,
stationibus,la,statio,suggested,1,
statuentem,la,statuo,suggested,1,
statuerat,la,statuo,suggested,1,
statueret,la,statuo,suggested,1,
statuimus,la,statuo,suggested,1,
statuisset,la,statuo,suggested,1,
statuit,la,statuo,suggested,1,
statuite,la,statuo,suggested,1,
statuq,la,statuq,suggested,1,
staturos,la,sto,suggested,1,
statuumque,la,statuumque,suggested,1,
stellas,la,stella,suggested,1,
sterilitate,la,sterilitas,suggested,1,
stet,la,sto,suggested,1,
steterat,la,sto,suggested,1,
stimulatos,la,stimulo,suggested,1,
stipante,la,stipo,suggested,1,
stipati,la,stipo,suggested,1,
stipatus,la,stipo,suggested,1,
stipendiis,la,stipendium,suggested,1,
stipendio,la,stipendium,suggested,1,
stit,la,sto,suggested,1,
stolide,la,stolide,suggested,1,
strages,la,strages,suggested,1,
stramine,la,stramen,suggested,1,
strangulant,la,strangulo,suggested,1,
straret,la,stro,suggested,1,
stratas,la,sterno,suggested,1,
stravit,la,stro,suggested,1,
stremas,la,stremus,suggested,1,
strenuos,la,strenuus,suggested,1,
strepitu,la,strepitus,suggested,1,
strepitus,la,strepitus,suggested,1,
strictis,la,stringo,suggested,1,
strophiola,la,strophiolum,suggested,1,
structura,la,structura,suggested,1,
strueret,la,struo,suggested,1,
studens,la,studeo,suggested,1,
studerent,la,studeo,suggested,1,
stultis,la,stultus,suggested,1,
stupenda,la,stupeo,suggested,1,
stupente,la,stupeo,suggested,1,
stupentibus,la,stupeo,suggested,1,
stupescentibus,la,stupesco,suggested,1,
stylum,la,stylus,suggested,1,
suademus,la,suadeo,suggested,1,
suadent,la,suadeo,suggested,1,
suadente,la,suadeo,suggested,1,
suadeo,la,suadeo,suggested,1,
suadet,la,suadeo,suggested,1,
suaeq,la,suaeus,suggested,1,
suaserunt,la,suadeo,suggested,1,
suavis,la,suavis,suggested,1,
suavissima,la,suavis,suggested,1,
subacta,la,subigo,suggested,1,
subactae,la,subigo,suggested,1,
subdiderint,la,subdo,suggested,1,
subdiderit,la,subdo,suggested,1,
subditi,la,subdo,suggested,1,
subditor,la,subditor,suggested,1,
subditorum,la,subditus,suggested,1,
subditum,la,subdo,suggested,1,
subditusve,la,subdituo,suggested,1,
subdolo,la,subdolus,suggested,1,
subducentes,la,subduco,suggested,1,
subducere,la,subduco,suggested,1,
subegerunt,la,subipio,suggested,1,
subeundam,la,subeo,suggested,1,
subiecerat,la,subicio,suggested,1,
subiecerint,la,subiipio,suggested,1,
subiecit,la,subicio,suggested,1,
subiectam,la,subicio,suggested,1,
subiectas,la,subicio,suggested,1,
subiectis,la,subicio,suggested,1,
subiecto,la,subicio,suggested,1,
subiecturum,la,subicio,suggested,1,
subiere,la,subeo,suggested,1,
subigendas,la,subigo,suggested,1,
subigentibus,la,subigo,suggested,1,
subigi,la,subigo,suggested,1,
subiici,la,subicio,suggested,1,
subiiciamus,la,subicio,suggested,1,
subiiciendo,la,subicio,suggested,1,
subiicientibus,la,subiicio,suggested,1,
subiiciunt,la,subicio,suggested,1,
subirascente,la,subirasco,suggested,1,
subire,la,subeo,suggested,1,
subiturum,la,subeo,suggested,1,
subiugatas,la,subiugo,suggested,1,
subiugatis,la,subiugo,suggested,1,
subiungam,la,subiungo,suggested,1,
subiunxerunt,la,subiungo,suggested,1,
subivit,la,subeo,suggested,1,
sublatae,la,suffero,suggested,1,
sublatus,la,tollo,suggested,1,
sublimem,la,sublimis,suggested,1,
submerserit,la,submergo,suggested,1,
submersus,la,submergo,suggested,1,
subministrante,la,subministro,suggested,1,
submisere,la,submcio,suggested,1,
submisit,la,submitto,suggested,1,
submissionis,la,submissio,suggested,1,
submisso,la,submitto,suggested,1,
submittant,la,submitto,suggested,1,
submittebat,la,submitto,suggested,1,
submittendum,la,submitto,suggested,1,
submitteret,la,submitto,suggested,1,
subordinati,la,subordino,suggested,1,
suborirentur,la,suborior,suggested,1,
subripuisset,la,subripeo,suggested,1,
subscribere,la,subscribo,suggested,1,
subscribo,la,subscribo,suggested,1,
subscripserunt,la,subscribo,suggested,1,
subsecuturum,la,subsequor,suggested,1,
subsequentibus,la,subsequor,suggested,1,
subsequentur,la,subsequor,suggested,1,
subsidia,la,subsidium,suggested,1,
subsidio,la,subsidium,suggested,1,
substerno,la,substerno,suggested,1,
substiterant,la,substo,suggested,1,
substitit,la,substo,suggested,1,
substituti,la,substituo,suggested,1,
substrato,la,substrato,suggested,1,
subtraxerit,la,subtraho,suggested,1,
suburbiis,la,suburbius,suggested,1,
subvenirent,la,subvenio,suggested,1,
subvenisset,la,subvenio,suggested,1,
succedebat,la,succedo,suggested,1,
succedere,la,succedo,suggested,1,
succensus,la,succensus,suggested,1,
successerat,la,succedo,suggested,1,
successibus,la,successus,suggested,1,
successione,la,successio,suggested,1,
successorem,la,successor,suggested,1,
successuum,la,successus,suggested,1,
succincte,la,succincte,suggested,1,
succrescat,la,succresco,suggested,1,
succubuerint,la,succubeo,suggested,1,
succurrat,la,succurro,suggested,1,
succurrere,la,succurro,suggested,1,
succurrerent,la,succurro,suggested,1,
sudores,la,sudor,suggested,1,
sue,la,suus,suggested,1,
sufficerent,la,sufficio,suggested,1,
sufficiens,la,sufficiens,suggested,1,
sufficientem,la,sufficio,suggested,1,
sufficienti,la,sufficiens,suggested,1,
suggerebant,la,suggero,suggested,1,
suggerentes,la,suggero,suggested,1,
suggerenti,la,suggero,suggested,1,
suggereret,la,suggero,suggested,1,
suisq,la,suisq,suggested,1,
suisque,la,suisque,suggested,1,
sumenda,la,sumo,suggested,1,
sumendum,la,sumo,suggested,1,
sumere,la,sumo,suggested,1,
summ,la,summ,suggested,1,
summamque,la,summo,suggested,1,
summorum,la,summus,suggested,1,
sumpserat,la,sumo,suggested,1,
sumpta,la,sumo,suggested,1,
sumptis,la,sumo,suggested,1,
sumptuosae,la,sumptuosus,suggested,1,
sumptuosum,la,sumptuosus,suggested,1,
sumptus,la,sumptus,suggested,1,
sumunt,la,sumo,suggested,1,
sunga,la,sunga,suggested,1,
superabantur,la,supero,suggested,1,
superaddit,la,superaddo,suggested,1,
superandus,la,supero,suggested,1,
superant,la,supero,suggested,1,
superaret,la,supero,suggested,1,
superarunt,la,supero,suggested,1,
superasse,la,supero,suggested,1,
superati,la,supero,suggested,1,
superatus,la,supero,suggested,1,
superaverant,la,supero,suggested,1,
superbia,la,superbia,suggested,1,
superbiae,la,superbia,suggested,1,
superbissimum,la,superbus,suggested,1,
superessent,la,supersum,suggested,1,
superesset,la,supersum,suggested,1,
superfuerunt,la,supersum,suggested,1,
superfuisse,la,supersum,suggested,1,
superfundat,la,superfundo,suggested,1,
superfuturus,la,supersum,suggested,1,
superior,la,superior,suggested,1,
superiores,la,superior,suggested,1,
superioris,la,superior,suggested,1,
superque,la,superque,suggested,1,
superstes,la,supersto,suggested,1,
superstitiones,la,superstitio,suggested,1,
superstitionibus,la,superstitio,suggested,1,
superstitionis,la,superstitio,suggested,1,
superstitiosas,la,superstitiosus,suggested,1,
superstitiosis,la,superstitiosus,suggested,1,
superstitiosorum,la,superstitiosus,suggested,1,
superstitiosum,la,superstitiosus,suggested,1,
superstitiosus,la,superstitiosus,suggested,1,
supersunt,la,supersum,suggested,1,
suppeditante,la,suppedito,suggested,1,
suppeditare,la,suppedito,suggested,1,
suppeteret,la,suppeto,suggested,1,
suppetit,la,suppeto,suggested,1,
supplemento,la,supplementum,suggested,1,
supplementum,la,supplementum,suggested,1,
supplerent,la,suppleo,suggested,1,
supplex,la,supplex,suggested,1,
supplices,la,supplex,suggested,1,
supplicii,la,supplicium,suggested,1,
supplicio,la,supplicium,suggested,1,
supprimebantur,la,supprimo,suggested,1,
suprema,la,superior,suggested,1,
supremus,la,superior,suggested,1,
surda,la,surdus,suggested,1,
surdus,la,surdus,suggested,1,
surrepto,la,surripio,suggested,1,
susceperant,la,suscipio,suggested,1,
susceperat,la,suscipio,suggested,1,
susceperit,la,suscipio,suggested,1,
suscepi,la,suscipio,suggested,1,
susceptam,la,suscipio,suggested,1,
suscepturos,la,suscipio,suggested,1,
susceptus,la,suscipio,suggested,1,
susciperent,la,suscipio,suggested,1,
suscipiendo,la,suscipio,suggested,1,
suspendere,la,suspendo,suggested,1,
suspendio,la,suspendo,suggested,1,
suspendunt,la,suspendo,suggested,1,
suspensa,la,suspendo,suggested,1,
suspicabatur,la,suspicor,suggested,1,
suspicandi,la,suspicor,suggested,1,
suspicantem,la,suspicor,suggested,1,
suspicarentur,la,suspicor,suggested,1,
suspicaretur,la,suspicor,suggested,1,
suspicari,la,suspicor,suggested,1,
suspicati,la,suspicor,suggested,1,
suspicatus,la,suspicor,suggested,1,
suspicionum,la,suspicio,suggested,1,
suspiria,la,suspiris,suggested,1,
sustinendum,la,sustineo,suggested,1,
sustinent,la,sustineo,suggested,1,
sustineret,la,sustineo,suggested,1,
sustinuere,la,sustinuo,suggested,1,
sustinuit,la,sustineo,suggested,1,
sustulissent,la,susfero,suggested,1,
sustulisset,la,tollo,suggested,1,
tabacum,la,tabacum,suggested,1,
tabem,la,tabes,suggested,1,
tabernis,la,taberna,suggested,1,
tabilia,la,tabilis,suggested,1,
tacenda,la,taceo,suggested,1,
tacita,la,taceo,suggested,1,
taedet,la,taedet,suggested,1,
taichangus,la,taichangus,suggested,1,
taicing,la,Taicinus,suggested,1,
taiçungus,la,taiçungus,suggested,1,
taiyuen,la,Taiyues,suggested,1,
talem,la,talis,suggested,1,
tali,la,talis,suggested,1,
talis,la,talis,suggested,1,
talos,la,talus,suggested,1,
tamerlani,la,Tamerlanus,suggested,1,
tametsi,la,tametsi,suggested,1,
tangani,la,tanganus,suggested,1,
tangatur,la,tango,suggested,1,
tangerent,la,tango,suggested,1,
tangit,la,tango,suggested,1,
tant,la,tant,suggested,1,
tantaq,la,tantus,suggested,1,
tantar,la,tantus,suggested,1,
tantasque,la,tantasque,suggested,1,
tantillum,la,tantillum,suggested,1,
tantisper,la,tantisper,suggested,1,
tantoq,la,tantus,suggested,1,
tantor,la,tantor,suggested,1,
tantorum,la,tantus,suggested,1,
tantorumq,la,tantorumq,suggested,1,
tantos,la,tantus,suggested,1,
tantumdem,la,tantumdus,suggested,1,
tantundem,la,tantundem,suggested,1,
tantusque,la,tantusque,suggested,1,
tapete,la,tapes,suggested,1,
tarazauondoni,la,tarazauondonus,suggested,1,
tardius,la,tarde,suggested,1,
taretur,la,taro,suggested,1,
taris,la,tarus,suggested,1,
tarorum,la,tarus,suggested,1,
tarta,la,tartus,suggested,1,
tartareis,la,tartareus,suggested,1,
tartaricam,la,Tartaricus,suggested,1,
tartaricas,la,tartaricus,suggested,1,
tartaricus,la,tartaricus,suggested,1,
tata,la,tatus,suggested,1,
tati,la,tatus,suggested,1,
tatum,la,tatus,suggested,1,
tauri,la,taurus,suggested,1,
taxat,la,taxo,suggested,1,
tect,la,go,suggested,1,
tecta,la,tego,suggested,1,
tectae,la,tego,suggested,1,
tecti,la,tego,suggested,1,
tectis,la,tectum,suggested,1,
tecto,la,tego,suggested,1,
tectus,la,tego,suggested,1,
tegeret,la,tego,suggested,1,
tegit,la,tego,suggested,1,
temere,la,temere,suggested,1,
temperandum,la,tempero,suggested,1,
temperare,la,tempero,suggested,1,
temperatione,la,temperatio,suggested,1,
tempestas,la,tempestas,suggested,1,
tempestatem,la,tempestas,suggested,1,
tempestatibus,la,tempestas,suggested,1,
templis,la,templum,suggested,1,
templo,la,templum,suggested,1,
templorumq,la,temploum,suggested,1,
templumque,la,templumque,suggested,1,
temporalia,la,temporalis,suggested,1,
temporalibus,la,temporalis,suggested,1,
temporalis,la,temporalis,suggested,1,
tempori,la,tempus,suggested,1,
tenditur,la,tendo,suggested,1,
tenebamur,la,teneo,suggested,1,
tenebant,la,teneo,suggested,1,
tenebras,la,tenebrae,suggested,1,
tenellae,la,tenella,suggested,1,
tenens,la,teneo,suggested,1,
tenentur,la,teneo,suggested,1,
teneremur,la,teneo,suggested,1,
teneri,la,teneo,suggested,1,
tensae,la,tensa,suggested,1,
tentabat,la,tento,suggested,1,
tentare,la,tempto,suggested,1,
tentaret,la,tento,suggested,1,
tentavit,la,tento,suggested,1,
tentoria,la,tentorium,suggested,1,
tentorio,la,tentorium,suggested,1,
tenuisset,la,teneo,suggested,1,
tenus,la,tenus,suggested,1,
tenzam,la,tenza,suggested,1,
tenze,la,Tenze,suggested,1,
terat,la,tero,suggested,1,
terminandis,la,termino,suggested,1,
terminata,la,termino,suggested,1,
ternos,la,ternus,suggested,1,
terq,la,terq,suggested,1,
terraeq,la,terraeqs,suggested,1,
terramque,la,terram,suggested,1,
terrasq,la,Terrasqus,suggested,1,
terriculamentis,la,terriculamentum,suggested,1,
territorio,la,territorium,suggested,1,
terrorem,la,terror,suggested,1,
terroreque,la,terroreque,suggested,1,
terrori,la,terror,suggested,1,
tertiae,la,tertius,suggested,1,
tertii,la,tertius,suggested,1,
tertium,la,tertius,suggested,1,
testamentique,la,testamentique,suggested,1,
testatus,la,testor,suggested,1,
testatusque,la,testatusque,suggested,1,
testimonia,la,testimonium,suggested,1,
testis,la,testis,suggested,1,
teterrimorum,la,teterrimus,suggested,1,
thangum,la,thangus,suggested,1,
thaoyuen,la,Thaoyues,suggested,1,
theatrum,la,theatrum,suggested,1,
theologiaq,la,theologia,suggested,1,
theologici,la,theologicus,suggested,1,
thermopylis,la,Thermopylae,suggested,1,
thesauri,la,thesaurus,suggested,1,
thienkium,la,thius,suggested,1,
thienmingo,la,Thienmingus,suggested,1,
thienmingus,la,thienmingus,suggested,1,
thienxun,la,thienxus,suggested,1,
thienxunam,la,thienxunus,suggested,1,
thienzungum,la,Thienzungus,suggested,1,
thienzungus,la,thienzungus,suggested,1,
thomas,la,thomas,suggested,1,
tiae,la,tia,suggested,1,
tibetano,la,tibetanus,suggested,1,
tibus,la,tibus,suggested,1,
tienchu,la,tienches,suggested,1,
tilium,la,tilis,suggested,1,
timeant,la,timeo,suggested,1,
timebant,la,timeo,suggested,1,
timebat,la,timeo,suggested,1,
timenda,la,timeo,suggested,1,
timendum,la,timeo,suggested,1,
timentes,la,timeo,suggested,1,
timere,la,timeo,suggested,1,
timeret,la,timeo,suggested,1,
timor,la,timor,suggested,1,
timores,la,timor,suggested,1,
timus,la,timus,suggested,1,
tinctos,la,tingo,suggested,1,
tingunt,la,tingo,suggested,1,
tinus,la,tinus,suggested,1,
tinxisse,la,tinxeo,suggested,1,
tione,la,tio,suggested,1,
titubasse,la,titubo,suggested,1,
titubatio,la,titubatio,suggested,1,
titulis,la,titulus,suggested,1,
titulos,la,titulus,suggested,1,
titulus,la,titulus,suggested,1,
to,la,to,suggested,1,
togatis,la,togatus,suggested,1,
togatos,la,togatus,suggested,1,
togatus,la,togatus,suggested,1,
tolerandam,la,tolero,suggested,1,
toleratas,la,tolero,suggested,1,
toleraturum,la,tolero,suggested,1,
toleraturus,la,tolero,suggested,1,
tolerent,la,toleo,suggested,1,
tollendos,la,tollo,suggested,1,
tolli,la,tollo,suggested,1,
tomis,la,tomus,suggested,1,
tonderi,la,tondeo,suggested,1,
tormentarii,la,tormentarius,suggested,1,
torqueret,la,torqueo,suggested,1,
torvo,la,torvus,suggested,1,
totalem,la,totalis,suggested,1,
totas,la,totus,suggested,1,
totis,la,totus,suggested,1,
totos,la,totus,suggested,1,
totus,la,totus,suggested,1,
tra,la,tra,suggested,1,
tractabat,la,tracto,suggested,1,
tractandis,la,tracto,suggested,1,
tractandorum,la,tracto,suggested,1,
tractare,la,tracto,suggested,1,
tractaretur,la,tracto,suggested,1,
tractari,la,tracto,suggested,1,
tractarit,la,tracto,suggested,1,
tractarunt,la,tracto,suggested,1,
tractas,la,traho,suggested,1,
tractata,la,tracto,suggested,1,
tractationem,la,tractatio,suggested,1,
tractatos,la,tracto,suggested,1,
tractaturos,la,tracto,suggested,1,
tractent,la,tracto,suggested,1,
tractione,la,tractio,suggested,1,
tractis,la,traho,suggested,1,
tractum,la,traho,suggested,1,
tractus,la,tractus,suggested,1,
tradam,la,trado,suggested,1,
tradas,la,trado,suggested,1,
tradebantur,la,trado,suggested,1,
tradenda,la,trado,suggested,1,
tradendam,la,trado,suggested,1,
tradendum,la,trado,suggested,1,
tradentibus,la,trado,suggested,1,
traderent,la,trado,suggested,1,
traderentur,la,trado,suggested,1,
traderetur,la,trado,suggested,1,
tradi,la,trado,suggested,1,
tradiderunt,la,trado,suggested,1,
tradidit,la,trado,suggested,1,
traditae,la,trado,suggested,1,
traditis,la,trado,suggested,1,
traducere,la,traduco,suggested,1,
traducerent,la,traduco,suggested,1,
traducti,la,traduco,suggested,1,
tragaedia,la,tragaedium,suggested,1,
tragediae,la,tragedia,suggested,1,
tragica,la,tragicus,suggested,1,
tragicorum,la,tragicus,suggested,1,
tragoedia,la,tragoedia,suggested,1,
trahit,la,traho,suggested,1,
traiecit,la,traicio,suggested,1,
traiicere,la,traiicio,suggested,1,
traiiciunt,la,traiicio,suggested,1,
tranquillandae,la,tranquillo,suggested,1,
tranquillitatem,la,tranquilitas,suggested,1,
tranquillitatis,la,tranquillitas,suggested,1,
trans,la,trans,suggested,1,
transacto,la,transigo,suggested,1,
transeundum,la,transeo,suggested,1,
transeuntibus,la,transeo,suggested,1,
transfer,la,transfero,suggested,1,
transferendo,la,transfero,suggested,1,
transfixit,la,transfigo,suggested,1,
transibant,la,transeo,suggested,1,
transibat,la,transeo,suggested,1,
transigendum,la,transigo,suggested,1,
transiit,la,transeo,suggested,1,
transire,la,transeo,suggested,1,
transitus,la,transitus,suggested,1,
transivi,la,transeo,suggested,1,
transivit,la,transeo,suggested,1,
translato,la,transfero,suggested,1,
transmisit,la,transmitto,suggested,1,
transmissa,la,transmitto,suggested,1,
transmissus,la,transmissus,suggested,1,
transmittebat,la,transmitto,suggested,1,
transmittens,la,transmitto,suggested,1,
transmitterent,la,transmitto,suggested,1,
transmittit,la,transmitto,suggested,1,
transmittunt,la,transmitto,suggested,1,
transportandos,la,transporto,suggested,1,
transvehuntur,la,transveho,suggested,1,
trariorum,la,trarius,suggested,1,
tribuentes,la,tribuo,suggested,1,
tribueret,la,tribuo,suggested,1,
tribueretur,la,tribuo,suggested,1,
tribui,la,tribuo,suggested,1,
tribulatione,la,tribulatio,suggested,1,
tribunal,la,tribunal,suggested,1,
tribunali,la,tribunal,suggested,1,
tribunalibus,la,tribunalis,suggested,1,
tributarii,la,tributarius,suggested,1,
tributariis,la,tributarius,suggested,1,
tributarius,la,tributarius,suggested,1,
tributo,la,tributum,suggested,1,
tributum,la,tributum,suggested,1,
tribuunt,la,tribuo,suggested,1,
triduum,la,triduum,suggested,1,
trigautii,la,Trigautius,suggested,1,
trigautius,la,trigautus,suggested,1,
tristi,la,tristis,suggested,1,
tristiora,la,tristis,suggested,1,
tristissimam,la,tristus,suggested,1,
tristitia,la,tristitia,suggested,1,
tritonibus,la,tritonus,suggested,1,
triumphale,la,triumphalis,suggested,1,
triumphales,la,triumphalis,suggested,1,
triumphavit,la,triumpho,suggested,1,
triumphum,la,triumphus,suggested,1,
trucidabat,la,trucido,suggested,1,
trucidarunt,la,trucido,suggested,1,
trucidasset,la,trucido,suggested,1,
trucidati,la,trucido,suggested,1,
trucidatur,la,trucido,suggested,1,
truculentissimi,la,truculens,suggested,1,
truncaretur,la,trunco,suggested,1,
truncatus,la,trunco,suggested,1,
tuarum,la,tuus,suggested,1,
tuba,la,tuba,suggested,1,
tubicinem,la,tubicen,suggested,1,
tubos,la,tubus,suggested,1,
tueantur,la,tueor,suggested,1,
tuemur,la,tueor,suggested,1,
tuendi,la,tueor,suggested,1,
tuerentur,la,tueor,suggested,1,
tueretur,la,tueor,suggested,1,
tuerique,la,tueri,suggested,1,
tugurium,la,tugurium,suggested,1,
tuis,la,tuus,suggested,1,
tulerat,la,fro,suggested,1,
tumultuantur,la,tumultuor,suggested,1,
tumultuum,la,tumultuus,suggested,1,
tunam,la,tuna,suggested,1,
tunglieu,la,tunglieu,suggested,1,
tuorum,la,tuus,suggested,1,
turba,la,turba,suggested,1,
turbae,la,turba,suggested,1,
turbare,la,turbo,suggested,1,
turbari,la,turbo,suggested,1,
turbarum,la,turba,suggested,1,
turbarumque,la,turbarumquus,suggested,1,
turbati,la,turbo,suggested,1,
turbidum,la,turbidus,suggested,1,
turbulentior,la,turbulentus,suggested,1,
turbulento,la,turbulentus,suggested,1,
turbulentos,la,turbulentus,suggested,1,
turpissimus,la,turpis,suggested,1,
turrem,la,turris,suggested,1,
turrim,la,turris,suggested,1,
tus,la,tus,suggested,1,
tuta,la,tutus,suggested,1,
tutior,la,tutus,suggested,1,
tutiora,la,tutus,suggested,1,
tutum,la,tutus,suggested,1,
tutus,la,tueor,suggested,1,
tuus,la,tuus,suggested,1,
tuxun,la,tuxun,suggested,1,
tygrides,la,tygrides,suggested,1,
typis,la,typus,suggested,1,
typum,la,typus,suggested,1,
tyrannicum,la,tyrannicus,suggested,1,
tyrannicus,la,tyrannicus,suggested,1,
tyrannis,la,tyrannus,suggested,1,
tzunicamindoni,la,tzunicamindo,suggested,1,
tzunicamindonum,la,tzunicamindo,suggested,1,
tzunocamin,la,tzunocamius,suggested,1,
tzunocamindono,la,tzunocamindonus,suggested,1,
tzunocamindonus,la,tzunocamindonus,suggested,1,
uberior,la,uber,suggested,1,
uberius,la,uberius,suggested,1,
uberrimum,la,uber,suggested,1,
uisi,la,uideo,suggested,1,
ulcisci,la,ulciscor,suggested,1,
ullam,la,ullus,suggested,1,
ulli,la,ullus,suggested,1,
ullis,la,ullus,suggested,1,
ullo,la,ullus,suggested,1,
ultimi,la,ultimus,suggested,1,
ultimo,la,ultimus,suggested,1,
ultimus,la,ultimus,suggested,1,
ultionem,la,ultio,suggested,1,
ultricia,la,ultricis,suggested,1,
ultroneam,la,ultroneus,suggested,1,
umquam,la,umquam,suggested,1,
unaque,la,unaque,suggested,1,
undarum,la,unda,suggested,1,
undas,la,unda,suggested,1,
undecumque,la,undecumque,suggested,1,
undis,la,unda,suggested,1,
undisque,la,undisque,suggested,1,
unguem,la,unguis,suggested,1,
ungulae,la,ungula,suggested,1,
unica,la,unicus,suggested,1,
unicus,la,unicus,suggested,1,
unionem,la,unio,suggested,1,
universali,la,uniuersalis,suggested,1,
universalis,la,uniuersalis,suggested,1,
universim,la,universis,suggested,1,
universos,la,universus,suggested,1,
universus,la,universus,suggested,1,
unumq,la,unumq,suggested,1,
urbanitatis,la,urbanitas,suggested,1,
urgere,la,urgeo,suggested,1,
urgerent,la,urgeo,suggested,1,
urgeretur,la,urgeo,suggested,1,
urgetque,la,urgetque,suggested,1,
usitata,la,usitao,suggested,1,
usitatum,la,usitas,suggested,1,
usquequaque,la,usquequaque,suggested,1,
usumque,la,usumque,suggested,1,
usurpandi,la,usurpo,suggested,1,
usurpandum,la,usurpo,suggested,1,
usurparentur,la,usurpo,suggested,1,
usurpato,la,usurpo,suggested,1,
usurum,la,utor,suggested,1,
ususq,la,usu,suggested,1,
utano,la,utanus,suggested,1,
utanorum,la,utanus,suggested,1,
utcunq,la,utcunq,suggested,1,
utcunque,la,utcunque,suggested,1,
uteretur,la,utor,suggested,1,
utilia,la,utilis,suggested,1,
utilitas,la,utilitas,suggested,1,
utique,la,utique,suggested,1,
utramque,la,uterque,suggested,1,
utrisque,la,uterque,suggested,1,
utrosque,la,uterque,suggested,1,
utum,la,utus,suggested,1,
uxores,la,uxor,suggested,1,
uxoribus,la,uxor,suggested,1,
va,la,va,suggested,1,
vacanti,la,vaco,suggested,1,
vacuam,la,vacuus,suggested,1,
vacuis,la,vacuus,suggested,1,
vagabantur,la,vagor,suggested,1,
vaginae,la,vagina,suggested,1,
valedicendum,la,valedico,suggested,1,
valediceret,la,valedico,suggested,1,
valedicturus,la,valedio,suggested,1,
valedixerunt,la,valedico,suggested,1,
valens,la,valeo,suggested,1,
valentinus,la,valentinus,suggested,1,
valet,la,valeo,suggested,1,
validius,la,valide,suggested,1,
vallaretur,la,vallo,suggested,1,
vallata,la,vallo,suggested,1,
vallatus,la,vallo,suggested,1,
valles,la,valles,suggested,1,
valta,la,Valta,suggested,1,
vango,la,vangus,suggested,1,
vanisq,la,vanisus,suggested,1,
vanissimo,la,vanus,suggested,1,
vanos,la,vanus,suggested,1,
vanus,la,vanus,suggested,1,
variae,la,varius,suggested,1,
variasque,la,varias,suggested,1,
varietas,la,varietas,suggested,1,
varietate,la,varietas,suggested,1,
varietatem,la,varietas,suggested,1,
varietatibus,la,varietas,suggested,1,
variorum,la,varius,suggested,1,
varios,la,varius,suggested,1,
vasalli,la,uasallus,suggested,1,
vasallo,la,uasallus,suggested,1,
vasallor,la,uasallor,suggested,1,
vastabat,la,vasto,suggested,1,
vastandis,la,vasto,suggested,1,
vastantes,la,vasto,suggested,1,
vastare,la,vasto,suggested,1,
vastat,la,vasto,suggested,1,
vastatas,la,vasto,suggested,1,
vastatis,la,vasto,suggested,1,
vastavit,la,vasto,suggested,1,
vastissimas,la,vastus,suggested,1,
vastissimo,la,vastus,suggested,1,
vastitas,la,vastitas,suggested,1,
vastitate,la,vastitas,suggested,1,
vastum,la,vastus,suggested,1,
vbique,la,vbique,suggested,1,
vecordia,la,vecordia,suggested,1,
vectibus,la,vectus,suggested,1,
vectigal,la,vectigal,suggested,1,
vectigali,la,vectigal,suggested,1,
vectigalq,la,vectigal,suggested,1,
vectus,la,vego,suggested,1,
vehebant,la,veheo,suggested,1,
vehem,la,veho,suggested,1,
velit,la,volo,suggested,1,
velitationibus,la,velitatio,suggested,1,
vellem,la,volo,suggested,1,
vellent,la,vello,suggested,1,
velocissimi,la,velox,suggested,1,
velocissimis,la,velocus,suggested,1,
velocissimo,la,velox,suggested,1,
velocitas,la,velocitas,suggested,1,
veluti,la,velut,suggested,1,
venantur,la,venor,suggested,1,
venaticos,la,venaticus,suggested,1,
vendebatur,la,vendo,suggested,1,
vendicet,la,vendico,suggested,1,
veneno,la,venenum,suggested,1,
venerandam,la,ueneror,suggested,1,
venerantur,la,venerio,suggested,1,
venerat,la,venio,suggested,1,
veneratus,la,veneror,suggested,1,
venere,la,venio,suggested,1,
venerentur,la,veneror,suggested,1,
veniam,la,venia,suggested,1,
veniant,la,venio,suggested,1,
venienter,la,venienter,suggested,1,
venientibus,la,venio,suggested,1,
venio,la,venio,suggested,1,
venire,la,uenio,suggested,1,
venissemus,la,venio,suggested,1,
veniunt,la,venio,suggested,1,
ventilatur,la,ventilo,suggested,1,
ventitarant,la,ventitaro,suggested,1,
vento,la,ventus,suggested,1,
ventres,la,venter,suggested,1,
vera,la,verus,suggested,1,
verae,la,verus,suggested,1,
veram,la,uerus,suggested,1,
verbaq,la,uerbo,suggested,1,
verberibus,la,verber,suggested,1,
verbi,la,verbum,suggested,1,
verbo,la,verbum,suggested,1,
verbulum,la,verbulum,suggested,1,
veredarium,la,veredarius,suggested,1,
vereor,la,vereor,suggested,1,
vereretur,la,vereor,suggested,1,
vergebant,la,vergo,suggested,1,
vergunt,la,vergo,suggested,1,
verissime,la,vere,suggested,1,
veritatis,la,ueritas,suggested,1,
veritus,la,vereor,suggested,1,
versa,la,verto,suggested,1,
versabamur,la,verso,suggested,1,
versabantur,la,verso,suggested,1,
versamur,la,verso,suggested,1,
versantes,la,verso,suggested,1,
versaretur,la,verso,suggested,1,
versari,la,verso,suggested,1,
versatur,la,verso,suggested,1,
versentur,la,versor,suggested,1,
versi,la,verto,suggested,1,
versutus,la,uersutus,suggested,1,
vertentes,la,verto,suggested,1,
vertentibus,la,verto,suggested,1,
vertere,la,verto,suggested,1,
verteret,la,verto,suggested,1,
vertissent,la,verto,suggested,1,
verusne,la,verusnis,suggested,1,
vescuntur,la,vescor,suggested,1,
vesti,la,vestum,suggested,1,
vestigio,la,vestigium,suggested,1,
vestitum,la,vestio,suggested,1,
vestiuntur,la,vestio,suggested,1,
vestram,la,uester,suggested,1,
vestras,la,vester,suggested,1,
vestrum,la,uester,suggested,1,
vetaretur,la,veto,suggested,1,
veteris,la,vetus,suggested,1,
vetuerit,la,vetuo,suggested,1,
vetuitq,la,vetuo,suggested,1,
vetum,la,vetus,suggested,1,
vetustiores,la,vetuo,suggested,1,
vexarunt,la,vexo,suggested,1,
vexasset,la,vexo,suggested,1,
vexatione,la,vexatio,suggested,1,
vexillorum,la,vexillum,suggested,1,
viamq,la,vio,suggested,1,
vibraverit,la,vibro,suggested,1,
vicenas,la,vicenas,suggested,1,
viceprovincial,la,viceprovincial,suggested,1,
viceprovincialem,la,viceprovincialis,suggested,1,
vicerunt,la,vinco,suggested,1,
vices,la,uicis,suggested,1,
vicesimum,la,vicesimus,suggested,1,
vicimoribus,la,vicimor,suggested,1,
viciniam,la,uicinia,suggested,1,
vicinis,la,vicinus,suggested,1,
vicinissimam,la,vicinus,suggested,1,
vicinissimis,la,vicinus,suggested,1,
vicinitatem,la,vicinitas,suggested,1,
vicino,la,vicinus,suggested,1,
vicisse,la,vinco,suggested,1,
vicissent,la,viceo,suggested,1,
vicissitudines,la,vicissitudo,suggested,1,
vicissitudo,la,vicissitudo,suggested,1,
victima,la,victima,suggested,1,
victimas,la,victima,suggested,1,
victitans,la,victito,suggested,1,
victricia,la,victricis,suggested,1,
victum,la,vinco,suggested,1,
vide,la,video,suggested,1,
videant,la,video,suggested,1,
videb,la,video,suggested,1,
videbamur,la,video,suggested,1,
videbant,la,video,suggested,1,
videbantur,la,video,suggested,1,
videbitur,la,video,suggested,1,
videmus,la,uideo,suggested,1,
vidente,la,video,suggested,1,
videor,la,uideo,suggested,1,
viderem,la,video,suggested,1,
viderentur,la,video,suggested,1,
videret,la,video,suggested,1,
viderunt,la,video,suggested,1,
videtis,la,video,suggested,1,
vigilantia,la,vigilantia,suggested,1,
vigiliae,la,vigilia,suggested,1,
vigiliis,la,vigilia,suggested,1,
vigintiquinque,la,vigintiquinque,suggested,1,
viis,la,via,suggested,1,
vili,la,vilis,suggested,1,
vilipendit,la,vilipendo,suggested,1,
vilis,la,vilis,suggested,1,
vilissima,la,vilis,suggested,1,
vilissimo,la,vilis,suggested,1,
vilitate,la,vilitas,suggested,1,
vincti,la,vinco,suggested,1,
vinctos,la,vincio,suggested,1,
vindicandam,la,vindico,suggested,1,
vindicandas,la,vindico,suggested,1,
vindicata,la,vindico,suggested,1,
vineae,la,uinea,suggested,1,
vineolam,la,vineola,suggested,1,
violari,la,violo,suggested,1,
violenter,la,violenter,suggested,1,
violentiae,la,violentia,suggested,1,
violentiam,la,violentia,suggested,1,
violentius,la,violente,suggested,1,
violento,la,violentus,suggested,1,
vique,la,vique,suggested,1,
viribusque,la,viribusque,suggested,1,
viriles,la,virilis,suggested,1,
viris,la,vir,suggested,1,
virorum,la,vir,suggested,1,
virtutem,la,virtus,suggested,1,
virtutemq,la,uirtuts,suggested,1,
virtutis,la,uirtus,suggested,1,
visa,la,video,suggested,1,
visceribus,la,viscera,suggested,1,
viseret,la,viso,suggested,1,
visis,la,video,suggested,1,
visitanda,la,visito,suggested,1,
visitandi,la,visito,suggested,1,
visitantes,la,visito,suggested,1,
visitantium,la,visito,suggested,1,
visitatio,la,visitatio,suggested,1,
visitation,la,visitation,suggested,1,
visitationem,la,visitatio,suggested,1,
visitatus,la,visino,suggested,1,
visitavit,la,visito,suggested,1,
visorum,la,video,suggested,1,
visus,la,video,suggested,1,
viter,la,viter,suggested,1,
vitiis,la,vitium,suggested,1,
vitta,la,vittum,suggested,1,
viv,la,viv,suggested,1,
vivae,la,vivus,suggested,1,
vivamus,la,vivo,suggested,1,
vivant,la,vivo,suggested,1,
viventis,la,vivo,suggested,1,
vivere,la,uiuo,suggested,1,
vivi,la,vivus,suggested,1,
vivitq,la,vivo,suggested,1,
vivo,la,vivus,suggested,1,
vivunt,la,vivo,suggested,1,
vixeram,la,vo,suggested,1,
vixerint,la,vico,suggested,1,
vixit,la,vigo,suggested,1,
voarano,la,Voaranus,suggested,1,
voaranum,la,voaranus,suggested,1,
vocabimus,la,voco,suggested,1,
vocabula,la,vocabulum,suggested,1,
vocantur,la,voco,suggested,1,
vocari,la,voco,suggested,1,
vocat,la,voco,suggested,1,
vocati,la,voco,suggested,1,
vocatos,la,voco,suggested,1,
vocaturque,la,vocaturque,suggested,1,
vocis,la,vox,suggested,1,
voco,la,voco,suggested,1,
vol,la,uol,suggested,1,
volens,la,volo,suggested,1,
volentem,la,volo,suggested,1,
volga,la,uolga,suggested,1,
volitabant,la,volito,suggested,1,
volontarium,la,volontarius,suggested,1,
volucre,la,volucris,suggested,1,
volue,la,uolo,suggested,1,
voluens,la,volo,suggested,1,
voluerit,la,volo,suggested,1,
voluisse,la,volo,suggested,1,
voluissent,la,volo,suggested,1,
voluntaria,la,voluntarius,suggested,1,
voluntatum,la,voluntas,suggested,1,
voluptat,la,uoluptat,suggested,1,
vora,la,vora,suggested,1,
vorant,la,voro,suggested,1,
vos,la,uos,suggested,1,
vovet,la,vovo,suggested,1,
vox,la,vox,suggested,1,
vulgabatur,la,vulgo,suggested,1,
vulgarunt,la,vulgo,suggested,1,
vulgo,la,uulgus,suggested,1,
vulnera,la,vulnus,suggested,1,
vulneratis,la,vulnero,suggested,1,
vulpinam,la,vulpina,suggested,1,
vulpium,la,vulpis,suggested,1,
vultis,la,volo,suggested,1,
vultures,la,vultur,suggested,1,
xanghai,la,xanghai,suggested,1,
xaverii,la,xaverius,suggested,1,
xavier,la,xavier,suggested,1,
xinkio,la,xinkio,suggested,1,
xùn,la,xùn,suggested,1,
xunchi,la,xunchus,suggested,1,
xunchio,la,xunchius,suggested,1,
xunchium,la,xunchius,suggested,1,
xunuang,la,xunuanus,suggested,1,
xxiv,la,xxiv,suggested,1,
yalo,la,yalo,suggested,1,
yangcheu,la,yangcheu,suggested,1,
zelo,la,zelus,suggested,1,
zelus,la,zelus,suggested,1,
zibellinarum,la,zibellina,suggested,1,
zibellinas,la,zibellina,suggested,1,
zus,la,zus,suggested,1,
zuus,la,zuus,suggested,1,
